{
"type": "FeatureCollection",
"name": "malha_voronoi_nivel3",
"crs": { "type": "name", "properties": { "name": "urn:ogc:def:crs:OGC:1.3:CRS84" } },
"features": [
{ "type": "Feature", "properties": { "score_risco": 90, "nivel_risco": "CRÍTICO" }, "geometry": { "type": "Polygon", "coordinates": [ [ [ -50.740144308094649, -23.268006543958268 ], [ -50.734325816789394, -23.27141825 ], [ -50.733508295877286, -23.271909377360611 ], [ -50.733093528036221, -23.272370299468633 ], [ -50.730455911345352, -23.276490458191052 ], [ -50.727390779466809, -23.285441721771406 ], [ -50.729216729466813, -23.286066971771408 ], [ -50.730624131320212, -23.286473294022009 ], [ -50.732064455408178, -23.286740397503657 ], [ -50.733523965022222, -23.286865734787828 ], [ -50.734988740476986, -23.286848110503456 ], [ -50.736444811865567, -23.286687692737477 ], [ -50.737878292293772, -23.28638601143173 ], [ -50.739275510322699, -23.285945943791553 ], [ -50.740623140356448, -23.285371686845203 ], [ -50.741908329731444, -23.284668717415798 ], [ -50.743118821295333, -23.283843739887594 ], [ -50.744243070306275, -23.282904622264677 ], [ -50.745270354537901, -23.281860321131983 ], [ -50.74619087653965, -23.280720796234238 ], [ -50.746995857077394, -23.279496915487538 ], [ -50.747677618863015, -23.278200351329488 ], [ -50.748229659774552, -23.276843469396422 ], [ -50.7486467148684, -23.275439210589443 ], [ -50.748924806592363, -23.274000967654001 ], [ -50.749061282720469, -23.272542457450147 ], [ -50.74905484164789, -23.271077590131625 ], [ -50.748866391647887, -23.267541690131623 ], [ -50.740144308094649, -23.268006543958268 ] ] ] } },
{ "type": "Feature", "properties": { "score_risco": 77, "nivel_risco": "ALTO" }, "geometry": { "type": "Polygon", "coordinates": [ [ [ -50.733674655357305, -23.269240343788979 ], [ -50.733350794779348, -23.269282424661483 ], [ -50.732798689067401, -23.269898232145728 ], [ -50.731340775456083, -23.27278022407123 ], [ -50.730455911345352, -23.276490458191052 ], [ -50.733093528036221, -23.272370299468633 ], [ -50.733310084316329, -23.271288443522277 ], [ -50.733674655357305, -23.269240343788979 ] ] ] } },
{ "type": "Feature", "properties": { "score_risco": 79, "nivel_risco": "ALTO" }, "geometry": { "type": "Polygon", "coordinates": [ [ [ -50.733634046404212, -23.27141825 ], [ -50.733641943377066, -23.27138261974207 ], [ -50.733310084316329, -23.271288443522277 ], [ -50.733093528036221, -23.272370299468633 ], [ -50.733508295877286, -23.271909377360611 ], [ -50.733634046404212, -23.27141825 ] ] ] } },
{ "type": "Feature", "properties": { "score_risco": 74, "nivel_risco": "ALTO" }, "geometry": { "type": "Polygon", "coordinates": [ [ [ -50.734325816789394, -23.27141825 ], [ -50.733634046404212, -23.27141825 ], [ -50.733508295877286, -23.271909377360611 ], [ -50.734325816789394, -23.27141825 ] ] ] } },
{ "type": "Feature", "properties": { "score_risco": 74, "nivel_risco": "ALTO" }, "geometry": { "type": "Polygon", "coordinates": [ [ [ -50.731340775456083, -23.27278022407123 ], [ -50.732798689067401, -23.269898232145728 ], [ -50.731532147582847, -23.270068858829834 ], [ -50.730991869464809, -23.270500799595922 ], [ -50.730977873992231, -23.270639964254677 ], [ -50.731340775456083, -23.27278022407123 ] ] ] } },
{ "type": "Feature", "properties": { "score_risco": 46, "nivel_risco": "MÉDIO" }, "geometry": { "type": "Polygon", "coordinates": [ [ [ -50.734197363841297, -23.269126444092013 ], [ -50.733674655357305, -23.269240343788979 ], [ -50.733310084316329, -23.271288443522277 ], [ -50.733641943377066, -23.27138261974207 ], [ -50.734197363841297, -23.269126444092013 ] ] ] } },
{ "type": "Feature", "properties": { "score_risco": 44, "nivel_risco": "MÉDIO" }, "geometry": { "type": "Polygon", "coordinates": [ [ [ -50.731420887701688, -23.269981471639714 ], [ -50.730945348791352, -23.270044876827868 ], [ -50.730913130422948, -23.270058527241847 ], [ -50.730872508999546, -23.270255923999013 ], [ -50.730902497134537, -23.270321030213907 ], [ -50.730991869464809, -23.270500799595922 ], [ -50.731532147582847, -23.270068858829834 ], [ -50.731420887701688, -23.269981471639714 ] ] ] } },
{ "type": "Feature", "properties": { "score_risco": 31, "nivel_risco": "BAIXO" }, "geometry": { "type": "Polygon", "coordinates": [ [ [ -50.731301266649979, -23.269883596175045 ], [ -50.730945348791352, -23.270044876827868 ], [ -50.731420887701688, -23.269981471639714 ], [ -50.731301266649979, -23.269883596175045 ] ] ] } },
{ "type": "Feature", "properties": { "score_risco": 46, "nivel_risco": "MÉDIO" }, "geometry": { "type": "Polygon", "coordinates": [ [ [ -50.730945348791352, -23.270044876827868 ], [ -50.731301266649979, -23.269883596175045 ], [ -50.731248225938941, -23.26980361812177 ], [ -50.730906285818236, -23.269919591981967 ], [ -50.730913130422948, -23.270058527241847 ], [ -50.730945348791352, -23.270044876827868 ] ] ] } },
{ "type": "Feature", "properties": { "score_risco": 79, "nivel_risco": "ALTO" }, "geometry": { "type": "Polygon", "coordinates": [ [ [ -50.731229761303737, -23.26973585144011 ], [ -50.730889425730368, -23.269868449715439 ], [ -50.730906285818236, -23.269919591981967 ], [ -50.731248225938941, -23.26980361812177 ], [ -50.731229761303737, -23.26973585144011 ] ] ] } },
{ "type": "Feature", "properties": { "score_risco": 34, "nivel_risco": "BAIXO" }, "geometry": { "type": "Polygon", "coordinates": [ [ [ -50.730455911345352, -23.276490458191052 ], [ -50.731340775456083, -23.27278022407123 ], [ -50.730977873992231, -23.270639964254677 ], [ -50.730779851537001, -23.270579901907983 ], [ -50.730296691711843, -23.270547133492727 ], [ -50.73028108892273, -23.270550139173736 ], [ -50.71145143337008, -23.278497349419986 ], [ -50.724234050331994, -23.28428856387546 ], [ -50.725564829466812, -23.284816471771407 ], [ -50.727390779466809, -23.285441721771406 ], [ -50.730455911345352, -23.276490458191052 ] ] ] } },
{ "type": "Feature", "properties": { "score_risco": 15, "nivel_risco": "BAIXO" }, "geometry": { "type": "Polygon", "coordinates": [ [ [ -50.682652558087149, -23.243323733611337 ], [ -50.683852499266692, -23.23585622037583 ], [ -50.683544612421528, -23.234682745961084 ], [ -50.664801042956505, -23.232364844171272 ], [ -50.656011410863911, -23.237942172761588 ], [ -50.65349078707137, -23.252238052619198 ], [ -50.679133902057849, -23.263855765849243 ], [ -50.682652558087149, -23.243323733611337 ] ] ] } },
{ "type": "Feature", "properties": { "score_risco": 25, "nivel_risco": "BAIXO" }, "geometry": { "type": "Polygon", "coordinates": [ [ [ -50.668980554193283, -23.203988754985648 ], [ -50.668695378013311, -23.202592445254641 ], [ -50.667322032911422, -23.201571646625524 ], [ -50.665244671223682, -23.200428869981515 ], [ -50.65637672325056, -23.200126452498026 ], [ -50.662177318237802, -23.209447330229359 ], [ -50.668980554193283, -23.203988754985648 ] ] ] } },
{ "type": "Feature", "properties": { "score_risco": 23, "nivel_risco": "BAIXO" }, "geometry": { "type": "Polygon", "coordinates": [ [ [ -50.656875224437563, -23.195563612968577 ], [ -50.654981362781307, -23.19815290398903 ], [ -50.65637672325056, -23.200126452498026 ], [ -50.665244671223682, -23.200428869981515 ], [ -50.656875224437563, -23.195563612968577 ] ] ] } },
{ "type": "Feature", "properties": { "score_risco": 24, "nivel_risco": "BAIXO" }, "geometry": { "type": "Polygon", "coordinates": [ [ [ -50.667322032911422, -23.201571646625524 ], [ -50.662564521552589, -23.194173360116071 ], [ -50.656879167634926, -23.195292266353906 ], [ -50.656875224437563, -23.195563612968577 ], [ -50.665244671223682, -23.200428869981515 ], [ -50.667322032911422, -23.201571646625524 ] ] ] } },
{ "type": "Feature", "properties": { "score_risco": 63, "nivel_risco": "ALTO" }, "geometry": { "type": "Polygon", "coordinates": [ [ [ -50.667933696354929, -23.191522038637888 ], [ -50.662906413721295, -23.191427197938332 ], [ -50.662564521552589, -23.194173360116071 ], [ -50.667322032911422, -23.201571646625524 ], [ -50.668695378013311, -23.202592445254641 ], [ -50.669715321376948, -23.197890365773031 ], [ -50.667933696354929, -23.191522038637888 ] ] ] } },
{ "type": "Feature", "properties": { "score_risco": 33, "nivel_risco": "BAIXO" }, "geometry": { "type": "Polygon", "coordinates": [ [ [ -50.662594214208873, -23.187221151528863 ], [ -50.661276004790494, -23.186794783645265 ], [ -50.660268570007815, -23.191190862687485 ], [ -50.662017013876991, -23.190973207289094 ], [ -50.662594214208873, -23.187221151528863 ] ] ] } },
{ "type": "Feature", "properties": { "score_risco": 85, "nivel_risco": "CRÍTICO" }, "geometry": { "type": "Polygon", "coordinates": [ [ [ -50.665550404138202, -23.185818868960354 ], [ -50.662594214208873, -23.187221151528863 ], [ -50.662017013876991, -23.190973207289094 ], [ -50.662906413721295, -23.191427197938332 ], [ -50.667933696354929, -23.191522038637888 ], [ -50.668947693365475, -23.187653407801413 ], [ -50.668844798124312, -23.187589901801118 ], [ -50.665550404138202, -23.185818868960354 ] ] ] } },
{ "type": "Feature", "properties": { "score_risco": 83, "nivel_risco": "CRÍTICO" }, "geometry": { "type": "Polygon", "coordinates": [ [ [ -50.664835093161493, -23.184309018711893 ], [ -50.662373332700227, -23.183828302847949 ], [ -50.660690866231079, -23.184338011376024 ], [ -50.660028737740568, -23.185165231228364 ], [ -50.660281348173676, -23.186471575226982 ], [ -50.661276004790494, -23.186794783645265 ], [ -50.662594214208873, -23.187221151528863 ], [ -50.665550404138202, -23.185818868960354 ], [ -50.664835093161493, -23.184309018711893 ] ] ] } },
{ "type": "Feature", "properties": { "score_risco": 32, "nivel_risco": "BAIXO" }, "geometry": { "type": "Polygon", "coordinates": [ [ [ -50.668844798124312, -23.187589901801118 ], [ -50.667203890786375, -23.181079170120153 ], [ -50.66567775, -23.182318450685962 ], [ -50.665190756644982, -23.182729774440009 ], [ -50.664867228407012, -23.183214124989696 ], [ -50.664835093161493, -23.184309018711893 ], [ -50.665550404138202, -23.185818868960354 ], [ -50.668844798124312, -23.187589901801118 ] ] ] } },
{ "type": "Feature", "properties": { "score_risco": 69, "nivel_risco": "ALTO" }, "geometry": { "type": "Polygon", "coordinates": [ [ [ -50.730245129618559, -23.270221294423457 ], [ -50.729108477678061, -23.269418217131332 ], [ -50.71752509931882, -23.269268754184772 ], [ -50.697710055635426, -23.272271764658104 ], [ -50.71145143337008, -23.278497349419986 ], [ -50.73028108892273, -23.270550139173736 ], [ -50.730381541805578, -23.27036492917097 ], [ -50.73034758453371, -23.270316866570791 ], [ -50.730245129618559, -23.270221294423457 ] ] ] } },
{ "type": "Feature", "properties": { "score_risco": 72, "nivel_risco": "ALTO" }, "geometry": { "type": "Polygon", "coordinates": [ [ [ -50.730465564168838, -23.270412488116641 ], [ -50.730296691711843, -23.270547133492727 ], [ -50.730779851537001, -23.270579901907983 ], [ -50.730465564168838, -23.270412488116641 ] ] ] } },
{ "type": "Feature", "properties": { "score_risco": 89, "nivel_risco": "CRÍTICO" }, "geometry": { "type": "Polygon", "coordinates": [ [ [ -50.730977873992231, -23.270639964254677 ], [ -50.730991869464809, -23.270500799595922 ], [ -50.730902497134537, -23.270321030213907 ], [ -50.730487585793711, -23.270333442091644 ], [ -50.730462758727747, -23.27035752135442 ], [ -50.730453319332923, -23.27039419498405 ], [ -50.730465564168838, -23.270412488116641 ], [ -50.730779851537001, -23.270579901907983 ], [ -50.730977873992231, -23.270639964254677 ] ] ] } },
{ "type": "Feature", "properties": { "score_risco": 29, "nivel_risco": "BAIXO" }, "geometry": { "type": "Polygon", "coordinates": [ [ [ -50.730381541805578, -23.27036492917097 ], [ -50.73028108892273, -23.270550139173736 ], [ -50.730296691711843, -23.270547133492727 ], [ -50.730465564168838, -23.270412488116641 ], [ -50.730453319332923, -23.27039419498405 ], [ -50.730381541805578, -23.27036492917097 ] ] ] } },
{ "type": "Feature", "properties": { "score_risco": 19, "nivel_risco": "BAIXO" }, "geometry": { "type": "Polygon", "coordinates": [ [ [ -50.730462758727747, -23.27035752135442 ], [ -50.730449426405087, -23.270304408849533 ], [ -50.73034758453371, -23.270316866570791 ], [ -50.730381541805578, -23.27036492917097 ], [ -50.730453319332923, -23.27039419498405 ], [ -50.730462758727747, -23.27035752135442 ] ] ] } },
{ "type": "Feature", "properties": { "score_risco": 34, "nivel_risco": "BAIXO" }, "geometry": { "type": "Polygon", "coordinates": [ [ [ -50.730482887024245, -23.270295150248671 ], [ -50.730453440682645, -23.27029397959901 ], [ -50.730449426405087, -23.270304408849533 ], [ -50.730462758727747, -23.27035752135442 ], [ -50.730487585793711, -23.270333442091644 ], [ -50.730494546460264, -23.270311068520595 ], [ -50.730482887024245, -23.270295150248671 ] ] ] } },
{ "type": "Feature", "properties": { "score_risco": 22, "nivel_risco": "BAIXO" }, "geometry": { "type": "Polygon", "coordinates": [ [ [ -50.730788477072977, -23.270214570545832 ], [ -50.730494546460264, -23.270311068520595 ], [ -50.730487585793711, -23.270333442091644 ], [ -50.730902497134537, -23.270321030213907 ], [ -50.730872508999546, -23.270255923999013 ], [ -50.730788477072977, -23.270214570545832 ] ] ] } },
{ "type": "Feature", "properties": { "score_risco": 84, "nivel_risco": "CRÍTICO" }, "geometry": { "type": "Polygon", "coordinates": [ [ [ -50.73034758453371, -23.270316866570791 ], [ -50.730449426405087, -23.270304408849533 ], [ -50.730453440682645, -23.27029397959901 ], [ -50.730447986106611, -23.270269899641384 ], [ -50.730245129618559, -23.270221294423457 ], [ -50.73034758453371, -23.270316866570791 ] ] ] } },
{ "type": "Feature", "properties": { "score_risco": 86, "nivel_risco": "CRÍTICO" }, "geometry": { "type": "Polygon", "coordinates": [ [ [ -50.730614318744728, -23.27011853887424 ], [ -50.730482887024245, -23.270295150248671 ], [ -50.730494546460264, -23.270311068520595 ], [ -50.730788477072977, -23.270214570545832 ], [ -50.730614318744728, -23.27011853887424 ] ] ] } },
{ "type": "Feature", "properties": { "score_risco": 61, "nivel_risco": "ALTO" }, "geometry": { "type": "Polygon", "coordinates": [ [ [ -50.730595731984501, -23.270106682990967 ], [ -50.730447986106611, -23.270269899641384 ], [ -50.730453440682645, -23.27029397959901 ], [ -50.730482887024245, -23.270295150248671 ], [ -50.730614318744728, -23.27011853887424 ], [ -50.730595731984501, -23.270106682990967 ] ] ] } },
{ "type": "Feature", "properties": { "score_risco": 57, "nivel_risco": "MÉDIO" }, "geometry": { "type": "Polygon", "coordinates": [ [ [ -50.731093469762612, -23.269672620269954 ], [ -50.730862906414899, -23.269741720517803 ], [ -50.73085224039928, -23.269769817236803 ], [ -50.730889425730368, -23.269868449715439 ], [ -50.731229761303737, -23.26973585144011 ], [ -50.73122898198389, -23.269732319240092 ], [ -50.731093469762612, -23.269672620269954 ] ] ] } },
{ "type": "Feature", "properties": { "score_risco": 77, "nivel_risco": "ALTO" }, "geometry": { "type": "Polygon", "coordinates": [ [ [ -50.735819715199703, -23.268649809627316 ], [ -50.734197363841297, -23.269126444092013 ], [ -50.733641943377066, -23.27138261974207 ], [ -50.733634046404212, -23.27141825 ], [ -50.734325816789394, -23.27141825 ], [ -50.740144308094649, -23.268006543958268 ], [ -50.737957895429979, -23.268041381783767 ], [ -50.735819715199703, -23.268649809627316 ] ] ] } },
{ "type": "Feature", "properties": { "score_risco": 60, "nivel_risco": "ALTO" }, "geometry": { "type": "Polygon", "coordinates": [ [ [ -50.731539812268942, -23.269215737370189 ], [ -50.731058694016902, -23.269239606145938 ], [ -50.731093469762612, -23.269672620269954 ], [ -50.73122898198389, -23.269732319240092 ], [ -50.731539812268942, -23.269215737370189 ] ] ] } },
{ "type": "Feature", "properties": { "score_risco": 57, "nivel_risco": "MÉDIO" }, "geometry": { "type": "Polygon", "coordinates": [ [ [ -50.733350794779348, -23.269282424661483 ], [ -50.732587883237493, -23.26887381441195 ], [ -50.731539812268942, -23.269215737370189 ], [ -50.73122898198389, -23.269732319240092 ], [ -50.731229761303737, -23.26973585144011 ], [ -50.731248225938941, -23.26980361812177 ], [ -50.731301266649979, -23.269883596175045 ], [ -50.731420887701688, -23.269981471639714 ], [ -50.731532147582847, -23.270068858829834 ], [ -50.732798689067401, -23.269898232145728 ], [ -50.733350794779348, -23.269282424661483 ] ] ] } },
{ "type": "Feature", "properties": { "score_risco": 70, "nivel_risco": "ALTO" }, "geometry": { "type": "Polygon", "coordinates": [ [ [ -50.730776292443068, -23.269190510528517 ], [ -50.730862906414899, -23.269741720517803 ], [ -50.731093469762612, -23.269672620269954 ], [ -50.731058694016902, -23.269239606145938 ], [ -50.730776292443068, -23.269190510528517 ] ] ] } },
{ "type": "Feature", "properties": { "score_risco": 24, "nivel_risco": "BAIXO" }, "geometry": { "type": "Polygon", "coordinates": [ [ [ -50.732569115391534, -23.268854766051042 ], [ -50.731863737514907, -23.268765684407676 ], [ -50.731037153329964, -23.268735404652833 ], [ -50.730796499100087, -23.268880943163282 ], [ -50.730674857587367, -23.269128934308299 ], [ -50.730776292443068, -23.269190510528517 ], [ -50.731058694016902, -23.269239606145938 ], [ -50.731539812268942, -23.269215737370189 ], [ -50.732587883237493, -23.26887381441195 ], [ -50.732569115391534, -23.268854766051042 ] ] ] } },
{ "type": "Feature", "properties": { "score_risco": 61, "nivel_risco": "ALTO" }, "geometry": { "type": "Polygon", "coordinates": [ [ [ -50.730796499100087, -23.268880943163282 ], [ -50.731037153329964, -23.268735404652833 ], [ -50.731040693024191, -23.268547335109595 ], [ -50.730797518267586, -23.268493167118876 ], [ -50.730766427268748, -23.268648876957318 ], [ -50.730796499100087, -23.268880943163282 ] ] ] } },
{ "type": "Feature", "properties": { "score_risco": 76, "nivel_risco": "ALTO" }, "geometry": { "type": "Polygon", "coordinates": [ [ [ -50.731075324847616, -23.268490275666196 ], [ -50.731040693024191, -23.268547335109595 ], [ -50.731037153329964, -23.268735404652833 ], [ -50.731863737514907, -23.268765684407676 ], [ -50.731075324847616, -23.268490275666196 ] ] ] } },
{ "type": "Feature", "properties": { "score_risco": 23, "nivel_risco": "BAIXO" }, "geometry": { "type": "Polygon", "coordinates": [ [ [ -50.731367836663054, -23.268207527882264 ], [ -50.731071374868648, -23.268437696006036 ], [ -50.731075324847616, -23.268490275666196 ], [ -50.731863737514907, -23.268765684407676 ], [ -50.732569115391534, -23.268854766051042 ], [ -50.732385633104997, -23.268600288459744 ], [ -50.732073027532572, -23.268229720176311 ], [ -50.731688484541543, -23.268102259984911 ], [ -50.731367836663054, -23.268207527882264 ] ] ] } },
{ "type": "Feature", "properties": { "score_risco": 12, "nivel_risco": "BAIXO" }, "geometry": { "type": "Polygon", "coordinates": [ [ [ -50.730998767128995, -23.268381832889652 ], [ -50.730795855481617, -23.268480627576988 ], [ -50.730797518267586, -23.268493167118876 ], [ -50.731040693024191, -23.268547335109595 ], [ -50.731075324847616, -23.268490275666196 ], [ -50.731071374868648, -23.268437696006036 ], [ -50.730998767128995, -23.268381832889652 ] ] ] } },
{ "type": "Feature", "properties": { "score_risco": 58, "nivel_risco": "MÉDIO" }, "geometry": { "type": "Polygon", "coordinates": [ [ [ -50.730913130422948, -23.270058527241847 ], [ -50.730906285818236, -23.269919591981967 ], [ -50.730889425730368, -23.269868449715439 ], [ -50.73085224039928, -23.269769817236803 ], [ -50.730261217166763, -23.26982205102285 ], [ -50.730595731984501, -23.270106682990967 ], [ -50.730614318744728, -23.27011853887424 ], [ -50.730788477072977, -23.270214570545832 ], [ -50.730872508999546, -23.270255923999013 ], [ -50.730913130422948, -23.270058527241847 ] ] ] } },
{ "type": "Feature", "properties": { "score_risco": 35, "nivel_risco": "BAIXO" }, "geometry": { "type": "Polygon", "coordinates": [ [ [ -50.730261217166763, -23.26982205102285 ], [ -50.729238403748155, -23.269412004969887 ], [ -50.729108477678061, -23.269418217131332 ], [ -50.730245129618559, -23.270221294423457 ], [ -50.730447986106611, -23.270269899641384 ], [ -50.730595731984501, -23.270106682990967 ], [ -50.730261217166763, -23.26982205102285 ] ] ] } },
{ "type": "Feature", "properties": { "score_risco": 53, "nivel_risco": "MÉDIO" }, "geometry": { "type": "Polygon", "coordinates": [ [ [ -50.730674857587367, -23.269128934308299 ], [ -50.730042519584664, -23.269188141986451 ], [ -50.729238403748155, -23.269412004969887 ], [ -50.730261217166763, -23.26982205102285 ], [ -50.73085224039928, -23.269769817236803 ], [ -50.730862906414899, -23.269741720517803 ], [ -50.730776292443068, -23.269190510528517 ], [ -50.730674857587367, -23.269128934308299 ] ] ] } },
{ "type": "Feature", "properties": { "score_risco": 47, "nivel_risco": "MÉDIO" }, "geometry": { "type": "Polygon", "coordinates": [ [ [ -50.730766427268748, -23.268648876957318 ], [ -50.730489572042863, -23.268515222710352 ], [ -50.730042519584664, -23.269188141986451 ], [ -50.730674857587367, -23.269128934308299 ], [ -50.730796499100087, -23.268880943163282 ], [ -50.730766427268748, -23.268648876957318 ] ] ] } },
{ "type": "Feature", "properties": { "score_risco": 68, "nivel_risco": "ALTO" }, "geometry": { "type": "Polygon", "coordinates": [ [ [ -50.730501557992355, -23.268430354107057 ], [ -50.72994789124386, -23.268230814163246 ], [ -50.721741352546921, -23.268302596336561 ], [ -50.71752509931882, -23.269268754184772 ], [ -50.729108477678061, -23.269418217131332 ], [ -50.729238403748155, -23.269412004969887 ], [ -50.730042519584664, -23.269188141986451 ], [ -50.730489572042863, -23.268515222710352 ], [ -50.730502805175121, -23.268433264541773 ], [ -50.730501557992355, -23.268430354107057 ] ] ] } },
{ "type": "Feature", "properties": { "score_risco": 49, "nivel_risco": "MÉDIO" }, "geometry": { "type": "Polygon", "coordinates": [ [ [ -50.730795855481617, -23.268480627576988 ], [ -50.730768893618531, -23.268436765705509 ], [ -50.730502805175121, -23.268433264541773 ], [ -50.730489572042863, -23.268515222710352 ], [ -50.730766427268748, -23.268648876957318 ], [ -50.730797518267586, -23.268493167118876 ], [ -50.730795855481617, -23.268480627576988 ] ] ] } },
{ "type": "Feature", "properties": { "score_risco": 39, "nivel_risco": "BAIXO" }, "geometry": { "type": "Polygon", "coordinates": [ [ [ -50.730769095800795, -23.268403001267099 ], [ -50.730588985607881, -23.2682145188483 ], [ -50.730552345530597, -23.268202271889869 ], [ -50.730501557992355, -23.268430354107057 ], [ -50.730502805175121, -23.268433264541773 ], [ -50.730768893618531, -23.268436765705509 ], [ -50.730769095800795, -23.268403001267099 ] ] ] } },
{ "type": "Feature", "properties": { "score_risco": 25, "nivel_risco": "BAIXO" }, "geometry": { "type": "Polygon", "coordinates": [ [ [ -50.730814336184544, -23.268308075830326 ], [ -50.730802365107529, -23.268190827681803 ], [ -50.730588985607881, -23.2682145188483 ], [ -50.730769095800795, -23.268403001267099 ], [ -50.730814336184544, -23.268308075830326 ] ] ] } },
{ "type": "Feature", "properties": { "score_risco": 41, "nivel_risco": "MÉDIO" }, "geometry": { "type": "Polygon", "coordinates": [ [ [ -50.730503302832737, -23.268116403536329 ], [ -50.72994789124386, -23.268230814163246 ], [ -50.730501557992355, -23.268430354107057 ], [ -50.730552345530597, -23.268202271889869 ], [ -50.730503302832737, -23.268116403536329 ] ] ] } },
{ "type": "Feature", "properties": { "score_risco": 88, "nivel_risco": "CRÍTICO" }, "geometry": { "type": "Polygon", "coordinates": [ [ [ -50.730952814639537, -23.268142347290699 ], [ -50.730855754721105, -23.268105596447796 ], [ -50.730802365107529, -23.268190827681803 ], [ -50.730814336184544, -23.268308075830326 ], [ -50.730944914362098, -23.268297933835953 ], [ -50.730962580594877, -23.268155045188486 ], [ -50.730952814639537, -23.268142347290699 ] ] ] } },
{ "type": "Feature", "properties": { "score_risco": 76, "nivel_risco": "ALTO" }, "geometry": { "type": "Polygon", "coordinates": [ [ [ -50.730993992678542, -23.268353929230553 ], [ -50.730944914362098, -23.268297933835953 ], [ -50.730814336184544, -23.268308075830326 ], [ -50.730769095800795, -23.268403001267099 ], [ -50.730768893618531, -23.268436765705509 ], [ -50.730795855481617, -23.268480627576988 ], [ -50.730998767128995, -23.268381832889652 ], [ -50.730993992678542, -23.268353929230553 ] ] ] } },
{ "type": "Feature", "properties": { "score_risco": 14, "nivel_risco": "BAIXO" }, "geometry": { "type": "Polygon", "coordinates": [ [ [ -50.731367836663054, -23.268207527882264 ], [ -50.731102445947741, -23.268217446653605 ], [ -50.730993992678542, -23.268353929230553 ], [ -50.730998767128995, -23.268381832889652 ], [ -50.731071374868648, -23.268437696006036 ], [ -50.731367836663054, -23.268207527882264 ] ] ] } },
{ "type": "Feature", "properties": { "score_risco": 92, "nivel_risco": "CRÍTICO" }, "geometry": { "type": "Polygon", "coordinates": [ [ [ -50.735819715199703, -23.268649809627316 ], [ -50.732564484551098, -23.267358528096835 ], [ -50.732545056089712, -23.267358288027584 ], [ -50.732385633104997, -23.268600288459744 ], [ -50.732569115391534, -23.268854766051042 ], [ -50.732587883237493, -23.26887381441195 ], [ -50.733350794779348, -23.269282424661483 ], [ -50.733674655357305, -23.269240343788979 ], [ -50.734197363841297, -23.269126444092013 ], [ -50.735819715199703, -23.268649809627316 ] ] ] } },
{ "type": "Feature", "properties": { "score_risco": 60, "nivel_risco": "ALTO" }, "geometry": { "type": "Polygon", "coordinates": [ [ [ -50.730962580594877, -23.268155045188486 ], [ -50.730944914362098, -23.268297933835953 ], [ -50.730993992678542, -23.268353929230553 ], [ -50.731102445947741, -23.268217446653605 ], [ -50.730962580594877, -23.268155045188486 ] ] ] } },
{ "type": "Feature", "properties": { "score_risco": 33, "nivel_risco": "BAIXO" }, "geometry": { "type": "Polygon", "coordinates": [ [ [ -50.731688484541543, -23.268102259984911 ], [ -50.73140890406161, -23.267903474198242 ], [ -50.73102898944294, -23.268066004516388 ], [ -50.730952814639537, -23.268142347290699 ], [ -50.730962580594877, -23.268155045188486 ], [ -50.731102445947741, -23.268217446653605 ], [ -50.731367836663054, -23.268207527882264 ], [ -50.731688484541543, -23.268102259984911 ] ] ] } },
{ "type": "Feature", "properties": { "score_risco": 17, "nivel_risco": "BAIXO" }, "geometry": { "type": "Polygon", "coordinates": [ [ [ -50.732447664957171, -23.26715928078568 ], [ -50.732398252405559, -23.267149495141133 ], [ -50.731945554024854, -23.267245835773036 ], [ -50.732073027532572, -23.268229720176311 ], [ -50.732385633104997, -23.268600288459744 ], [ -50.732545056089712, -23.267358288027584 ], [ -50.732447664957171, -23.26715928078568 ] ] ] } },
{ "type": "Feature", "properties": { "score_risco": 38, "nivel_risco": "BAIXO" }, "geometry": { "type": "Polygon", "coordinates": [ [ [ -50.737957895429979, -23.268041381783767 ], [ -50.734599934997718, -23.26666626830027 ], [ -50.732564484551098, -23.267358528096835 ], [ -50.735819715199703, -23.268649809627316 ], [ -50.737957895429979, -23.268041381783767 ] ] ] } },
{ "type": "Feature", "properties": { "score_risco": 59, "nivel_risco": "MÉDIO" }, "geometry": { "type": "Polygon", "coordinates": [ [ [ -50.730708830097711, -23.267221690584773 ], [ -50.730702982907154, -23.267415507754187 ], [ -50.73102898944294, -23.268066004516388 ], [ -50.73140890406161, -23.267903474198242 ], [ -50.730708830097711, -23.267221690584773 ] ] ] } },
{ "type": "Feature", "properties": { "score_risco": 96, "nivel_risco": "CRÍTICO" }, "geometry": { "type": "Polygon", "coordinates": [ [ [ -50.731272881648607, -23.26637741181796 ], [ -50.730336835904872, -23.266303407303514 ], [ -50.730708830097711, -23.267221690584773 ], [ -50.73140890406161, -23.267903474198242 ], [ -50.731688484541543, -23.268102259984911 ], [ -50.732073027532572, -23.268229720176311 ], [ -50.731945554024854, -23.267245835773036 ], [ -50.731325116392362, -23.266381749448193 ], [ -50.731272881648607, -23.26637741181796 ] ] ] } },
{ "type": "Feature", "properties": { "score_risco": 78, "nivel_risco": "ALTO" }, "geometry": { "type": "Polygon", "coordinates": [ [ [ -50.734490966352787, -23.266619712617704 ], [ -50.732447664957171, -23.26715928078568 ], [ -50.732545056089712, -23.267358288027584 ], [ -50.732564484551098, -23.267358528096835 ], [ -50.734599934997718, -23.26666626830027 ], [ -50.734490966352787, -23.266619712617704 ] ] ] } },
{ "type": "Feature", "properties": { "score_risco": 50, "nivel_risco": "MÉDIO" }, "geometry": { "type": "Polygon", "coordinates": [ [ [ -50.730685254935622, -23.267683458216414 ], [ -50.730503302832737, -23.268116403536329 ], [ -50.730552345530597, -23.268202271889869 ], [ -50.730588985607881, -23.2682145188483 ], [ -50.730802365107529, -23.268190827681803 ], [ -50.730855754721105, -23.268105596447796 ], [ -50.730685254935622, -23.267683458216414 ] ] ] } },
{ "type": "Feature", "properties": { "score_risco": 30, "nivel_risco": "BAIXO" }, "geometry": { "type": "Polygon", "coordinates": [ [ [ -50.730685254935622, -23.267683458216414 ], [ -50.730855754721105, -23.268105596447796 ], [ -50.730952814639537, -23.268142347290699 ], [ -50.73102898944294, -23.268066004516388 ], [ -50.730702982907154, -23.267415507754187 ], [ -50.730685254935622, -23.267683458216414 ] ] ] } },
{ "type": "Feature", "properties": { "score_risco": 92, "nivel_risco": "CRÍTICO" }, "geometry": { "type": "Polygon", "coordinates": [ [ [ -50.721741352546921, -23.268302596336561 ], [ -50.72994789124386, -23.268230814163246 ], [ -50.730503302832737, -23.268116403536329 ], [ -50.730685254935622, -23.267683458216414 ], [ -50.730702982907154, -23.267415507754187 ], [ -50.730708830097711, -23.267221690584773 ], [ -50.730336835904872, -23.266303407303514 ], [ -50.730030186340755, -23.266152456604633 ], [ -50.721741352546921, -23.268302596336561 ] ] ] } },
{ "type": "Feature", "properties": { "score_risco": 86, "nivel_risco": "CRÍTICO" }, "geometry": { "type": "Polygon", "coordinates": [ [ [ -50.730656381933365, -23.264563501144103 ], [ -50.730030186340755, -23.266152456604633 ], [ -50.730336835904872, -23.266303407303514 ], [ -50.731272881648607, -23.26637741181796 ], [ -50.731715672156845, -23.265187412328618 ], [ -50.730656381933365, -23.264563501144103 ] ] ] } },
{ "type": "Feature", "properties": { "score_risco": 93, "nivel_risco": "CRÍTICO" }, "geometry": { "type": "Polygon", "coordinates": [ [ [ -50.710930994629365, -23.244056304349677 ], [ -50.713700924418553, -23.238806510552433 ], [ -50.685126666633543, -23.23403622636225 ], [ -50.682652558087149, -23.243323733611337 ], [ -50.679133902057849, -23.263855765849243 ], [ -50.693636478467056, -23.270426214638636 ], [ -50.710930994629365, -23.244056304349677 ] ] ] } },
{ "type": "Feature", "properties": { "score_risco": 49, "nivel_risco": "MÉDIO" }, "geometry": { "type": "Polygon", "coordinates": [ [ [ -50.732610327619241, -23.263737907687219 ], [ -50.732308682659564, -23.261922001371456 ], [ -50.72805908119539, -23.25963912321269 ], [ -50.730736521687263, -23.264279128699304 ], [ -50.73175164929259, -23.264062221091326 ], [ -50.732610327619241, -23.263737907687219 ] ] ] } },
{ "type": "Feature", "properties": { "score_risco": 25, "nivel_risco": "BAIXO" }, "geometry": { "type": "Polygon", "coordinates": [ [ [ -50.710930994629365, -23.244056304349677 ], [ -50.693636478467056, -23.270426214638636 ], [ -50.697710055635426, -23.272271764658104 ], [ -50.71752509931882, -23.269268754184772 ], [ -50.721741352546921, -23.268302596336561 ], [ -50.730030186340755, -23.266152456604633 ], [ -50.730656381933365, -23.264563501144103 ], [ -50.73072323235796, -23.264338125158115 ], [ -50.730736521687263, -23.264279128699304 ], [ -50.72805908119539, -23.25963912321269 ], [ -50.710930994629365, -23.244056304349677 ] ] ] } },
{ "type": "Feature", "properties": { "score_risco": 35, "nivel_risco": "BAIXO" }, "geometry": { "type": "Polygon", "coordinates": [ [ [ -50.682652558087149, -23.243323733611337 ], [ -50.685126666633543, -23.23403622636225 ], [ -50.685058798865008, -23.234019686613482 ], [ -50.684335212533398, -23.234948076420519 ], [ -50.683852499266692, -23.23585622037583 ], [ -50.682652558087149, -23.243323733611337 ] ] ] } },
{ "type": "Feature", "properties": { "score_risco": 38, "nivel_risco": "BAIXO" }, "geometry": { "type": "Polygon", "coordinates": [ [ [ -50.683852499266692, -23.23585622037583 ], [ -50.684335212533398, -23.234948076420519 ], [ -50.683681873593962, -23.234438926268865 ], [ -50.683544612421528, -23.234682745961084 ], [ -50.683852499266692, -23.23585622037583 ] ] ] } },
{ "type": "Feature", "properties": { "score_risco": 59, "nivel_risco": "MÉDIO" }, "geometry": { "type": "Polygon", "coordinates": [ [ [ -50.683681873593962, -23.234438926268865 ], [ -50.684335212533398, -23.234948076420519 ], [ -50.685058798865008, -23.234019686613482 ], [ -50.684049447003062, -23.233290259365429 ], [ -50.683681873593962, -23.234438926268865 ] ] ] } },
{ "type": "Feature", "properties": { "score_risco": 44, "nivel_risco": "MÉDIO" }, "geometry": { "type": "Polygon", "coordinates": [ [ [ -50.732644691839695, -23.265851805846879 ], [ -50.732606745025763, -23.265855881893675 ], [ -50.731325116392362, -23.266381749448193 ], [ -50.731945554024854, -23.267245835773036 ], [ -50.732398252405559, -23.267149495141133 ], [ -50.732644691839695, -23.265851805846879 ] ] ] } },
{ "type": "Feature", "properties": { "score_risco": 44, "nivel_risco": "MÉDIO" }, "geometry": { "type": "Polygon", "coordinates": [ [ [ -50.732961441286143, -23.265788825075663 ], [ -50.732644691839695, -23.265851805846879 ], [ -50.732398252405559, -23.267149495141133 ], [ -50.732447664957171, -23.26715928078568 ], [ -50.734490966352787, -23.266619712617704 ], [ -50.732961441286143, -23.265788825075663 ] ] ] } },
{ "type": "Feature", "properties": { "score_risco": 60, "nivel_risco": "ALTO" }, "geometry": { "type": "Polygon", "coordinates": [ [ [ -50.732319787389578, -23.265542017576823 ], [ -50.7317452525402, -23.265203205113426 ], [ -50.731715672156845, -23.265187412328618 ], [ -50.731272881648607, -23.26637741181796 ], [ -50.731325116392362, -23.266381749448193 ], [ -50.732606745025763, -23.265855881893675 ], [ -50.732319787389578, -23.265542017576823 ] ] ] } },
{ "type": "Feature", "properties": { "score_risco": 11, "nivel_risco": "BAIXO" }, "geometry": { "type": "Polygon", "coordinates": [ [ [ -50.732952727649476, -23.26561783763356 ], [ -50.731945219307107, -23.264713663480865 ], [ -50.731968963134982, -23.264800185852202 ], [ -50.732085596258003, -23.26518600885619 ], [ -50.732319787389578, -23.265542017576823 ], [ -50.732606745025763, -23.265855881893675 ], [ -50.732644691839695, -23.265851805846879 ], [ -50.732961441286143, -23.265788825075663 ], [ -50.732952727649476, -23.26561783763356 ] ] ] } },
{ "type": "Feature", "properties": { "score_risco": 88, "nivel_risco": "CRÍTICO" }, "geometry": { "type": "Polygon", "coordinates": [ [ [ -50.731836473035138, -23.265030603417156 ], [ -50.731821788253491, -23.265022495790351 ], [ -50.7317452525402, -23.265203205113426 ], [ -50.732319787389578, -23.265542017576823 ], [ -50.732085596258003, -23.26518600885619 ], [ -50.731836473035138, -23.265030603417156 ] ] ] } },
{ "type": "Feature", "properties": { "score_risco": 57, "nivel_risco": "MÉDIO" }, "geometry": { "type": "Polygon", "coordinates": [ [ [ -50.732085596258003, -23.26518600885619 ], [ -50.731968963134982, -23.264800185852202 ], [ -50.731836473035138, -23.265030603417156 ], [ -50.732085596258003, -23.26518600885619 ] ] ] } },
{ "type": "Feature", "properties": { "score_risco": 74, "nivel_risco": "ALTO" }, "geometry": { "type": "Polygon", "coordinates": [ [ [ -50.73072323235796, -23.264338125158115 ], [ -50.730656381933365, -23.264563501144103 ], [ -50.731715672156845, -23.265187412328618 ], [ -50.7317452525402, -23.265203205113426 ], [ -50.731821788253491, -23.265022495790351 ], [ -50.73072323235796, -23.264338125158115 ] ] ] } },
{ "type": "Feature", "properties": { "score_risco": 47, "nivel_risco": "MÉDIO" }, "geometry": { "type": "Polygon", "coordinates": [ [ [ -50.732874070260934, -23.263915443697233 ], [ -50.732610327619241, -23.263737907687219 ], [ -50.73175164929259, -23.264062221091326 ], [ -50.731945219307107, -23.264713663480865 ], [ -50.732952727649476, -23.26561783763356 ], [ -50.732874070260934, -23.263915443697233 ] ] ] } },
{ "type": "Feature", "properties": { "score_risco": 99, "nivel_risco": "CRÍTICO" }, "geometry": { "type": "Polygon", "coordinates": [ [ [ -50.731945219307107, -23.264713663480865 ], [ -50.73175164929259, -23.264062221091326 ], [ -50.730736521687263, -23.264279128699304 ], [ -50.73072323235796, -23.264338125158115 ], [ -50.731821788253491, -23.265022495790351 ], [ -50.731836473035138, -23.265030603417156 ], [ -50.731968963134982, -23.264800185852202 ], [ -50.731945219307107, -23.264713663480865 ] ] ] } },
{ "type": "Feature", "properties": { "score_risco": 34, "nivel_risco": "BAIXO" }, "geometry": { "type": "Polygon", "coordinates": [ [ [ -50.732874070260934, -23.263915443697233 ], [ -50.732952727649476, -23.26561783763356 ], [ -50.732961441286143, -23.265788825075663 ], [ -50.734490966352787, -23.266619712617704 ], [ -50.734599934997718, -23.26666626830027 ], [ -50.737957895429979, -23.268041381783767 ], [ -50.740144308094649, -23.268006543958268 ], [ -50.748866391647887, -23.267541690131623 ], [ -50.748677941647884, -23.264005790131623 ], [ -50.748609027419178, -23.263161831346491 ], [ -50.748502427419176, -23.262194031346489 ], [ -50.732874070260934, -23.263915443697233 ] ] ] } },
{ "type": "Feature", "properties": { "score_risco": 17, "nivel_risco": "BAIXO" }, "geometry": { "type": "Polygon", "coordinates": [ [ [ -50.684049447003062, -23.233290259365429 ], [ -50.677182492511101, -23.224250795934733 ], [ -50.664801042956505, -23.232364844171272 ], [ -50.683544612421528, -23.234682745961084 ], [ -50.683681873593962, -23.234438926268865 ], [ -50.684049447003062, -23.233290259365429 ] ] ] } },
{ "type": "Feature", "properties": { "score_risco": 32, "nivel_risco": "BAIXO" }, "geometry": { "type": "Polygon", "coordinates": [ [ [ -50.715369237483316, -23.235936454568648 ], [ -50.704793427793888, -23.219779022384685 ], [ -50.697802907448491, -23.210854767393911 ], [ -50.691817903358192, -23.212258396447421 ], [ -50.677182492511101, -23.224250795934733 ], [ -50.684049447003062, -23.233290259365429 ], [ -50.685058798865008, -23.234019686613482 ], [ -50.685126666633543, -23.23403622636225 ], [ -50.713700924418553, -23.238806510552433 ], [ -50.715369237483316, -23.235936454568648 ] ] ] } },
{ "type": "Feature", "properties": { "score_risco": 72, "nivel_risco": "ALTO" }, "geometry": { "type": "Polygon", "coordinates": [ [ [ -50.668980554193283, -23.203988754985648 ], [ -50.662177318237802, -23.209447330229359 ], [ -50.651564622407626, -23.222495657696467 ], [ -50.656011410863911, -23.237942172761588 ], [ -50.664801042956505, -23.232364844171272 ], [ -50.677182492511101, -23.224250795934733 ], [ -50.691817903358192, -23.212258396447421 ], [ -50.668980554193283, -23.203988754985648 ] ] ] } },
{ "type": "Feature", "properties": { "score_risco": 67, "nivel_risco": "ALTO" }, "geometry": { "type": "Polygon", "coordinates": [ [ [ -50.723559317218509, -23.205566366579475 ], [ -50.727052560786397, -23.205366761835027 ], [ -50.725208089497549, -23.20363393636757 ], [ -50.725154984913928, -23.20361912980848 ], [ -50.724901904667014, -23.203584199187635 ], [ -50.723858848420385, -23.204172103617655 ], [ -50.723559317218509, -23.205566366579475 ] ] ] } },
{ "type": "Feature", "properties": { "score_risco": 26, "nivel_risco": "BAIXO" }, "geometry": { "type": "Polygon", "coordinates": [ [ [ -50.723858848420385, -23.204172103617655 ], [ -50.723889252678184, -23.204019020918743 ], [ -50.72279853630107, -23.202649187479437 ], [ -50.722555919262781, -23.202621371186677 ], [ -50.723232610912532, -23.205669348035087 ], [ -50.723559317218509, -23.205566366579475 ], [ -50.723858848420385, -23.204172103617655 ] ] ] } },
{ "type": "Feature", "properties": { "score_risco": 24, "nivel_risco": "BAIXO" }, "geometry": { "type": "Polygon", "coordinates": [ [ [ -50.723858848420385, -23.204172103617655 ], [ -50.724901904667014, -23.203584199187635 ], [ -50.72412429675768, -23.203464091662742 ], [ -50.723889252678184, -23.204019020918743 ], [ -50.723858848420385, -23.204172103617655 ] ] ] } },
{ "type": "Feature", "properties": { "score_risco": 70, "nivel_risco": "ALTO" }, "geometry": { "type": "Polygon", "coordinates": [ [ [ -50.697802907448491, -23.210854767393911 ], [ -50.704793427793888, -23.219779022384685 ], [ -50.723232610912532, -23.205669348035087 ], [ -50.722555919262781, -23.202621371186677 ], [ -50.701512315329175, -23.187741773542367 ], [ -50.697802907448491, -23.210854767393911 ] ] ] } },
{ "type": "Feature", "properties": { "score_risco": 72, "nivel_risco": "ALTO" }, "geometry": { "type": "Polygon", "coordinates": [ [ [ -50.723753066432451, -23.202677421282008 ], [ -50.72279853630107, -23.202649187479437 ], [ -50.723889252678184, -23.204019020918743 ], [ -50.72412429675768, -23.203464091662742 ], [ -50.723753066432451, -23.202677421282008 ] ] ] } },
{ "type": "Feature", "properties": { "score_risco": 17, "nivel_risco": "BAIXO" }, "geometry": { "type": "Polygon", "coordinates": [ [ [ -50.72412429675768, -23.203464091662742 ], [ -50.724901904667014, -23.203584199187635 ], [ -50.725154984913928, -23.20361912980848 ], [ -50.723981720958534, -23.202545843232738 ], [ -50.723753066432451, -23.202677421282008 ], [ -50.72412429675768, -23.203464091662742 ] ] ] } },
{ "type": "Feature", "properties": { "score_risco": 97, "nivel_risco": "CRÍTICO" }, "geometry": { "type": "Polygon", "coordinates": [ [ [ -50.724774538354744, -23.201933304218169 ], [ -50.723981720958534, -23.202545843232738 ], [ -50.725154984913928, -23.20361912980848 ], [ -50.725208089497549, -23.20363393636757 ], [ -50.724774538354744, -23.201933304218169 ] ] ] } },
{ "type": "Feature", "properties": { "score_risco": 21, "nivel_risco": "BAIXO" }, "geometry": { "type": "Polygon", "coordinates": [ [ [ -50.660495961162432, -23.183171408673928 ], [ -50.65920970130324, -23.182664232208932 ], [ -50.659050176891284, -23.18296207482458 ], [ -50.659409289328707, -23.184823242353804 ], [ -50.660028737740568, -23.185165231228364 ], [ -50.660690866231079, -23.184338011376024 ], [ -50.660495961162432, -23.183171408673928 ] ] ] } },
{ "type": "Feature", "properties": { "score_risco": 40, "nivel_risco": "MÉDIO" }, "geometry": { "type": "Polygon", "coordinates": [ [ [ -50.662216450169424, -23.183448848695264 ], [ -50.660763166268374, -23.182303053704409 ], [ -50.660495961162432, -23.183171408673928 ], [ -50.660690866231079, -23.184338011376024 ], [ -50.662373332700227, -23.183828302847949 ], [ -50.662216450169424, -23.183448848695264 ] ] ] } },
{ "type": "Feature", "properties": { "score_risco": 90, "nivel_risco": "CRÍTICO" }, "geometry": { "type": "Polygon", "coordinates": [ [ [ -50.662144299874939, -23.183133014800426 ], [ -50.660782456306521, -23.182118875973021 ], [ -50.660763166268374, -23.182303053704409 ], [ -50.662216450169424, -23.183448848695264 ], [ -50.662144299874939, -23.183133014800426 ] ] ] } },
{ "type": "Feature", "properties": { "score_risco": 13, "nivel_risco": "BAIXO" }, "geometry": { "type": "Polygon", "coordinates": [ [ [ -50.662697843016623, -23.180693210619729 ], [ -50.66154302087341, -23.18023958921821 ], [ -50.662144299874939, -23.183133014800426 ], [ -50.662216450169424, -23.183448848695264 ], [ -50.662373332700227, -23.183828302847949 ], [ -50.664835093161493, -23.184309018711893 ], [ -50.664867228407012, -23.183214124989696 ], [ -50.662697843016623, -23.180693210619729 ] ] ] } },
{ "type": "Feature", "properties": { "score_risco": 85, "nivel_risco": "CRÍTICO" }, "geometry": { "type": "Polygon", "coordinates": [ [ [ -50.660956389992052, -23.180169841137733 ], [ -50.659599953355098, -23.18039818856256 ], [ -50.659170890034297, -23.182099185793415 ], [ -50.65920970130324, -23.182664232208932 ], [ -50.660495961162432, -23.183171408673928 ], [ -50.660763166268374, -23.182303053704409 ], [ -50.660782456306521, -23.182118875973021 ], [ -50.660956389992052, -23.180169841137733 ] ] ] } },
{ "type": "Feature", "properties": { "score_risco": 26, "nivel_risco": "BAIXO" }, "geometry": { "type": "Polygon", "coordinates": [ [ [ -50.665190756644982, -23.182729774440009 ], [ -50.665082391060935, -23.180928685266704 ], [ -50.664808897101736, -23.180192055794507 ], [ -50.664123858532037, -23.180097692565976 ], [ -50.663913073337447, -23.180112776976792 ], [ -50.662697843016623, -23.180693210619729 ], [ -50.664867228407012, -23.183214124989696 ], [ -50.665190756644982, -23.182729774440009 ] ] ] } },
{ "type": "Feature", "properties": { "score_risco": 45, "nivel_risco": "MÉDIO" }, "geometry": { "type": "Polygon", "coordinates": [ [ [ -50.66567775, -23.182318450685962 ], [ -50.66567775, -23.180441218886461 ], [ -50.665082391060935, -23.180928685266704 ], [ -50.665190756644982, -23.182729774440009 ], [ -50.66567775, -23.182318450685962 ] ] ] } },
{ "type": "Feature", "properties": { "score_risco": 76, "nivel_risco": "ALTO" }, "geometry": { "type": "Polygon", "coordinates": [ [ [ -50.66121837897861, -23.180029846113666 ], [ -50.660956389992052, -23.180169841137733 ], [ -50.660782456306521, -23.182118875973021 ], [ -50.662144299874939, -23.183133014800426 ], [ -50.66154302087341, -23.18023958921821 ], [ -50.66121837897861, -23.180029846113666 ] ] ] } },
{ "type": "Feature", "properties": { "score_risco": 84, "nivel_risco": "CRÍTICO" }, "geometry": { "type": "Polygon", "coordinates": [ [ [ -50.668546075624569, -23.179148648104288 ], [ -50.666418681976928, -23.179665505168252 ], [ -50.66567775, -23.180441218886461 ], [ -50.66567775, -23.182318450685962 ], [ -50.667203890786375, -23.181079170120153 ], [ -50.668705656813891, -23.179244054910658 ], [ -50.668546075624569, -23.179148648104288 ] ] ] } },
{ "type": "Feature", "properties": { "score_risco": 83, "nivel_risco": "CRÍTICO" }, "geometry": { "type": "Polygon", "coordinates": [ [ [ -50.666418681976928, -23.179665505168252 ], [ -50.665309682304354, -23.179752973244913 ], [ -50.664808897101736, -23.180192055794507 ], [ -50.665082391060935, -23.180928685266704 ], [ -50.66567775, -23.180441218886461 ], [ -50.666418681976928, -23.179665505168252 ] ] ] } },
{ "type": "Feature", "properties": { "score_risco": 62, "nivel_risco": "ALTO" }, "geometry": { "type": "Polygon", "coordinates": [ [ [ -50.656011410863911, -23.237942172761588 ], [ -50.651564622407626, -23.222495657696467 ], [ -50.646718903800398, -23.217501021903566 ], [ -50.637709263700692, -23.216116297498701 ], [ -50.628826427797506, -23.215016856500203 ], [ -50.595979895580435, -23.211040848320913 ], [ -50.590767610258006, -23.220508074870772 ], [ -50.624232660258009, -23.238932624870774 ], [ -50.625276950331994, -23.239455663875461 ], [ -50.65349078707137, -23.252238052619198 ], [ -50.656011410863911, -23.237942172761588 ] ] ] } },
{ "type": "Feature", "properties": { "score_risco": 84, "nivel_risco": "CRÍTICO" }, "geometry": { "type": "Polygon", "coordinates": [ [ [ -50.595979895580435, -23.211040848320913 ], [ -50.596144577747523, -23.210336804193968 ], [ -50.59861463812355, -23.199509061016304 ], [ -50.58271785007797, -23.170601329970186 ], [ -50.573093269676747, -23.163304707898146 ], [ -50.567650938064361, -23.159316624356777 ], [ -50.55243778806436, -23.180077224356776 ], [ -50.551613130006373, -23.181329361361552 ], [ -50.550917590484552, -23.182657567958781 ], [ -50.550358118427113, -23.184048574431912 ], [ -50.54994030335277, -23.185488483649532 ], [ -50.549668319527498, -23.186962909907482 ], [ -50.54954488426069, -23.188457122652121 ], [ -50.549571230757337, -23.189956193648925 ], [ -50.549747095797436, -23.191445146126007 ], [ -50.550070722365753, -23.192909104402606 ], [ -50.550538877205618, -23.194333442507567 ], [ -50.551146883121454, -23.195703930303079 ], [ -50.551888665707231, -23.197006875653727 ], [ -50.552756814034041, -23.198229261220558 ], [ -50.55374265469051, -23.199358874513411 ], [ -50.554836338436239, -23.2003844299023 ], [ -50.556026938602628, -23.201295681368759 ], [ -50.557302560258009, -23.202083524870773 ], [ -50.590767610258006, -23.220508074870772 ], [ -50.595979895580435, -23.211040848320913 ] ] ] } },
{ "type": "Feature", "properties": { "score_risco": 86, "nivel_risco": "CRÍTICO" }, "geometry": { "type": "Polygon", "coordinates": [ [ [ -50.634554410269857, -23.20581840975963 ], [ -50.634145316880009, -23.205035230423054 ], [ -50.634086587950577, -23.205009259386465 ], [ -50.628826427797506, -23.215016856500203 ], [ -50.637709263700692, -23.216116297498701 ], [ -50.634554410269857, -23.20581840975963 ] ] ] } },
{ "type": "Feature", "properties": { "score_risco": 68, "nivel_risco": "ALTO" }, "geometry": { "type": "Polygon", "coordinates": [ [ [ -50.634013022324467, -23.204963517309295 ], [ -50.596144577747523, -23.210336804193968 ], [ -50.595979895580435, -23.211040848320913 ], [ -50.628826427797506, -23.215016856500203 ], [ -50.634086587950577, -23.205009259386465 ], [ -50.634013022324467, -23.204963517309295 ] ] ] } },
{ "type": "Feature", "properties": { "score_risco": 70, "nivel_risco": "ALTO" }, "geometry": { "type": "Polygon", "coordinates": [ [ [ -50.634497188446822, -23.204734839824251 ], [ -50.634145316880009, -23.205035230423054 ], [ -50.634554410269857, -23.20581840975963 ], [ -50.634497188446822, -23.204734839824251 ] ] ] } },
{ "type": "Feature", "properties": { "score_risco": 19, "nivel_risco": "BAIXO" }, "geometry": { "type": "Polygon", "coordinates": [ [ [ -50.631992817235243, -23.196780542376555 ], [ -50.614633145321967, -23.193858774194531 ], [ -50.599597028405675, -23.198866635530194 ], [ -50.59861463812355, -23.199509061016304 ], [ -50.596144577747523, -23.210336804193968 ], [ -50.634013022324467, -23.204963517309295 ], [ -50.635400595082672, -23.197589113773805 ], [ -50.631992817235243, -23.196780542376555 ] ] ] } },
{ "type": "Feature", "properties": { "score_risco": 93, "nivel_risco": "CRÍTICO" }, "geometry": { "type": "Polygon", "coordinates": [ [ [ -50.635400595082672, -23.197589113773805 ], [ -50.634013022324467, -23.204963517309295 ], [ -50.634086587950577, -23.205009259386465 ], [ -50.634145316880009, -23.205035230423054 ], [ -50.634497188446822, -23.204734839824251 ], [ -50.637222699002919, -23.197983718849063 ], [ -50.635400595082672, -23.197589113773805 ] ] ] } },
{ "type": "Feature", "properties": { "score_risco": 85, "nivel_risco": "CRÍTICO" }, "geometry": { "type": "Polygon", "coordinates": [ [ [ -50.638377069731348, -23.190424818292637 ], [ -50.637068847719625, -23.19020135157545 ], [ -50.636717748138793, -23.190360592019733 ], [ -50.631992817235243, -23.196780542376555 ], [ -50.635400595082672, -23.197589113773805 ], [ -50.637222699002919, -23.197983718849063 ], [ -50.639346205012188, -23.198368142371287 ], [ -50.638633209437124, -23.191143480786298 ], [ -50.638377069731348, -23.190424818292637 ] ] ] } },
{ "type": "Feature", "properties": { "score_risco": 100, "nivel_risco": "CRÍTICO" }, "geometry": { "type": "Polygon", "coordinates": [ [ [ -50.635441257253596, -23.186074990432534 ], [ -50.635097182249503, -23.185934188806364 ], [ -50.624081108190907, -23.186846684076595 ], [ -50.621632329258951, -23.188315078048721 ], [ -50.614633145321967, -23.193858774194531 ], [ -50.631992817235243, -23.196780542376555 ], [ -50.636717748138793, -23.190360592019733 ], [ -50.63666103556546, -23.18881152858776 ], [ -50.635441257253596, -23.186074990432534 ] ] ] } },
{ "type": "Feature", "properties": { "score_risco": 34, "nivel_risco": "BAIXO" }, "geometry": { "type": "Polygon", "coordinates": [ [ [ -50.63832879414133, -23.18995025021292 ], [ -50.637304962271187, -23.189593106748482 ], [ -50.637068847719625, -23.19020135157545 ], [ -50.638377069731348, -23.190424818292637 ], [ -50.63832879414133, -23.18995025021292 ] ] ] } },
{ "type": "Feature", "properties": { "score_risco": 56, "nivel_risco": "MÉDIO" }, "geometry": { "type": "Polygon", "coordinates": [ [ [ -50.651564622407626, -23.222495657696467 ], [ -50.662177318237802, -23.209447330229359 ], [ -50.65637672325056, -23.200126452498026 ], [ -50.654981362781307, -23.19815290398903 ], [ -50.644950912007367, -23.202816195415245 ], [ -50.646718903800398, -23.217501021903566 ], [ -50.651564622407626, -23.222495657696467 ] ] ] } },
{ "type": "Feature", "properties": { "score_risco": 95, "nivel_risco": "CRÍTICO" }, "geometry": { "type": "Polygon", "coordinates": [ [ [ -50.656749122383843, -23.194396846798789 ], [ -50.655825089888161, -23.193964896575697 ], [ -50.646542415309774, -23.193823229429388 ], [ -50.643383096486637, -23.199075564811277 ], [ -50.643141457593508, -23.19969673919659 ], [ -50.644950912007367, -23.202816195415245 ], [ -50.654981362781307, -23.19815290398903 ], [ -50.656875224437563, -23.195563612968577 ], [ -50.656879167634926, -23.195292266353906 ], [ -50.656749122383843, -23.194396846798789 ] ] ] } },
{ "type": "Feature", "properties": { "score_risco": 90, "nivel_risco": "CRÍTICO" }, "geometry": { "type": "Polygon", "coordinates": [ [ [ -50.662906413721295, -23.191427197938332 ], [ -50.662017013876991, -23.190973207289094 ], [ -50.660268570007815, -23.191190862687485 ], [ -50.658207090662749, -23.191449398456882 ], [ -50.657705448955959, -23.192215651994637 ], [ -50.656749122383843, -23.194396846798789 ], [ -50.656879167634926, -23.195292266353906 ], [ -50.662564521552589, -23.194173360116071 ], [ -50.662906413721295, -23.191427197938332 ] ] ] } },
{ "type": "Feature", "properties": { "score_risco": 36, "nivel_risco": "BAIXO" }, "geometry": { "type": "Polygon", "coordinates": [ [ [ -50.651158858514037, -23.189967311186667 ], [ -50.647286527821947, -23.191769795975603 ], [ -50.646542415309774, -23.193823229429388 ], [ -50.655825089888161, -23.193964896575697 ], [ -50.651158858514037, -23.189967311186667 ] ] ] } },
{ "type": "Feature", "properties": { "score_risco": 72, "nivel_risco": "ALTO" }, "geometry": { "type": "Polygon", "coordinates": [ [ [ -50.657705448955959, -23.192215651994637 ], [ -50.654385264009903, -23.189716110083669 ], [ -50.651675436339012, -23.189138368963388 ], [ -50.651158858514037, -23.189967311186667 ], [ -50.655825089888161, -23.193964896575697 ], [ -50.656749122383843, -23.194396846798789 ], [ -50.657705448955959, -23.192215651994637 ] ] ] } },
{ "type": "Feature", "properties": { "score_risco": 11, "nivel_risco": "BAIXO" }, "geometry": { "type": "Polygon", "coordinates": [ [ [ -50.658180159253078, -23.191229092033463 ], [ -50.657206217423131, -23.189447634116853 ], [ -50.655140124308311, -23.188225869752635 ], [ -50.654385264009903, -23.189716110083669 ], [ -50.657705448955959, -23.192215651994637 ], [ -50.658207090662749, -23.191449398456882 ], [ -50.658180159253078, -23.191229092033463 ] ] ] } },
{ "type": "Feature", "properties": { "score_risco": 31, "nivel_risco": "BAIXO" }, "geometry": { "type": "Polygon", "coordinates": [ [ [ -50.660230159364133, -23.186522105464832 ], [ -50.658180159253078, -23.191229092033463 ], [ -50.658207090662749, -23.191449398456882 ], [ -50.660268570007815, -23.191190862687485 ], [ -50.661276004790494, -23.186794783645265 ], [ -50.660281348173676, -23.186471575226982 ], [ -50.660230159364133, -23.186522105464832 ] ] ] } },
{ "type": "Feature", "properties": { "score_risco": 38, "nivel_risco": "BAIXO" }, "geometry": { "type": "Polygon", "coordinates": [ [ [ -50.660230159364133, -23.186522105464832 ], [ -50.658814554445875, -23.186614249124602 ], [ -50.657733023203157, -23.186725981336078 ], [ -50.657670960925984, -23.186732828006935 ], [ -50.65712963949894, -23.187324030849428 ], [ -50.657206217423131, -23.189447634116853 ], [ -50.658180159253078, -23.191229092033463 ], [ -50.660230159364133, -23.186522105464832 ] ] ] } },
{ "type": "Feature", "properties": { "score_risco": 91, "nivel_risco": "CRÍTICO" }, "geometry": { "type": "Polygon", "coordinates": [ [ [ -50.654438753670121, -23.187494267621421 ], [ -50.652167802078871, -23.187578638490692 ], [ -50.651675436339012, -23.189138368963388 ], [ -50.654385264009903, -23.189716110083669 ], [ -50.655140124308311, -23.188225869752635 ], [ -50.654438753670121, -23.187494267621421 ] ] ] } },
{ "type": "Feature", "properties": { "score_risco": 13, "nivel_risco": "BAIXO" }, "geometry": { "type": "Polygon", "coordinates": [ [ [ -50.65712963949894, -23.187324030849428 ], [ -50.655586231620489, -23.186261534989512 ], [ -50.654438753670121, -23.187494267621421 ], [ -50.655140124308311, -23.188225869752635 ], [ -50.657206217423131, -23.189447634116853 ], [ -50.65712963949894, -23.187324030849428 ] ] ] } },
{ "type": "Feature", "properties": { "score_risco": 77, "nivel_risco": "ALTO" }, "geometry": { "type": "Polygon", "coordinates": [ [ [ -50.637709263700692, -23.216116297498701 ], [ -50.646718903800398, -23.217501021903566 ], [ -50.644950912007367, -23.202816195415245 ], [ -50.643141457593508, -23.19969673919659 ], [ -50.639346205012188, -23.198368142371287 ], [ -50.637222699002919, -23.197983718849063 ], [ -50.634497188446822, -23.204734839824251 ], [ -50.634554410269857, -23.20581840975963 ], [ -50.637709263700692, -23.216116297498701 ] ] ] } },
{ "type": "Feature", "properties": { "score_risco": 52, "nivel_risco": "MÉDIO" }, "geometry": { "type": "Polygon", "coordinates": [ [ [ -50.643281515603249, -23.19860478738682 ], [ -50.640140531083212, -23.189302043335754 ], [ -50.638633209437124, -23.191143480786298 ], [ -50.639346205012188, -23.198368142371287 ], [ -50.643141457593508, -23.19969673919659 ], [ -50.643383096486637, -23.199075564811277 ], [ -50.643281515603249, -23.19860478738682 ] ] ] } },
{ "type": "Feature", "properties": { "score_risco": 35, "nivel_risco": "BAIXO" }, "geometry": { "type": "Polygon", "coordinates": [ [ [ -50.643383096486637, -23.199075564811277 ], [ -50.646542415309774, -23.193823229429388 ], [ -50.647286527821947, -23.191769795975603 ], [ -50.646357116204378, -23.188877933346721 ], [ -50.642827024312211, -23.188178785210088 ], [ -50.642076862587103, -23.188345392851119 ], [ -50.642486005960684, -23.193196447159426 ], [ -50.643281515603249, -23.19860478738682 ], [ -50.643383096486637, -23.199075564811277 ] ] ] } },
{ "type": "Feature", "properties": { "score_risco": 25, "nivel_risco": "BAIXO" }, "geometry": { "type": "Polygon", "coordinates": [ [ [ -50.642486005960684, -23.193196447159426 ], [ -50.640399212587539, -23.187762812658661 ], [ -50.640209695023593, -23.187674001028025 ], [ -50.640140531083212, -23.189302043335754 ], [ -50.643281515603249, -23.19860478738682 ], [ -50.642486005960684, -23.193196447159426 ] ] ] } },
{ "type": "Feature", "properties": { "score_risco": 90, "nivel_risco": "CRÍTICO" }, "geometry": { "type": "Polygon", "coordinates": [ [ [ -50.640399212587539, -23.187762812658661 ], [ -50.642486005960684, -23.193196447159426 ], [ -50.642076862587103, -23.188345392851119 ], [ -50.640399212587539, -23.187762812658661 ] ] ] } },
{ "type": "Feature", "properties": { "score_risco": 40, "nivel_risco": "MÉDIO" }, "geometry": { "type": "Polygon", "coordinates": [ [ [ -50.651675436339012, -23.189138368963388 ], [ -50.652167802078871, -23.187578638490692 ], [ -50.651793367479641, -23.186387477121571 ], [ -50.649225535808505, -23.185413213340759 ], [ -50.646616998310556, -23.185910162793085 ], [ -50.646357116204378, -23.188877933346721 ], [ -50.647286527821947, -23.191769795975603 ], [ -50.651158858514037, -23.189967311186667 ], [ -50.651675436339012, -23.189138368963388 ] ] ] } },
{ "type": "Feature", "properties": { "score_risco": 65, "nivel_risco": "ALTO" }, "geometry": { "type": "Polygon", "coordinates": [ [ [ -50.646616998310556, -23.185910162793085 ], [ -50.64617226848685, -23.185257528275763 ], [ -50.64305741934254, -23.185601068700475 ], [ -50.642827024312211, -23.188178785210088 ], [ -50.646357116204378, -23.188877933346721 ], [ -50.646616998310556, -23.185910162793085 ] ] ] } },
{ "type": "Feature", "properties": { "score_risco": 89, "nivel_risco": "CRÍTICO" }, "geometry": { "type": "Polygon", "coordinates": [ [ [ -50.642706197275785, -23.18549317480031 ], [ -50.642621020117787, -23.18547738019582 ], [ -50.641911102117732, -23.185639873104925 ], [ -50.640220255381045, -23.186870564824439 ], [ -50.639824149798805, -23.187267096247027 ], [ -50.640209695023593, -23.187674001028025 ], [ -50.640399212587539, -23.187762812658661 ], [ -50.642076862587103, -23.188345392851119 ], [ -50.642827024312211, -23.188178785210088 ], [ -50.64305741934254, -23.185601068700475 ], [ -50.642706197275785, -23.18549317480031 ] ] ] } },
{ "type": "Feature", "properties": { "score_risco": 58, "nivel_risco": "MÉDIO" }, "geometry": { "type": "Polygon", "coordinates": [ [ [ -50.641648663038971, -23.185141845332151 ], [ -50.640972067513893, -23.18414782441717 ], [ -50.640679711280626, -23.184110094013143 ], [ -50.640220255381045, -23.186870564824439 ], [ -50.641911102117732, -23.185639873104925 ], [ -50.641648663038971, -23.185141845332151 ] ] ] } },
{ "type": "Feature", "properties": { "score_risco": 56, "nivel_risco": "MÉDIO" }, "geometry": { "type": "Polygon", "coordinates": [ [ [ -50.640220255381045, -23.186870564824439 ], [ -50.640679711280626, -23.184110094013143 ], [ -50.639880544717016, -23.183566577780205 ], [ -50.638447060247792, -23.186748080390434 ], [ -50.639123687039479, -23.187133855149902 ], [ -50.639824149798805, -23.187267096247027 ], [ -50.640220255381045, -23.186870564824439 ] ] ] } },
{ "type": "Feature", "properties": { "score_risco": 72, "nivel_risco": "ALTO" }, "geometry": { "type": "Polygon", "coordinates": [ [ [ -50.658814554445875, -23.186614249124602 ], [ -50.658155829212042, -23.185865269104077 ], [ -50.657733023203157, -23.186725981336078 ], [ -50.658814554445875, -23.186614249124602 ] ] ] } },
{ "type": "Feature", "properties": { "score_risco": 28, "nivel_risco": "BAIXO" }, "geometry": { "type": "Polygon", "coordinates": [ [ [ -50.655734342757221, -23.184300038819686 ], [ -50.653554547909913, -23.184560548546838 ], [ -50.652670627499624, -23.184788656089744 ], [ -50.651793367479641, -23.186387477121571 ], [ -50.652167802078871, -23.187578638490692 ], [ -50.654438753670121, -23.187494267621421 ], [ -50.655586231620489, -23.186261534989512 ], [ -50.655734342757221, -23.184300038819686 ] ] ] } },
{ "type": "Feature", "properties": { "score_risco": 100, "nivel_risco": "CRÍTICO" }, "geometry": { "type": "Polygon", "coordinates": [ [ [ -50.657733023203157, -23.186725981336078 ], [ -50.658155829212042, -23.185865269104077 ], [ -50.657243749006319, -23.184453967169034 ], [ -50.657172226239204, -23.18444003382189 ], [ -50.657670960925984, -23.186732828006935 ], [ -50.657733023203157, -23.186725981336078 ] ] ] } },
{ "type": "Feature", "properties": { "score_risco": 26, "nivel_risco": "BAIXO" }, "geometry": { "type": "Polygon", "coordinates": [ [ [ -50.655734342757221, -23.184300038819686 ], [ -50.655586231620489, -23.186261534989512 ], [ -50.65712963949894, -23.187324030849428 ], [ -50.657670960925984, -23.186732828006935 ], [ -50.657172226239204, -23.18444003382189 ], [ -50.656219347893469, -23.183843710079671 ], [ -50.655734342757221, -23.184300038819686 ] ] ] } },
{ "type": "Feature", "properties": { "score_risco": 68, "nivel_risco": "ALTO" }, "geometry": { "type": "Polygon", "coordinates": [ [ [ -50.660281348173676, -23.186471575226982 ], [ -50.660028737740568, -23.185165231228364 ], [ -50.659409289328707, -23.184823242353804 ], [ -50.657243749006319, -23.184453967169034 ], [ -50.658155829212042, -23.185865269104077 ], [ -50.658814554445875, -23.186614249124602 ], [ -50.660230159364133, -23.186522105464832 ], [ -50.660281348173676, -23.186471575226982 ] ] ] } },
{ "type": "Feature", "properties": { "score_risco": 82, "nivel_risco": "CRÍTICO" }, "geometry": { "type": "Polygon", "coordinates": [ [ [ -50.65227060450411, -23.183785684379586 ], [ -50.651286727311359, -23.18330765775838 ], [ -50.649712635316739, -23.183881865689063 ], [ -50.649225535808505, -23.185413213340759 ], [ -50.651793367479641, -23.186387477121571 ], [ -50.652670627499624, -23.184788656089744 ], [ -50.65227060450411, -23.183785684379586 ] ] ] } },
{ "type": "Feature", "properties": { "score_risco": 89, "nivel_risco": "CRÍTICO" }, "geometry": { "type": "Polygon", "coordinates": [ [ [ -50.659050176891284, -23.18296207482458 ], [ -50.657497728104488, -23.183196568191494 ], [ -50.656243382710905, -23.183582699120155 ], [ -50.656219347893469, -23.183843710079671 ], [ -50.657172226239204, -23.18444003382189 ], [ -50.657243749006319, -23.184453967169034 ], [ -50.659409289328707, -23.184823242353804 ], [ -50.659050176891284, -23.18296207482458 ] ] ] } },
{ "type": "Feature", "properties": { "score_risco": 47, "nivel_risco": "MÉDIO" }, "geometry": { "type": "Polygon", "coordinates": [ [ [ -50.651237385885857, -23.183211568267694 ], [ -50.650844784055202, -23.182634169554838 ], [ -50.650745387189616, -23.182571738636049 ], [ -50.650598631519216, -23.182556317444973 ], [ -50.649697897759523, -23.182974056639896 ], [ -50.649641086938239, -23.18352502075874 ], [ -50.649712635316739, -23.183881865689063 ], [ -50.651286727311359, -23.18330765775838 ], [ -50.651237385885857, -23.183211568267694 ] ] ] } },
{ "type": "Feature", "properties": { "score_risco": 60, "nivel_risco": "ALTO" }, "geometry": { "type": "Polygon", "coordinates": [ [ [ -50.652125155661949, -23.182587925595367 ], [ -50.651501198330294, -23.182428391050362 ], [ -50.651478582613152, -23.182431753173017 ], [ -50.651237385885857, -23.183211568267694 ], [ -50.651286727311359, -23.18330765775838 ], [ -50.65227060450411, -23.183785684379586 ], [ -50.652454124450593, -23.183075561002326 ], [ -50.652125155661949, -23.182587925595367 ] ] ] } },
{ "type": "Feature", "properties": { "score_risco": 20, "nivel_risco": "BAIXO" }, "geometry": { "type": "Polygon", "coordinates": [ [ [ -50.652670627499624, -23.184788656089744 ], [ -50.653554547909913, -23.184560548546838 ], [ -50.653936770536127, -23.181168825663523 ], [ -50.65338946964097, -23.181778114563219 ], [ -50.652454124450593, -23.183075561002326 ], [ -50.65227060450411, -23.183785684379586 ], [ -50.652670627499624, -23.184788656089744 ] ] ] } },
{ "type": "Feature", "properties": { "score_risco": 39, "nivel_risco": "BAIXO" }, "geometry": { "type": "Polygon", "coordinates": [ [ [ -50.642766179431959, -23.184097869400592 ], [ -50.642687023514668, -23.183995620010311 ], [ -50.642203623645131, -23.184143427405932 ], [ -50.642610500161602, -23.185429365695381 ], [ -50.642766179431959, -23.184097869400592 ] ] ] } },
{ "type": "Feature", "properties": { "score_risco": 57, "nivel_risco": "MÉDIO" }, "geometry": { "type": "Polygon", "coordinates": [ [ [ -50.643129819584537, -23.183800869185468 ], [ -50.642766179431959, -23.184097869400592 ], [ -50.642610500161602, -23.185429365695381 ], [ -50.642621020117787, -23.18547738019582 ], [ -50.642706197275785, -23.18549317480031 ], [ -50.643129819584537, -23.183800869185468 ] ] ] } },
{ "type": "Feature", "properties": { "score_risco": 67, "nivel_risco": "ALTO" }, "geometry": { "type": "Polygon", "coordinates": [ [ [ -50.642610500161602, -23.185429365695381 ], [ -50.642203623645131, -23.184143427405932 ], [ -50.641897614679813, -23.183528250772483 ], [ -50.641774051383294, -23.183632202881903 ], [ -50.641648663038971, -23.185141845332151 ], [ -50.641911102117732, -23.185639873104925 ], [ -50.642621020117787, -23.18547738019582 ], [ -50.642610500161602, -23.185429365695381 ] ] ] } },
{ "type": "Feature", "properties": { "score_risco": 34, "nivel_risco": "BAIXO" }, "geometry": { "type": "Polygon", "coordinates": [ [ [ -50.646102188559162, -23.184769661108213 ], [ -50.643961799110123, -23.183750084256058 ], [ -50.643250410214762, -23.183560892683936 ], [ -50.643129819584537, -23.183800869185468 ], [ -50.642706197275785, -23.18549317480031 ], [ -50.64305741934254, -23.185601068700475 ], [ -50.64617226848685, -23.185257528275763 ], [ -50.646102188559162, -23.184769661108213 ] ] ] } },
{ "type": "Feature", "properties": { "score_risco": 72, "nivel_risco": "ALTO" }, "geometry": { "type": "Polygon", "coordinates": [ [ [ -50.641774051383294, -23.183632202881903 ], [ -50.640972067513893, -23.18414782441717 ], [ -50.641648663038971, -23.185141845332151 ], [ -50.641774051383294, -23.183632202881903 ] ] ] } },
{ "type": "Feature", "properties": { "score_risco": 46, "nivel_risco": "MÉDIO" }, "geometry": { "type": "Polygon", "coordinates": [ [ [ -50.649641086938239, -23.18352502075874 ], [ -50.646865571996102, -23.182204254609729 ], [ -50.646360996721612, -23.182283257739513 ], [ -50.646102188559162, -23.184769661108213 ], [ -50.64617226848685, -23.185257528275763 ], [ -50.646616998310556, -23.185910162793085 ], [ -50.649225535808505, -23.185413213340759 ], [ -50.649712635316739, -23.183881865689063 ], [ -50.649641086938239, -23.18352502075874 ] ] ] } },
{ "type": "Feature", "properties": { "score_risco": 31, "nivel_risco": "BAIXO" }, "geometry": { "type": "Polygon", "coordinates": [ [ [ -50.643250410214762, -23.183560892683936 ], [ -50.642807841712205, -23.183230000345574 ], [ -50.642687023514668, -23.183995620010311 ], [ -50.642766179431959, -23.184097869400592 ], [ -50.643129819584537, -23.183800869185468 ], [ -50.643250410214762, -23.183560892683936 ] ] ] } },
{ "type": "Feature", "properties": { "score_risco": 33, "nivel_risco": "BAIXO" }, "geometry": { "type": "Polygon", "coordinates": [ [ [ -50.64262612599201, -23.183057001966048 ], [ -50.64202615841068, -23.183110592953064 ], [ -50.641897614679813, -23.183528250772483 ], [ -50.642203623645131, -23.184143427405932 ], [ -50.642687023514668, -23.183995620010311 ], [ -50.642807841712205, -23.183230000345574 ], [ -50.64262612599201, -23.183057001966048 ] ] ] } },
{ "type": "Feature", "properties": { "score_risco": 100, "nivel_risco": "CRÍTICO" }, "geometry": { "type": "Polygon", "coordinates": [ [ [ -50.641897614679813, -23.183528250772483 ], [ -50.64202615841068, -23.183110592953064 ], [ -50.641283735936902, -23.182324832405776 ], [ -50.640979891565308, -23.182145512047182 ], [ -50.639762191293137, -23.183098397886134 ], [ -50.639880544717016, -23.183566577780205 ], [ -50.640679711280626, -23.184110094013143 ], [ -50.640972067513893, -23.18414782441717 ], [ -50.641774051383294, -23.183632202881903 ], [ -50.641897614679813, -23.183528250772483 ] ] ] } },
{ "type": "Feature", "properties": { "score_risco": 68, "nivel_risco": "ALTO" }, "geometry": { "type": "Polygon", "coordinates": [ [ [ -50.643961799110123, -23.183750084256058 ], [ -50.643360052818522, -23.182087205741471 ], [ -50.64262612599201, -23.183057001966048 ], [ -50.642807841712205, -23.183230000345574 ], [ -50.643250410214762, -23.183560892683936 ], [ -50.643961799110123, -23.183750084256058 ] ] ] } },
{ "type": "Feature", "properties": { "score_risco": 77, "nivel_risco": "ALTO" }, "geometry": { "type": "Polygon", "coordinates": [ [ [ -50.65864852893079, -23.182286096993955 ], [ -50.65600198581626, -23.181976092150695 ], [ -50.656243382710905, -23.183582699120155 ], [ -50.657497728104488, -23.183196568191494 ], [ -50.65864852893079, -23.182286096993955 ] ] ] } },
{ "type": "Feature", "properties": { "score_risco": 26, "nivel_risco": "BAIXO" }, "geometry": { "type": "Polygon", "coordinates": [ [ [ -50.65920970130324, -23.182664232208932 ], [ -50.659170890034297, -23.182099185793415 ], [ -50.65864852893079, -23.182286096993955 ], [ -50.657497728104488, -23.183196568191494 ], [ -50.659050176891284, -23.18296207482458 ], [ -50.65920970130324, -23.182664232208932 ] ] ] } },
{ "type": "Feature", "properties": { "score_risco": 96, "nivel_risco": "CRÍTICO" }, "geometry": { "type": "Polygon", "coordinates": [ [ [ -50.651478582613152, -23.182431753173017 ], [ -50.65140404055699, -23.182046003465473 ], [ -50.651391319241256, -23.182055134922795 ], [ -50.650844784055202, -23.182634169554838 ], [ -50.651237385885857, -23.183211568267694 ], [ -50.651478582613152, -23.182431753173017 ] ] ] } },
{ "type": "Feature", "properties": { "score_risco": 13, "nivel_risco": "BAIXO" }, "geometry": { "type": "Polygon", "coordinates": [ [ [ -50.652454124450593, -23.183075561002326 ], [ -50.65338946964097, -23.181778114563219 ], [ -50.651758324322579, -23.181949544737861 ], [ -50.65192111014661, -23.182263451417551 ], [ -50.652125155661949, -23.182587925595367 ], [ -50.652454124450593, -23.183075561002326 ] ] ] } },
{ "type": "Feature", "properties": { "score_risco": 58, "nivel_risco": "MÉDIO" }, "geometry": { "type": "Polygon", "coordinates": [ [ [ -50.65192111014661, -23.182263451417551 ], [ -50.651501198330294, -23.182428391050362 ], [ -50.652125155661949, -23.182587925595367 ], [ -50.65192111014661, -23.182263451417551 ] ] ] } },
{ "type": "Feature", "properties": { "score_risco": 88, "nivel_risco": "CRÍTICO" }, "geometry": { "type": "Polygon", "coordinates": [ [ [ -50.649697897759523, -23.182974056639896 ], [ -50.650598631519216, -23.182556317444973 ], [ -50.650123500724902, -23.18192993496125 ], [ -50.650036364738291, -23.181845231754235 ], [ -50.649660162402377, -23.182108817994276 ], [ -50.649569065413552, -23.182695766257591 ], [ -50.649697897759523, -23.182974056639896 ] ] ] } },
{ "type": "Feature", "properties": { "score_risco": 47, "nivel_risco": "MÉDIO" }, "geometry": { "type": "Polygon", "coordinates": [ [ [ -50.651391319241256, -23.182055134922795 ], [ -50.650800465673356, -23.181992098704452 ], [ -50.650796924684791, -23.182001975663962 ], [ -50.650745387189616, -23.182571738636049 ], [ -50.650844784055202, -23.182634169554838 ], [ -50.651391319241256, -23.182055134922795 ] ] ] } },
{ "type": "Feature", "properties": { "score_risco": 30, "nivel_risco": "BAIXO" }, "geometry": { "type": "Polygon", "coordinates": [ [ [ -50.650796924684791, -23.182001975663962 ], [ -50.650123500724902, -23.18192993496125 ], [ -50.650598631519216, -23.182556317444973 ], [ -50.650745387189616, -23.182571738636049 ], [ -50.650796924684791, -23.182001975663962 ] ] ] } },
{ "type": "Feature", "properties": { "score_risco": 39, "nivel_risco": "BAIXO" }, "geometry": { "type": "Polygon", "coordinates": [ [ [ -50.651612954878871, -23.18179550524524 ], [ -50.65140404055699, -23.182046003465473 ], [ -50.651478582613152, -23.182431753173017 ], [ -50.651501198330294, -23.182428391050362 ], [ -50.65192111014661, -23.182263451417551 ], [ -50.651758324322579, -23.181949544737861 ], [ -50.651612954878871, -23.18179550524524 ] ] ] } },
{ "type": "Feature", "properties": { "score_risco": 17, "nivel_risco": "BAIXO" }, "geometry": { "type": "Polygon", "coordinates": [ [ [ -50.655481706434379, -23.179433837762556 ], [ -50.655305680904966, -23.179238322352521 ], [ -50.653936770536127, -23.181168825663523 ], [ -50.653554547909913, -23.184560548546838 ], [ -50.655734342757221, -23.184300038819686 ], [ -50.656219347893469, -23.183843710079671 ], [ -50.656243382710905, -23.183582699120155 ], [ -50.65600198581626, -23.181976092150695 ], [ -50.655481706434379, -23.179433837762556 ] ] ] } },
{ "type": "Feature", "properties": { "score_risco": 86, "nivel_risco": "CRÍTICO" }, "geometry": { "type": "Polygon", "coordinates": [ [ [ -50.649569065413552, -23.182695766257591 ], [ -50.647757256120613, -23.182199210005926 ], [ -50.647189946281038, -23.182111022418681 ], [ -50.646865571996102, -23.182204254609729 ], [ -50.649641086938239, -23.18352502075874 ], [ -50.649697897759523, -23.182974056639896 ], [ -50.649569065413552, -23.182695766257591 ] ] ] } },
{ "type": "Feature", "properties": { "score_risco": 46, "nivel_risco": "MÉDIO" }, "geometry": { "type": "Polygon", "coordinates": [ [ [ -50.644654942158489, -23.180649436903128 ], [ -50.643417328430978, -23.181974728175682 ], [ -50.643360052818522, -23.182087205741471 ], [ -50.643961799110123, -23.183750084256058 ], [ -50.646102188559162, -23.184769661108213 ], [ -50.646360996721612, -23.182283257739513 ], [ -50.645813759635494, -23.181258249877519 ], [ -50.644654942158489, -23.180649436903128 ] ] ] } },
{ "type": "Feature", "properties": { "score_risco": 89, "nivel_risco": "CRÍTICO" }, "geometry": { "type": "Polygon", "coordinates": [ [ [ -50.643417328430978, -23.181974728175682 ], [ -50.642290016341455, -23.181897323255001 ], [ -50.641283735936902, -23.182324832405776 ], [ -50.64202615841068, -23.183110592953064 ], [ -50.64262612599201, -23.183057001966048 ], [ -50.643360052818522, -23.182087205741471 ], [ -50.643417328430978, -23.181974728175682 ] ] ] } },
{ "type": "Feature", "properties": { "score_risco": 28, "nivel_risco": "BAIXO" }, "geometry": { "type": "Polygon", "coordinates": [ [ [ -50.649524303978097, -23.182014483455614 ], [ -50.647757256120613, -23.182199210005926 ], [ -50.649569065413552, -23.182695766257591 ], [ -50.649660162402377, -23.182108817994276 ], [ -50.649524303978097, -23.182014483455614 ] ] ] } },
{ "type": "Feature", "properties": { "score_risco": 32, "nivel_risco": "BAIXO" }, "geometry": { "type": "Polygon", "coordinates": [ [ [ -50.647189946281038, -23.182111022418681 ], [ -50.647757256120613, -23.182199210005926 ], [ -50.649524303978097, -23.182014483455614 ], [ -50.649203584897911, -23.181529787702857 ], [ -50.648208177180926, -23.181495527905124 ], [ -50.647189946281038, -23.182111022418681 ] ] ] } },
{ "type": "Feature", "properties": { "score_risco": 24, "nivel_risco": "BAIXO" }, "geometry": { "type": "Polygon", "coordinates": [ [ [ -50.649780256204394, -23.180922737578861 ], [ -50.649396465002127, -23.181121139713888 ], [ -50.649325214023115, -23.18140849188423 ], [ -50.649528464033835, -23.18142632193787 ], [ -50.649780256204394, -23.180922737578861 ] ] ] } },
{ "type": "Feature", "properties": { "score_risco": 65, "nivel_risco": "ALTO" }, "geometry": { "type": "Polygon", "coordinates": [ [ [ -50.649396465002127, -23.181121139713888 ], [ -50.64884761371183, -23.180642094329905 ], [ -50.648208177180926, -23.181495527905124 ], [ -50.649203584897911, -23.181529787702857 ], [ -50.649325214023115, -23.18140849188423 ], [ -50.649396465002127, -23.181121139713888 ] ] ] } },
{ "type": "Feature", "properties": { "score_risco": 100, "nivel_risco": "CRÍTICO" }, "geometry": { "type": "Polygon", "coordinates": [ [ [ -50.648208177180926, -23.181495527905124 ], [ -50.64884761371183, -23.180642094329905 ], [ -50.6490880565621, -23.179890032482437 ], [ -50.647380321759051, -23.179307794339334 ], [ -50.645813759635494, -23.181258249877519 ], [ -50.646360996721612, -23.182283257739513 ], [ -50.646865571996102, -23.182204254609729 ], [ -50.647189946281038, -23.182111022418681 ], [ -50.648208177180926, -23.181495527905124 ] ] ] } },
{ "type": "Feature", "properties": { "score_risco": 15, "nivel_risco": "BAIXO" }, "geometry": { "type": "Polygon", "coordinates": [ [ [ -50.644654942158489, -23.180649436903128 ], [ -50.643484097085995, -23.179242225167517 ], [ -50.642763856183528, -23.179124694138977 ], [ -50.642290016341455, -23.181897323255001 ], [ -50.643417328430978, -23.181974728175682 ], [ -50.644654942158489, -23.180649436903128 ] ] ] } },
{ "type": "Feature", "properties": { "score_risco": 46, "nivel_risco": "MÉDIO" }, "geometry": { "type": "Polygon", "coordinates": [ [ [ -50.642763856183528, -23.179124694138977 ], [ -50.640776735090554, -23.17867971281888 ], [ -50.640979891565308, -23.182145512047182 ], [ -50.641283735936902, -23.182324832405776 ], [ -50.642290016341455, -23.181897323255001 ], [ -50.642763856183528, -23.179124694138977 ] ] ] } },
{ "type": "Feature", "properties": { "score_risco": 60, "nivel_risco": "ALTO" }, "geometry": { "type": "Polygon", "coordinates": [ [ [ -50.63666103556546, -23.18881152858776 ], [ -50.636717748138793, -23.190360592019733 ], [ -50.637068847719625, -23.19020135157545 ], [ -50.637304962271187, -23.189593106748482 ], [ -50.63666103556546, -23.18881152858776 ] ] ] } },
{ "type": "Feature", "properties": { "score_risco": 26, "nivel_risco": "BAIXO" }, "geometry": { "type": "Polygon", "coordinates": [ [ [ -50.638633209437124, -23.191143480786298 ], [ -50.640140531083212, -23.189302043335754 ], [ -50.640209695023593, -23.187674001028025 ], [ -50.639824149798805, -23.187267096247027 ], [ -50.639123687039479, -23.187133855149902 ], [ -50.63832879414133, -23.18995025021292 ], [ -50.638377069731348, -23.190424818292637 ], [ -50.638633209437124, -23.191143480786298 ] ] ] } },
{ "type": "Feature", "properties": { "score_risco": 96, "nivel_risco": "CRÍTICO" }, "geometry": { "type": "Polygon", "coordinates": [ [ [ -50.637304962271187, -23.189593106748482 ], [ -50.63832879414133, -23.18995025021292 ], [ -50.639123687039479, -23.187133855149902 ], [ -50.638447060247792, -23.186748080390434 ], [ -50.635441257253596, -23.186074990432534 ], [ -50.63666103556546, -23.18881152858776 ], [ -50.637304962271187, -23.189593106748482 ] ] ] } },
{ "type": "Feature", "properties": { "score_risco": 35, "nivel_risco": "BAIXO" }, "geometry": { "type": "Polygon", "coordinates": [ [ [ -50.621632329258951, -23.188315078048721 ], [ -50.62535307632718, -23.174139260453263 ], [ -50.62478009067565, -23.172156119803233 ], [ -50.623293592438536, -23.172947636846441 ], [ -50.622713092413015, -23.173286734189592 ], [ -50.603765678681739, -23.191232666306618 ], [ -50.599597028405675, -23.198866635530194 ], [ -50.614633145321967, -23.193858774194531 ], [ -50.621632329258951, -23.188315078048721 ] ] ] } },
{ "type": "Feature", "properties": { "score_risco": 27, "nivel_risco": "BAIXO" }, "geometry": { "type": "Polygon", "coordinates": [ [ [ -50.639762191293137, -23.183098397886134 ], [ -50.637743724020481, -23.182297363707502 ], [ -50.635097182249503, -23.185934188806364 ], [ -50.635441257253596, -23.186074990432534 ], [ -50.638447060247792, -23.186748080390434 ], [ -50.639880544717016, -23.183566577780205 ], [ -50.639762191293137, -23.183098397886134 ] ] ] } },
{ "type": "Feature", "properties": { "score_risco": 92, "nivel_risco": "CRÍTICO" }, "geometry": { "type": "Polygon", "coordinates": [ [ [ -50.636047616109039, -23.178318600819356 ], [ -50.632626287129803, -23.178426302114246 ], [ -50.631305549897036, -23.178535993094776 ], [ -50.630455167765547, -23.179406888660186 ], [ -50.624081108190907, -23.186846684076595 ], [ -50.635097182249503, -23.185934188806364 ], [ -50.637743724020481, -23.182297363707502 ], [ -50.6376390315381, -23.178694614329029 ], [ -50.636047616109039, -23.178318600819356 ] ] ] } },
{ "type": "Feature", "properties": { "score_risco": 23, "nivel_risco": "BAIXO" }, "geometry": { "type": "Polygon", "coordinates": [ [ [ -50.630455167765547, -23.179406888660186 ], [ -50.62747642449245, -23.174213830398283 ], [ -50.627315500139204, -23.174116926542393 ], [ -50.625974781206111, -23.173931449163643 ], [ -50.62535307632718, -23.174139260453263 ], [ -50.621632329258951, -23.188315078048721 ], [ -50.624081108190907, -23.186846684076595 ], [ -50.630455167765547, -23.179406888660186 ] ] ] } },
{ "type": "Feature", "properties": { "score_risco": 67, "nivel_risco": "ALTO" }, "geometry": { "type": "Polygon", "coordinates": [ [ [ -50.639750281568936, -23.17795417249549 ], [ -50.6376390315381, -23.178694614329029 ], [ -50.637743724020481, -23.182297363707502 ], [ -50.639762191293137, -23.183098397886134 ], [ -50.640979891565308, -23.182145512047182 ], [ -50.640776735090554, -23.17867971281888 ], [ -50.639750281568936, -23.17795417249549 ] ] ] } },
{ "type": "Feature", "properties": { "score_risco": 55, "nivel_risco": "MÉDIO" }, "geometry": { "type": "Polygon", "coordinates": [ [ [ -50.603765678681739, -23.191232666306618 ], [ -50.617939202622708, -23.163408789980267 ], [ -50.595121957605151, -23.161460408528246 ], [ -50.58271785007797, -23.170601329970186 ], [ -50.59861463812355, -23.199509061016304 ], [ -50.599597028405675, -23.198866635530194 ], [ -50.603765678681739, -23.191232666306618 ] ] ] } },
{ "type": "Feature", "properties": { "score_risco": 47, "nivel_risco": "MÉDIO" }, "geometry": { "type": "Polygon", "coordinates": [ [ [ -50.619196110033926, -23.162299598959631 ], [ -50.619060099045392, -23.162134129595916 ], [ -50.617939202622708, -23.163408789980267 ], [ -50.603765678681739, -23.191232666306618 ], [ -50.622713092413015, -23.173286734189592 ], [ -50.622643282297069, -23.172143149832561 ], [ -50.621857474209158, -23.166200215390663 ], [ -50.619196110033926, -23.162299598959631 ] ] ] } },
{ "type": "Feature", "properties": { "score_risco": 85, "nivel_risco": "CRÍTICO" }, "geometry": { "type": "Polygon", "coordinates": [ [ [ -50.649528464033835, -23.18142632193787 ], [ -50.649325214023115, -23.18140849188423 ], [ -50.649203584897911, -23.181529787702857 ], [ -50.649524303978097, -23.182014483455614 ], [ -50.649660162402377, -23.182108817994276 ], [ -50.650036364738291, -23.181845231754235 ], [ -50.650060719818349, -23.181770295994856 ], [ -50.649851382014091, -23.181454858875668 ], [ -50.649528464033835, -23.18142632193787 ] ] ] } },
{ "type": "Feature", "properties": { "score_risco": 34, "nivel_risco": "BAIXO" }, "geometry": { "type": "Polygon", "coordinates": [ [ [ -50.651592103652121, -23.18166159298573 ], [ -50.650860712694303, -23.181392769353888 ], [ -50.65084863826705, -23.1814059402104 ], [ -50.650800465673356, -23.181992098704452 ], [ -50.651391319241256, -23.182055134922795 ], [ -50.65140404055699, -23.182046003465473 ], [ -50.651612954878871, -23.18179550524524 ], [ -50.651592103652121, -23.18166159298573 ] ] ] } },
{ "type": "Feature", "properties": { "score_risco": 69, "nivel_risco": "ALTO" }, "geometry": { "type": "Polygon", "coordinates": [ [ [ -50.650800465673356, -23.181992098704452 ], [ -50.65084863826705, -23.1814059402104 ], [ -50.650205228089916, -23.181666425843364 ], [ -50.650060719818349, -23.181770295994856 ], [ -50.650036364738291, -23.181845231754235 ], [ -50.650123500724902, -23.18192993496125 ], [ -50.650796924684791, -23.182001975663962 ], [ -50.650800465673356, -23.181992098704452 ] ] ] } },
{ "type": "Feature", "properties": { "score_risco": 72, "nivel_risco": "ALTO" }, "geometry": { "type": "Polygon", "coordinates": [ [ [ -50.649851382014091, -23.181454858875668 ], [ -50.649834876230727, -23.180894481677246 ], [ -50.649780256204394, -23.180922737578861 ], [ -50.649528464033835, -23.18142632193787 ], [ -50.649851382014091, -23.181454858875668 ] ] ] } },
{ "type": "Feature", "properties": { "score_risco": 58, "nivel_risco": "MÉDIO" }, "geometry": { "type": "Polygon", "coordinates": [ [ [ -50.65015511126024, -23.180591579794047 ], [ -50.65001503532315, -23.180578492714382 ], [ -50.649834876230727, -23.180894481677246 ], [ -50.649851382014091, -23.181454858875668 ], [ -50.650060719818349, -23.181770295994856 ], [ -50.650205228089916, -23.181666425843364 ], [ -50.65015511126024, -23.180591579794047 ] ] ] } },
{ "type": "Feature", "properties": { "score_risco": 98, "nivel_risco": "CRÍTICO" }, "geometry": { "type": "Polygon", "coordinates": [ [ [ -50.650860712694303, -23.181392769353888 ], [ -50.65074178136485, -23.180557322981343 ], [ -50.65015511126024, -23.180591579794047 ], [ -50.650205228089916, -23.181666425843364 ], [ -50.65084863826705, -23.1814059402104 ], [ -50.650860712694303, -23.181392769353888 ] ] ] } },
{ "type": "Feature", "properties": { "score_risco": 31, "nivel_risco": "BAIXO" }, "geometry": { "type": "Polygon", "coordinates": [ [ [ -50.659599953355098, -23.18039818856256 ], [ -50.655481706434379, -23.179433837762556 ], [ -50.65600198581626, -23.181976092150695 ], [ -50.65864852893079, -23.182286096993955 ], [ -50.659170890034297, -23.182099185793415 ], [ -50.659599953355098, -23.18039818856256 ] ] ] } },
{ "type": "Feature", "properties": { "score_risco": 94, "nivel_risco": "CRÍTICO" }, "geometry": { "type": "Polygon", "coordinates": [ [ [ -50.655305680904966, -23.179238322352521 ], [ -50.655030926043622, -23.178687351543861 ], [ -50.654127582903079, -23.178613295126198 ], [ -50.651592103652121, -23.18166159298573 ], [ -50.651612954878871, -23.18179550524524 ], [ -50.651758324322579, -23.181949544737861 ], [ -50.65338946964097, -23.181778114563219 ], [ -50.653936770536127, -23.181168825663523 ], [ -50.655305680904966, -23.179238322352521 ] ] ] } },
{ "type": "Feature", "properties": { "score_risco": 46, "nivel_risco": "MÉDIO" }, "geometry": { "type": "Polygon", "coordinates": [ [ [ -50.652964666445037, -23.17834566940067 ], [ -50.65074178136485, -23.180557322981343 ], [ -50.650860712694303, -23.181392769353888 ], [ -50.651592103652121, -23.18166159298573 ], [ -50.654127582903079, -23.178613295126198 ], [ -50.652964666445037, -23.17834566940067 ] ] ] } },
{ "type": "Feature", "properties": { "score_risco": 54, "nivel_risco": "MÉDIO" }, "geometry": { "type": "Polygon", "coordinates": [ [ [ -50.651042386293135, -23.177328810557857 ], [ -50.649187223234797, -23.179860761551573 ], [ -50.65001503532315, -23.180578492714382 ], [ -50.65015511126024, -23.180591579794047 ], [ -50.65074178136485, -23.180557322981343 ], [ -50.652964666445037, -23.17834566940067 ], [ -50.651116637325046, -23.177363430652317 ], [ -50.651042386293135, -23.177328810557857 ] ] ] } },
{ "type": "Feature", "properties": { "score_risco": 92, "nivel_risco": "CRÍTICO" }, "geometry": { "type": "Polygon", "coordinates": [ [ [ -50.65001503532315, -23.180578492714382 ], [ -50.649187223234797, -23.179860761551573 ], [ -50.6490880565621, -23.179890032482437 ], [ -50.64884761371183, -23.180642094329905 ], [ -50.649396465002127, -23.181121139713888 ], [ -50.649780256204394, -23.180922737578861 ], [ -50.649834876230727, -23.180894481677246 ], [ -50.65001503532315, -23.180578492714382 ] ] ] } },
{ "type": "Feature", "properties": { "score_risco": 72, "nivel_risco": "ALTO" }, "geometry": { "type": "Polygon", "coordinates": [ [ [ -50.645813759635494, -23.181258249877519 ], [ -50.647380321759051, -23.179307794339334 ], [ -50.647382388164957, -23.179280348506769 ], [ -50.647182551822894, -23.178894550781237 ], [ -50.645085647795824, -23.177573748585413 ], [ -50.644160530807262, -23.17833941799584 ], [ -50.643484097085995, -23.179242225167517 ], [ -50.644654942158489, -23.180649436903128 ], [ -50.645813759635494, -23.181258249877519 ] ] ] } },
{ "type": "Feature", "properties": { "score_risco": 88, "nivel_risco": "CRÍTICO" }, "geometry": { "type": "Polygon", "coordinates": [ [ [ -50.651042386293135, -23.177328810557857 ], [ -50.651037828908947, -23.177324494561546 ], [ -50.648450261242509, -23.178161775518163 ], [ -50.647382388164957, -23.179280348506769 ], [ -50.647380321759051, -23.179307794339334 ], [ -50.6490880565621, -23.179890032482437 ], [ -50.649187223234797, -23.179860761551573 ], [ -50.651042386293135, -23.177328810557857 ] ] ] } },
{ "type": "Feature", "properties": { "score_risco": 28, "nivel_risco": "BAIXO" }, "geometry": { "type": "Polygon", "coordinates": [ [ [ -50.646993739845534, -23.176703706151091 ], [ -50.647182551822894, -23.178894550781237 ], [ -50.647382388164957, -23.179280348506769 ], [ -50.648450261242509, -23.178161775518163 ], [ -50.64719029937752, -23.176546646162691 ], [ -50.646993739845534, -23.176703706151091 ] ] ] } },
{ "type": "Feature", "properties": { "score_risco": 67, "nivel_risco": "ALTO" }, "geometry": { "type": "Polygon", "coordinates": [ [ [ -50.646993739845534, -23.176703706151091 ], [ -50.645430454781078, -23.177030097563801 ], [ -50.645085647795824, -23.177573748585413 ], [ -50.647182551822894, -23.178894550781237 ], [ -50.646993739845534, -23.176703706151091 ] ] ] } },
{ "type": "Feature", "properties": { "score_risco": 97, "nivel_risco": "CRÍTICO" }, "geometry": { "type": "Polygon", "coordinates": [ [ [ -50.644160530807262, -23.17833941799584 ], [ -50.643542403912541, -23.175782633874441 ], [ -50.639791096389139, -23.177805058033336 ], [ -50.639750281568936, -23.17795417249549 ], [ -50.640776735090554, -23.17867971281888 ], [ -50.642763856183528, -23.179124694138977 ], [ -50.643484097085995, -23.179242225167517 ], [ -50.644160530807262, -23.17833941799584 ] ] ] } },
{ "type": "Feature", "properties": { "score_risco": 77, "nivel_risco": "ALTO" }, "geometry": { "type": "Polygon", "coordinates": [ [ [ -50.645430454781078, -23.177030097563801 ], [ -50.644828944319663, -23.175335363574163 ], [ -50.644290897269933, -23.174975958525589 ], [ -50.644090152086157, -23.174919404212563 ], [ -50.643542403912541, -23.175782633874441 ], [ -50.644160530807262, -23.17833941799584 ], [ -50.645085647795824, -23.177573748585413 ], [ -50.645430454781078, -23.177030097563801 ] ] ] } },
{ "type": "Feature", "properties": { "score_risco": 44, "nivel_risco": "MÉDIO" }, "geometry": { "type": "Polygon", "coordinates": [ [ [ -50.649129157499189, -23.173885926843496 ], [ -50.648881474868602, -23.174106042308058 ], [ -50.64719029937752, -23.176546646162691 ], [ -50.648450261242509, -23.178161775518163 ], [ -50.651037828908947, -23.177324494561546 ], [ -50.649129157499189, -23.173885926843496 ] ] ] } },
{ "type": "Feature", "properties": { "score_risco": 98, "nivel_risco": "CRÍTICO" }, "geometry": { "type": "Polygon", "coordinates": [ [ [ -50.648881474868602, -23.174106042308058 ], [ -50.644828944319663, -23.175335363574163 ], [ -50.645430454781078, -23.177030097563801 ], [ -50.646993739845534, -23.176703706151091 ], [ -50.64719029937752, -23.176546646162691 ], [ -50.648881474868602, -23.174106042308058 ] ] ] } },
{ "type": "Feature", "properties": { "score_risco": 87, "nivel_risco": "CRÍTICO" }, "geometry": { "type": "Polygon", "coordinates": [ [ [ -50.649191596090915, -23.173296868698497 ], [ -50.648653097612538, -23.17333643745247 ], [ -50.64538121729894, -23.173860703232755 ], [ -50.644290897269933, -23.174975958525589 ], [ -50.644828944319663, -23.175335363574163 ], [ -50.648881474868602, -23.174106042308058 ], [ -50.649129157499189, -23.173885926843496 ], [ -50.649191596090915, -23.173296868698497 ] ] ] } },
{ "type": "Feature", "properties": { "score_risco": 82, "nivel_risco": "CRÍTICO" }, "geometry": { "type": "Polygon", "coordinates": [ [ [ -50.665309682304354, -23.179752973244913 ], [ -50.664796367370023, -23.179053358268753 ], [ -50.664123858532037, -23.180097692565976 ], [ -50.664808897101736, -23.180192055794507 ], [ -50.665309682304354, -23.179752973244913 ] ] ] } },
{ "type": "Feature", "properties": { "score_risco": 11, "nivel_risco": "BAIXO" }, "geometry": { "type": "Polygon", "coordinates": [ [ [ -50.664395105097299, -23.177857763130145 ], [ -50.663913073337447, -23.180112776976792 ], [ -50.664123858532037, -23.180097692565976 ], [ -50.664796367370023, -23.179053358268753 ], [ -50.664395105097299, -23.177857763130145 ] ] ] } },
{ "type": "Feature", "properties": { "score_risco": 66, "nivel_risco": "ALTO" }, "geometry": { "type": "Polygon", "coordinates": [ [ [ -50.664126422842095, -23.175486450312132 ], [ -50.663945616950777, -23.175587722136189 ], [ -50.661910684706854, -23.176780699531975 ], [ -50.66121837897861, -23.180029846113666 ], [ -50.66154302087341, -23.18023958921821 ], [ -50.662697843016623, -23.180693210619729 ], [ -50.663913073337447, -23.180112776976792 ], [ -50.664395105097299, -23.177857763130145 ], [ -50.664126422842095, -23.175486450312132 ] ] ] } },
{ "type": "Feature", "properties": { "score_risco": 98, "nivel_risco": "CRÍTICO" }, "geometry": { "type": "Polygon", "coordinates": [ [ [ -50.66940968717018, -23.176505525925748 ], [ -50.668547009576507, -23.175712322861603 ], [ -50.666544026314391, -23.177087515485887 ], [ -50.668546075624569, -23.179148648104288 ], [ -50.668705656813891, -23.179244054910658 ], [ -50.671189627514714, -23.179506301737245 ], [ -50.66940968717018, -23.176505525925748 ] ] ] } },
{ "type": "Feature", "properties": { "score_risco": 29, "nivel_risco": "BAIXO" }, "geometry": { "type": "Polygon", "coordinates": [ [ [ -50.671800386950885, -23.176843112782304 ], [ -50.66879221958699, -23.175050257387323 ], [ -50.66940968717018, -23.176505525925748 ], [ -50.671189627514714, -23.179506301737245 ], [ -50.673776835355241, -23.180033239820752 ], [ -50.671800386950885, -23.176843112782304 ] ] ] } },
{ "type": "Feature", "properties": { "score_risco": 18, "nivel_risco": "BAIXO" }, "geometry": { "type": "Polygon", "coordinates": [ [ [ -50.668546075624569, -23.179148648104288 ], [ -50.666544026314391, -23.177087515485887 ], [ -50.664431406637995, -23.175223615572811 ], [ -50.66442918608643, -23.175222170989336 ], [ -50.664126422842095, -23.175486450312132 ], [ -50.664395105097299, -23.177857763130145 ], [ -50.664796367370023, -23.179053358268753 ], [ -50.665309682304354, -23.179752973244913 ], [ -50.666418681976928, -23.179665505168252 ], [ -50.668546075624569, -23.179148648104288 ] ] ] } },
{ "type": "Feature", "properties": { "score_risco": 49, "nivel_risco": "MÉDIO" }, "geometry": { "type": "Polygon", "coordinates": [ [ [ -50.668711984818437, -23.175028553135501 ], [ -50.664431406637995, -23.175223615572811 ], [ -50.666544026314391, -23.177087515485887 ], [ -50.668547009576507, -23.175712322861603 ], [ -50.668711984818437, -23.175028553135501 ] ] ] } },
{ "type": "Feature", "properties": { "score_risco": 96, "nivel_risco": "CRÍTICO" }, "geometry": { "type": "Polygon", "coordinates": [ [ [ -50.671057974449759, -23.175530846970524 ], [ -50.668799144190906, -23.174964550669305 ], [ -50.668765887654502, -23.17500939962353 ], [ -50.66879221958699, -23.175050257387323 ], [ -50.671800386950885, -23.176843112782304 ], [ -50.671057974449759, -23.175530846970524 ] ] ] } },
{ "type": "Feature", "properties": { "score_risco": 96, "nivel_risco": "CRÍTICO" }, "geometry": { "type": "Polygon", "coordinates": [ [ [ -50.668711984818437, -23.175028553135501 ], [ -50.668547009576507, -23.175712322861603 ], [ -50.66940968717018, -23.176505525925748 ], [ -50.66879221958699, -23.175050257387323 ], [ -50.668765887654502, -23.17500939962353 ], [ -50.668711984818437, -23.175028553135501 ] ] ] } },
{ "type": "Feature", "properties": { "score_risco": 47, "nivel_risco": "MÉDIO" }, "geometry": { "type": "Polygon", "coordinates": [ [ [ -50.663945616950777, -23.175587722136189 ], [ -50.660629693969952, -23.173851922078168 ], [ -50.660589767498429, -23.173845420390457 ], [ -50.659124663189004, -23.175841184473779 ], [ -50.661910684706854, -23.176780699531975 ], [ -50.663945616950777, -23.175587722136189 ] ] ] } },
{ "type": "Feature", "properties": { "score_risco": 45, "nivel_risco": "MÉDIO" }, "geometry": { "type": "Polygon", "coordinates": [ [ [ -50.670494409614257, -23.174994851920037 ], [ -50.669116901093595, -23.174713473060908 ], [ -50.66884861577001, -23.174847010965703 ], [ -50.668799144190906, -23.174964550669305 ], [ -50.671057974449759, -23.175530846970524 ], [ -50.671054516523931, -23.175523008744459 ], [ -50.670494409614257, -23.174994851920037 ] ] ] } },
{ "type": "Feature", "properties": { "score_risco": 52, "nivel_risco": "MÉDIO" }, "geometry": { "type": "Polygon", "coordinates": [ [ [ -50.670206470888694, -23.174607622400234 ], [ -50.669389720656554, -23.174399389167974 ], [ -50.669116901093595, -23.174713473060908 ], [ -50.670494409614257, -23.174994851920037 ], [ -50.670206470888694, -23.174607622400234 ] ] ] } },
{ "type": "Feature", "properties": { "score_risco": 15, "nivel_risco": "BAIXO" }, "geometry": { "type": "Polygon", "coordinates": [ [ [ -50.670088037461376, -23.173844920186024 ], [ -50.670063134673072, -23.174227264856743 ], [ -50.670206470888694, -23.174607622400234 ], [ -50.670494409614257, -23.174994851920037 ], [ -50.671054516523931, -23.175523008744459 ], [ -50.6710537270773, -23.174393486048334 ], [ -50.670377762852944, -23.17358289811996 ], [ -50.670203069368242, -23.173669801863326 ], [ -50.670088037461376, -23.173844920186024 ] ] ] } },
{ "type": "Feature", "properties": { "score_risco": 12, "nivel_risco": "BAIXO" }, "geometry": { "type": "Polygon", "coordinates": [ [ [ -50.670063134673072, -23.174227264856743 ], [ -50.669407302621572, -23.174031392875417 ], [ -50.669389720656554, -23.174399389167974 ], [ -50.670206470888694, -23.174607622400234 ], [ -50.670063134673072, -23.174227264856743 ] ] ] } },
{ "type": "Feature", "properties": { "score_risco": 65, "nivel_risco": "ALTO" }, "geometry": { "type": "Polygon", "coordinates": [ [ [ -50.670088037461376, -23.173844920186024 ], [ -50.669225205152131, -23.173667138114755 ], [ -50.669407302621572, -23.174031392875417 ], [ -50.670063134673072, -23.174227264856743 ], [ -50.670088037461376, -23.173844920186024 ] ] ] } },
{ "type": "Feature", "properties": { "score_risco": 29, "nivel_risco": "BAIXO" }, "geometry": { "type": "Polygon", "coordinates": [ [ [ -50.66884861577001, -23.174847010965703 ], [ -50.669116901093595, -23.174713473060908 ], [ -50.669389720656554, -23.174399389167974 ], [ -50.669407302621572, -23.174031392875417 ], [ -50.669225205152131, -23.173667138114755 ], [ -50.668299971585171, -23.172697247939244 ], [ -50.66884861577001, -23.174847010965703 ] ] ] } },
{ "type": "Feature", "properties": { "score_risco": 14, "nivel_risco": "BAIXO" }, "geometry": { "type": "Polygon", "coordinates": [ [ [ -50.66442918608643, -23.175222170989336 ], [ -50.664784533060249, -23.171059448703993 ], [ -50.660629693969952, -23.173851922078168 ], [ -50.663945616950777, -23.175587722136189 ], [ -50.664126422842095, -23.175486450312132 ], [ -50.66442918608643, -23.175222170989336 ] ] ] } },
{ "type": "Feature", "properties": { "score_risco": 90, "nivel_risco": "CRÍTICO" }, "geometry": { "type": "Polygon", "coordinates": [ [ [ -50.671513580618935, -23.171457223958381 ], [ -50.670377762852944, -23.17358289811996 ], [ -50.6710537270773, -23.174393486048334 ], [ -50.671585776866749, -23.172808223051124 ], [ -50.671513580618935, -23.171457223958381 ] ] ] } },
{ "type": "Feature", "properties": { "score_risco": 95, "nivel_risco": "CRÍTICO" }, "geometry": { "type": "Polygon", "coordinates": [ [ [ -50.667405693548822, -23.171198440955607 ], [ -50.664846080114152, -23.170391879661885 ], [ -50.664784533060249, -23.171059448703993 ], [ -50.66442918608643, -23.175222170989336 ], [ -50.664431406637995, -23.175223615572811 ], [ -50.668711984818437, -23.175028553135501 ], [ -50.668765887654502, -23.17500939962353 ], [ -50.668799144190906, -23.174964550669305 ], [ -50.66884861577001, -23.174847010965703 ], [ -50.668299971585171, -23.172697247939244 ], [ -50.667692810922162, -23.171631770253619 ], [ -50.667405693548822, -23.171198440955607 ] ] ] } },
{ "type": "Feature", "properties": { "score_risco": 30, "nivel_risco": "BAIXO" }, "geometry": { "type": "Polygon", "coordinates": [ [ [ -50.670203069368242, -23.173669801863326 ], [ -50.667692810922162, -23.171631770253619 ], [ -50.668299971585171, -23.172697247939244 ], [ -50.669225205152131, -23.173667138114755 ], [ -50.670088037461376, -23.173844920186024 ], [ -50.670203069368242, -23.173669801863326 ] ] ] } },
{ "type": "Feature", "properties": { "score_risco": 75, "nivel_risco": "ALTO" }, "geometry": { "type": "Polygon", "coordinates": [ [ [ -50.67154974483681, -23.171156527951219 ], [ -50.667405693548822, -23.171198440955607 ], [ -50.667692810922162, -23.171631770253619 ], [ -50.670203069368242, -23.173669801863326 ], [ -50.670377762852944, -23.17358289811996 ], [ -50.671513580618935, -23.171457223958381 ], [ -50.67154974483681, -23.171156527951219 ] ] ] } },
{ "type": "Feature", "properties": { "score_risco": 64, "nivel_risco": "ALTO" }, "geometry": { "type": "Polygon", "coordinates": [ [ [ -50.664846080114152, -23.170391879661885 ], [ -50.663914724246837, -23.168555913608593 ], [ -50.66354727839439, -23.168211774434202 ], [ -50.660225538658928, -23.171630909046154 ], [ -50.660589767498429, -23.173845420390457 ], [ -50.660629693969952, -23.173851922078168 ], [ -50.664784533060249, -23.171059448703993 ], [ -50.664846080114152, -23.170391879661885 ] ] ] } },
{ "type": "Feature", "properties": { "score_risco": 77, "nivel_risco": "ALTO" }, "geometry": { "type": "Polygon", "coordinates": [ [ [ -50.673400123469634, -23.16848674500665 ], [ -50.668467723764579, -23.167294695843349 ], [ -50.663914724246837, -23.168555913608593 ], [ -50.664846080114152, -23.170391879661885 ], [ -50.667405693548822, -23.171198440955607 ], [ -50.67154974483681, -23.171156527951219 ], [ -50.6751096683955, -23.169238475443926 ], [ -50.673400123469634, -23.16848674500665 ] ] ] } },
{ "type": "Feature", "properties": { "score_risco": 34, "nivel_risco": "BAIXO" }, "geometry": { "type": "Polygon", "coordinates": [ [ [ -50.67025052718931, -23.165160503898157 ], [ -50.668467723764579, -23.167294695843349 ], [ -50.673400123469634, -23.16848674500665 ], [ -50.67025052718931, -23.165160503898157 ] ] ] } },
{ "type": "Feature", "properties": { "score_risco": 96, "nivel_risco": "CRÍTICO" }, "geometry": { "type": "Polygon", "coordinates": [ [ [ -50.670807319746032, -23.162831054750786 ], [ -50.663415847852825, -23.167983041362021 ], [ -50.66354727839439, -23.168211774434202 ], [ -50.663914724246837, -23.168555913608593 ], [ -50.668467723764579, -23.167294695843349 ], [ -50.67025052718931, -23.165160503898157 ], [ -50.670807319746032, -23.162831054750786 ] ] ] } },
{ "type": "Feature", "properties": { "score_risco": 63, "nivel_risco": "ALTO" }, "geometry": { "type": "Polygon", "coordinates": [ [ [ -50.674701252008944, -23.155297747594553 ], [ -50.662327241262503, -23.166498304860223 ], [ -50.663415847852825, -23.167983041362021 ], [ -50.670807319746032, -23.162831054750786 ], [ -50.674701252008944, -23.155297747594553 ] ] ] } },
{ "type": "Feature", "properties": { "score_risco": 51, "nivel_risco": "MÉDIO" }, "geometry": { "type": "Polygon", "coordinates": [ [ [ -50.732308682659564, -23.261922001371456 ], [ -50.732610327619241, -23.263737907687219 ], [ -50.732874070260934, -23.263915443697233 ], [ -50.748502427419176, -23.262194031346489 ], [ -50.748395827419181, -23.261226231346491 ], [ -50.748352029345867, -23.260868207149468 ], [ -50.747986340594707, -23.258150435246847 ], [ -50.732308682659564, -23.261922001371456 ] ] ] } },
{ "type": "Feature", "properties": { "score_risco": 64, "nivel_risco": "ALTO" }, "geometry": { "type": "Polygon", "coordinates": [ [ [ -50.715369237483316, -23.235936454568648 ], [ -50.713700924418553, -23.238806510552433 ], [ -50.710930994629365, -23.244056304349677 ], [ -50.72805908119539, -23.25963912321269 ], [ -50.732308682659564, -23.261922001371456 ], [ -50.747986340594707, -23.258150435246847 ], [ -50.744387065684748, -23.231400888838696 ], [ -50.715369237483316, -23.235936454568648 ] ] ] } },
{ "type": "Feature", "properties": { "score_risco": 16, "nivel_risco": "BAIXO" }, "geometry": { "type": "Polygon", "coordinates": [ [ [ -50.727052560786397, -23.205366761835027 ], [ -50.723559317218509, -23.205566366579475 ], [ -50.723232610912532, -23.205669348035087 ], [ -50.704793427793888, -23.219779022384685 ], [ -50.715369237483316, -23.235936454568648 ], [ -50.744387065684748, -23.231400888838696 ], [ -50.741246673687705, -23.208061726488989 ], [ -50.727052560786397, -23.205366761835027 ] ] ] } },
{ "type": "Feature", "properties": { "score_risco": 35, "nivel_risco": "BAIXO" }, "geometry": { "type": "Polygon", "coordinates": [ [ [ -50.724774538354744, -23.201933304218169 ], [ -50.725208089497549, -23.20363393636757 ], [ -50.727052560786397, -23.205366761835027 ], [ -50.741246673687705, -23.208061726488989 ], [ -50.740270329345869, -23.200805607149469 ], [ -50.739984292930856, -23.199281158004318 ], [ -50.739542363212095, -23.197794396372267 ], [ -50.738949265423962, -23.19636121911855 ], [ -50.738211341131503, -23.194996950169454 ], [ -50.737336480424688, -23.19371617666468 ], [ -50.736334037555366, -23.192532592987614 ], [ -50.735214730919054, -23.191458854341217 ], [ -50.73399052845086, -23.190506441435105 ], [ -50.732291477286481, -23.189320337073671 ], [ -50.724774538354744, -23.201933304218169 ] ] ] } },
{ "type": "Feature", "properties": { "score_risco": 96, "nivel_risco": "CRÍTICO" }, "geometry": { "type": "Polygon", "coordinates": [ [ [ -50.702357970191677, -23.17994991017104 ], [ -50.701512315329175, -23.187741773542367 ], [ -50.722555919262781, -23.202621371186677 ], [ -50.72279853630107, -23.202649187479437 ], [ -50.723753066432451, -23.202677421282008 ], [ -50.723981720958534, -23.202545843232738 ], [ -50.724774538354744, -23.201933304218169 ], [ -50.732291477286481, -23.189320337073671 ], [ -50.706941190554794, -23.171623350492951 ], [ -50.702357970191677, -23.17994991017104 ] ] ] } },
{ "type": "Feature", "properties": { "score_risco": 56, "nivel_risco": "MÉDIO" }, "geometry": { "type": "Polygon", "coordinates": [ [ [ -50.674701252008944, -23.155297747594553 ], [ -50.670807319746032, -23.162831054750786 ], [ -50.67025052718931, -23.165160503898157 ], [ -50.673400123469634, -23.16848674500665 ], [ -50.6751096683955, -23.169238475443926 ], [ -50.699349256915497, -23.166323436170149 ], [ -50.677798610731159, -23.151278971373095 ], [ -50.674701252008944, -23.155297747594553 ] ] ] } },
{ "type": "Feature", "properties": { "score_risco": 100, "nivel_risco": "CRÍTICO" }, "geometry": { "type": "Polygon", "coordinates": [ [ [ -50.701512315329175, -23.187741773542367 ], [ -50.702357970191677, -23.17994991017104 ], [ -50.690257157707869, -23.182221718843298 ], [ -50.669715321376948, -23.197890365773031 ], [ -50.668695378013311, -23.202592445254641 ], [ -50.668980554193283, -23.203988754985648 ], [ -50.691817903358192, -23.212258396447421 ], [ -50.697802907448491, -23.210854767393911 ], [ -50.701512315329175, -23.187741773542367 ] ] ] } },
{ "type": "Feature", "properties": { "score_risco": 19, "nivel_risco": "BAIXO" }, "geometry": { "type": "Polygon", "coordinates": [ [ [ -50.690257157707869, -23.182221718843298 ], [ -50.678567646654265, -23.182389543315129 ], [ -50.668947693365475, -23.187653407801413 ], [ -50.667933696354929, -23.191522038637888 ], [ -50.669715321376948, -23.197890365773031 ], [ -50.690257157707869, -23.182221718843298 ] ] ] } },
{ "type": "Feature", "properties": { "score_risco": 53, "nivel_risco": "MÉDIO" }, "geometry": { "type": "Polygon", "coordinates": [ [ [ -50.675705752879473, -23.180903542016949 ], [ -50.673776835355241, -23.180033239820752 ], [ -50.671189627514714, -23.179506301737245 ], [ -50.668705656813891, -23.179244054910658 ], [ -50.667203890786375, -23.181079170120153 ], [ -50.668844798124312, -23.187589901801118 ], [ -50.668947693365475, -23.187653407801413 ], [ -50.678567646654265, -23.182389543315129 ], [ -50.675705752879473, -23.180903542016949 ] ] ] } },
{ "type": "Feature", "properties": { "score_risco": 63, "nivel_risco": "ALTO" }, "geometry": { "type": "Polygon", "coordinates": [ [ [ -50.671585776866749, -23.172808223051124 ], [ -50.6710537270773, -23.174393486048334 ], [ -50.671054516523931, -23.175523008744459 ], [ -50.671057974449759, -23.175530846970524 ], [ -50.671800386950885, -23.176843112782304 ], [ -50.673776835355241, -23.180033239820752 ], [ -50.675705752879473, -23.180903542016949 ], [ -50.671585776866749, -23.172808223051124 ] ] ] } },
{ "type": "Feature", "properties": { "score_risco": 38, "nivel_risco": "BAIXO" }, "geometry": { "type": "Polygon", "coordinates": [ [ [ -50.702357970191677, -23.17994991017104 ], [ -50.706941190554794, -23.171623350492951 ], [ -50.699349256915497, -23.166323436170149 ], [ -50.6751096683955, -23.169238475443926 ], [ -50.67154974483681, -23.171156527951219 ], [ -50.671513580618935, -23.171457223958381 ], [ -50.671585776866749, -23.172808223051124 ], [ -50.675705752879473, -23.180903542016949 ], [ -50.678567646654265, -23.182389543315129 ], [ -50.690257157707869, -23.182221718843298 ], [ -50.702357970191677, -23.17994991017104 ] ] ] } },
{ "type": "Feature", "properties": { "score_risco": 59, "nivel_risco": "MÉDIO" }, "geometry": { "type": "Polygon", "coordinates": [ [ [ -50.644128770169338, -23.147664479343433 ], [ -50.649754240754902, -23.157184352935982 ], [ -50.655644066117254, -23.161629046597401 ], [ -50.662327241262503, -23.166498304860223 ], [ -50.674701252008944, -23.155297747594553 ], [ -50.677798610731159, -23.151278971373095 ], [ -50.674108828450862, -23.148703141435103 ], [ -50.672779857239796, -23.147875063393482 ], [ -50.671371801996038, -23.147190039194356 ], [ -50.669900006627522, -23.146655533706944 ], [ -50.668380509633259, -23.146277371562785 ], [ -50.643023832378752, -23.141356083414212 ], [ -50.644128770169338, -23.147664479343433 ] ] ] } },
{ "type": "Feature", "properties": { "score_risco": 31, "nivel_risco": "BAIXO" }, "geometry": { "type": "Polygon", "coordinates": [ [ [ -50.631498882169474, -23.174691930466956 ], [ -50.628036934489216, -23.1738254866791 ], [ -50.62747642449245, -23.174213830398283 ], [ -50.630455167765547, -23.179406888660186 ], [ -50.631305549897036, -23.178535993094776 ], [ -50.631498882169474, -23.174691930466956 ] ] ] } },
{ "type": "Feature", "properties": { "score_risco": 96, "nivel_risco": "CRÍTICO" }, "geometry": { "type": "Polygon", "coordinates": [ [ [ -50.636047616109039, -23.178318600819356 ], [ -50.636342052482824, -23.17579105633417 ], [ -50.635623811048795, -23.17427646372391 ], [ -50.632626287129803, -23.178426302114246 ], [ -50.636047616109039, -23.178318600819356 ] ] ] } },
{ "type": "Feature", "properties": { "score_risco": 99, "nivel_risco": "CRÍTICO" }, "geometry": { "type": "Polygon", "coordinates": [ [ [ -50.62747642449245, -23.174213830398283 ], [ -50.628036934489216, -23.1738254866791 ], [ -50.627674504400439, -23.173444342153221 ], [ -50.627315500139204, -23.174116926542393 ], [ -50.62747642449245, -23.174213830398283 ] ] ] } },
{ "type": "Feature", "properties": { "score_risco": 20, "nivel_risco": "BAIXO" }, "geometry": { "type": "Polygon", "coordinates": [ [ [ -50.627473387489459, -23.172809975587356 ], [ -50.625974781206111, -23.173931449163643 ], [ -50.627315500139204, -23.174116926542393 ], [ -50.627674504400439, -23.173444342153221 ], [ -50.627473387489459, -23.172809975587356 ] ] ] } },
{ "type": "Feature", "properties": { "score_risco": 37, "nivel_risco": "BAIXO" }, "geometry": { "type": "Polygon", "coordinates": [ [ [ -50.640392386741695, -23.170153383209836 ], [ -50.640300935781745, -23.169758738757693 ], [ -50.63963544130366, -23.167288494445199 ], [ -50.636342052482824, -23.17579105633417 ], [ -50.636047616109039, -23.178318600819356 ], [ -50.6376390315381, -23.178694614329029 ], [ -50.639750281568936, -23.17795417249549 ], [ -50.639791096389139, -23.177805058033336 ], [ -50.640449905157467, -23.170470191721051 ], [ -50.640392386741695, -23.170153383209836 ] ] ] } },
{ "type": "Feature", "properties": { "score_risco": 65, "nivel_risco": "ALTO" }, "geometry": { "type": "Polygon", "coordinates": [ [ [ -50.635662936894228, -23.167435843184027 ], [ -50.63266921340734, -23.170235131583581 ], [ -50.632033495322823, -23.171218737984972 ], [ -50.631498882169474, -23.174691930466956 ], [ -50.631305549897036, -23.178535993094776 ], [ -50.632626287129803, -23.178426302114246 ], [ -50.635623811048795, -23.17427646372391 ], [ -50.635662936894228, -23.167435843184027 ] ] ] } },
{ "type": "Feature", "properties": { "score_risco": 68, "nivel_risco": "ALTO" }, "geometry": { "type": "Polygon", "coordinates": [ [ [ -50.632033495322823, -23.171218737984972 ], [ -50.628120263061575, -23.171578724904776 ], [ -50.627473387489459, -23.172809975587356 ], [ -50.627674504400439, -23.173444342153221 ], [ -50.628036934489216, -23.1738254866791 ], [ -50.631498882169474, -23.174691930466956 ], [ -50.632033495322823, -23.171218737984972 ] ] ] } },
{ "type": "Feature", "properties": { "score_risco": 36, "nivel_risco": "BAIXO" }, "geometry": { "type": "Polygon", "coordinates": [ [ [ -50.628120263061575, -23.171578724904776 ], [ -50.627975993285169, -23.171523465113186 ], [ -50.624796357057427, -23.171928935324043 ], [ -50.62478009067565, -23.172156119803233 ], [ -50.62535307632718, -23.174139260453263 ], [ -50.625974781206111, -23.173931449163643 ], [ -50.627473387489459, -23.172809975587356 ], [ -50.628120263061575, -23.171578724904776 ] ] ] } },
{ "type": "Feature", "properties": { "score_risco": 50, "nivel_risco": "MÉDIO" }, "geometry": { "type": "Polygon", "coordinates": [ [ [ -50.623293592438536, -23.172947636846441 ], [ -50.622643282297069, -23.172143149832561 ], [ -50.622713092413015, -23.173286734189592 ], [ -50.623293592438536, -23.172947636846441 ] ] ] } },
{ "type": "Feature", "properties": { "score_risco": 26, "nivel_risco": "BAIXO" }, "geometry": { "type": "Polygon", "coordinates": [ [ [ -50.632033495322823, -23.171218737984972 ], [ -50.63266921340734, -23.170235131583581 ], [ -50.629178239768031, -23.168986673347803 ], [ -50.626791258525088, -23.16989834026403 ], [ -50.627975993285169, -23.171523465113186 ], [ -50.628120263061575, -23.171578724904776 ], [ -50.632033495322823, -23.171218737984972 ] ] ] } },
{ "type": "Feature", "properties": { "score_risco": 31, "nivel_risco": "BAIXO" }, "geometry": { "type": "Polygon", "coordinates": [ [ [ -50.661910684706854, -23.176780699531975 ], [ -50.659124663189004, -23.175841184473779 ], [ -50.656718295697196, -23.175162769019966 ], [ -50.655030926043622, -23.178687351543861 ], [ -50.655305680904966, -23.179238322352521 ], [ -50.655481706434379, -23.179433837762556 ], [ -50.659599953355098, -23.18039818856256 ], [ -50.660956389992052, -23.180169841137733 ], [ -50.66121837897861, -23.180029846113666 ], [ -50.661910684706854, -23.176780699531975 ] ] ] } },
{ "type": "Feature", "properties": { "score_risco": 57, "nivel_risco": "MÉDIO" }, "geometry": { "type": "Polygon", "coordinates": [ [ [ -50.65671542002022, -23.175146563897076 ], [ -50.654489399214732, -23.172265520439865 ], [ -50.651116637325046, -23.177363430652317 ], [ -50.652964666445037, -23.17834566940067 ], [ -50.654127582903079, -23.178613295126198 ], [ -50.655030926043622, -23.178687351543861 ], [ -50.656718295697196, -23.175162769019966 ], [ -50.65671542002022, -23.175146563897076 ] ] ] } },
{ "type": "Feature", "properties": { "score_risco": 29, "nivel_risco": "BAIXO" }, "geometry": { "type": "Polygon", "coordinates": [ [ [ -50.660589767498429, -23.173845420390457 ], [ -50.660225538658928, -23.171630909046154 ], [ -50.658398693801978, -23.173322675785833 ], [ -50.65671542002022, -23.175146563897076 ], [ -50.656718295697196, -23.175162769019966 ], [ -50.659124663189004, -23.175841184473779 ], [ -50.660589767498429, -23.173845420390457 ] ] ] } },
{ "type": "Feature", "properties": { "score_risco": 33, "nivel_risco": "BAIXO" }, "geometry": { "type": "Polygon", "coordinates": [ [ [ -50.651034285155596, -23.167385762570131 ], [ -50.649191596090915, -23.173296868698497 ], [ -50.649129157499189, -23.173885926843496 ], [ -50.651037828908947, -23.177324494561546 ], [ -50.651042386293135, -23.177328810557857 ], [ -50.651116637325046, -23.177363430652317 ], [ -50.654489399214732, -23.172265520439865 ], [ -50.651034285155596, -23.167385762570131 ] ] ] } },
{ "type": "Feature", "properties": { "score_risco": 88, "nivel_risco": "CRÍTICO" }, "geometry": { "type": "Polygon", "coordinates": [ [ [ -50.662327241262503, -23.166498304860223 ], [ -50.655644066117254, -23.161629046597401 ], [ -50.658398693801978, -23.173322675785833 ], [ -50.660225538658928, -23.171630909046154 ], [ -50.66354727839439, -23.168211774434202 ], [ -50.663415847852825, -23.167983041362021 ], [ -50.662327241262503, -23.166498304860223 ] ] ] } },
{ "type": "Feature", "properties": { "score_risco": 82, "nivel_risco": "CRÍTICO" }, "geometry": { "type": "Polygon", "coordinates": [ [ [ -50.658398693801978, -23.173322675785833 ], [ -50.655644066117254, -23.161629046597401 ], [ -50.649754240754902, -23.157184352935982 ], [ -50.651034285155596, -23.167385762570131 ], [ -50.654489399214732, -23.172265520439865 ], [ -50.65671542002022, -23.175146563897076 ], [ -50.658398693801978, -23.173322675785833 ] ] ] } },
{ "type": "Feature", "properties": { "score_risco": 26, "nivel_risco": "BAIXO" }, "geometry": { "type": "Polygon", "coordinates": [ [ [ -50.640449905157467, -23.170470191721051 ], [ -50.639791096389139, -23.177805058033336 ], [ -50.643542403912541, -23.175782633874441 ], [ -50.644090152086157, -23.174919404212563 ], [ -50.640449905157467, -23.170470191721051 ] ] ] } },
{ "type": "Feature", "properties": { "score_risco": 94, "nivel_risco": "CRÍTICO" }, "geometry": { "type": "Polygon", "coordinates": [ [ [ -50.645178623640817, -23.173477481175276 ], [ -50.64538121729894, -23.173860703232755 ], [ -50.648653097612538, -23.17333643745247 ], [ -50.645706795209129, -23.173127878360667 ], [ -50.645297410424668, -23.173354014717805 ], [ -50.645178623640817, -23.173477481175276 ] ] ] } },
{ "type": "Feature", "properties": { "score_risco": 67, "nivel_risco": "ALTO" }, "geometry": { "type": "Polygon", "coordinates": [ [ [ -50.645324123790253, -23.172984741723074 ], [ -50.645297410424668, -23.173354014717805 ], [ -50.645706795209129, -23.173127878360667 ], [ -50.645324123790253, -23.172984741723074 ] ] ] } },
{ "type": "Feature", "properties": { "score_risco": 100, "nivel_risco": "CRÍTICO" }, "geometry": { "type": "Polygon", "coordinates": [ [ [ -50.645178623640817, -23.173477481175276 ], [ -50.640392386741695, -23.170153383209836 ], [ -50.640449905157467, -23.170470191721051 ], [ -50.644090152086157, -23.174919404212563 ], [ -50.644290897269933, -23.174975958525589 ], [ -50.64538121729894, -23.173860703232755 ], [ -50.645178623640817, -23.173477481175276 ] ] ] } },
{ "type": "Feature", "properties": { "score_risco": 24, "nivel_risco": "BAIXO" }, "geometry": { "type": "Polygon", "coordinates": [ [ [ -50.645297410424668, -23.173354014717805 ], [ -50.645324123790253, -23.172984741723074 ], [ -50.640300935781745, -23.169758738757693 ], [ -50.640392386741695, -23.170153383209836 ], [ -50.645178623640817, -23.173477481175276 ], [ -50.645297410424668, -23.173354014717805 ] ] ] } },
{ "type": "Feature", "properties": { "score_risco": 28, "nivel_risco": "BAIXO" }, "geometry": { "type": "Polygon", "coordinates": [ [ [ -50.651034285155596, -23.167385762570131 ], [ -50.649754240754902, -23.157184352935982 ], [ -50.644128770169338, -23.147664479343433 ], [ -50.639011426483016, -23.163851416274031 ], [ -50.63963544130366, -23.167288494445199 ], [ -50.640300935781745, -23.169758738757693 ], [ -50.645324123790253, -23.172984741723074 ], [ -50.645706795209129, -23.173127878360667 ], [ -50.648653097612538, -23.17333643745247 ], [ -50.649191596090915, -23.173296868698497 ], [ -50.651034285155596, -23.167385762570131 ] ] ] } },
{ "type": "Feature", "properties": { "score_risco": 17, "nivel_risco": "BAIXO" }, "geometry": { "type": "Polygon", "coordinates": [ [ [ -50.639011426483016, -23.163851416274031 ], [ -50.635662936894228, -23.167435843184027 ], [ -50.635623811048795, -23.17427646372391 ], [ -50.636342052482824, -23.17579105633417 ], [ -50.63963544130366, -23.167288494445199 ], [ -50.639011426483016, -23.163851416274031 ] ] ] } },
{ "type": "Feature", "properties": { "score_risco": 12, "nivel_risco": "BAIXO" }, "geometry": { "type": "Polygon", "coordinates": [ [ [ -50.621857474209158, -23.166200215390663 ], [ -50.622643282297069, -23.172143149832561 ], [ -50.623293592438536, -23.172947636846441 ], [ -50.62478009067565, -23.172156119803233 ], [ -50.624796357057427, -23.171928935324043 ], [ -50.622382503465587, -23.166915858770956 ], [ -50.621857474209158, -23.166200215390663 ] ] ] } },
{ "type": "Feature", "properties": { "score_risco": 99, "nivel_risco": "CRÍTICO" }, "geometry": { "type": "Polygon", "coordinates": [ [ [ -50.624796357057427, -23.171928935324043 ], [ -50.627975993285169, -23.171523465113186 ], [ -50.626791258525088, -23.16989834026403 ], [ -50.626466616606052, -23.169605166790475 ], [ -50.622382503465587, -23.166915858770956 ], [ -50.624796357057427, -23.171928935324043 ] ] ] } },
{ "type": "Feature", "properties": { "score_risco": 97, "nivel_risco": "CRÍTICO" }, "geometry": { "type": "Polygon", "coordinates": [ [ [ -50.628759589691128, -23.168777733077821 ], [ -50.626466616606052, -23.169605166790475 ], [ -50.626791258525088, -23.16989834026403 ], [ -50.629178239768031, -23.168986673347803 ], [ -50.628759589691128, -23.168777733077821 ] ] ] } },
{ "type": "Feature", "properties": { "score_risco": 11, "nivel_risco": "BAIXO" }, "geometry": { "type": "Polygon", "coordinates": [ [ [ -50.619196110033926, -23.162299598959631 ], [ -50.621857474209158, -23.166200215390663 ], [ -50.622382503465587, -23.166915858770956 ], [ -50.626466616606052, -23.169605166790475 ], [ -50.628759589691128, -23.168777733077821 ], [ -50.619196110033926, -23.162299598959631 ] ] ] } },
{ "type": "Feature", "properties": { "score_risco": 69, "nivel_risco": "ALTO" }, "geometry": { "type": "Polygon", "coordinates": [ [ [ -50.619060099045392, -23.162134129595916 ], [ -50.619561104680891, -23.160769539733302 ], [ -50.599285249068153, -23.158787650579974 ], [ -50.597459355453474, -23.158932754405441 ], [ -50.595121957605151, -23.161460408528246 ], [ -50.617939202622708, -23.163408789980267 ], [ -50.619060099045392, -23.162134129595916 ] ] ] } },
{ "type": "Feature", "properties": { "score_risco": 26, "nivel_risco": "BAIXO" }, "geometry": { "type": "Polygon", "coordinates": [ [ [ -50.597459355453474, -23.158932754405441 ], [ -50.604794266387771, -23.147304809443266 ], [ -50.59521581262036, -23.147782701636341 ], [ -50.573093269676747, -23.163304707898146 ], [ -50.58271785007797, -23.170601329970186 ], [ -50.595121957605151, -23.161460408528246 ], [ -50.597459355453474, -23.158932754405441 ] ] ] } },
{ "type": "Feature", "properties": { "score_risco": 95, "nivel_risco": "CRÍTICO" }, "geometry": { "type": "Polygon", "coordinates": [ [ [ -50.621484673244524, -23.156053355772912 ], [ -50.599285249068153, -23.158787650579974 ], [ -50.619561104680891, -23.160769539733302 ], [ -50.621484673244524, -23.156053355772912 ] ] ] } },
{ "type": "Feature", "properties": { "score_risco": 39, "nivel_risco": "BAIXO" }, "geometry": { "type": "Polygon", "coordinates": [ [ [ -50.639011426483016, -23.163851416274031 ], [ -50.644128770169338, -23.147664479343433 ], [ -50.643023832378752, -23.141356083414212 ], [ -50.630963676031179, -23.13901541772259 ], [ -50.621484673244524, -23.156053355772912 ], [ -50.619561104680891, -23.160769539733302 ], [ -50.619060099045392, -23.162134129595916 ], [ -50.619196110033926, -23.162299598959631 ], [ -50.628759589691128, -23.168777733077821 ], [ -50.629178239768031, -23.168986673347803 ], [ -50.63266921340734, -23.170235131583581 ], [ -50.635662936894228, -23.167435843184027 ], [ -50.639011426483016, -23.163851416274031 ] ] ] } },
{ "type": "Feature", "properties": { "score_risco": 42, "nivel_risco": "MÉDIO" }, "geometry": { "type": "Polygon", "coordinates": [ [ [ -50.630963676031179, -23.13901541772259 ], [ -50.612906784390972, -23.135510890455979 ], [ -50.604794266387771, -23.147304809443266 ], [ -50.597459355453474, -23.158932754405441 ], [ -50.599285249068153, -23.158787650579974 ], [ -50.621484673244524, -23.156053355772912 ], [ -50.630963676031179, -23.13901541772259 ] ] ] } },
{ "type": "Feature", "properties": { "score_risco": 28, "nivel_risco": "BAIXO" }, "geometry": { "type": "Polygon", "coordinates": [ [ [ -50.573093269676747, -23.163304707898146 ], [ -50.59521581262036, -23.147782701636341 ], [ -50.594462043049283, -23.132428743201057 ], [ -50.594227793049285, -23.132440243201057 ], [ -50.592753326029317, -23.132585892674765 ], [ -50.591300421153363, -23.132876296158891 ], [ -50.589883254038227, -23.133308620261811 ], [ -50.58851565161666, -23.13387864690915 ], [ -50.587210957231484, -23.134580814498452 ], [ -50.585981900448125, -23.135408272162298 ], [ -50.584840472855504, -23.13635294661043 ], [ -50.583797811067178, -23.137405620898779 ], [ -50.582864088064362, -23.138556024356777 ], [ -50.567650938064361, -23.159316624356777 ], [ -50.573093269676747, -23.163304707898146 ] ] ] } },
{ "type": "Feature", "properties": { "score_risco": 97, "nivel_risco": "CRÍTICO" }, "geometry": { "type": "Polygon", "coordinates": [ [ [ -50.59521581262036, -23.147782701636341 ], [ -50.604794266387771, -23.147304809443266 ], [ -50.612906784390972, -23.135510890455979 ], [ -50.598289709633256, -23.132673971562784 ], [ -50.596500736691127, -23.132437336000137 ], [ -50.594696293049282, -23.132417243201054 ], [ -50.594462043049283, -23.132428743201057 ], [ -50.59521581262036, -23.147782701636341 ] ] ] } }
]
}
