{
"type": "FeatureCollection",
"name": "mapa_preventivo",
"crs": { "type": "name", "properties": { "name": "urn:ogc:def:crs:OGC:1.3:CRS84" } },
"features": [
{ "type": "Feature", "properties": { "nome_zona": "Setor 1", "nivel_urgencia": "MÉDIO", "score_risco_final": 47.91, "lat_alerta": -23.277393405063105, "lng_alerta": -50.738961626494898, "volume_lixo": 212.0 }, "geometry": { "type": "Polygon", "coordinates": [ [ [ -50.740144308094649, -23.268006543958268 ], [ -50.734325816789394, -23.27141825 ], [ -50.733508295877286, -23.271909377360611 ], [ -50.733093528036221, -23.272370299468633 ], [ -50.730455911345352, -23.276490458191052 ], [ -50.727390779466809, -23.285441721771406 ], [ -50.729216729466813, -23.286066971771408 ], [ -50.730624131320212, -23.286473294022009 ], [ -50.732064455408178, -23.286740397503657 ], [ -50.733523965022222, -23.286865734787828 ], [ -50.734988740476986, -23.286848110503456 ], [ -50.736444811865567, -23.286687692737477 ], [ -50.737878292293772, -23.28638601143173 ], [ -50.739275510322699, -23.285945943791553 ], [ -50.740623140356448, -23.285371686845203 ], [ -50.741908329731444, -23.284668717415798 ], [ -50.743118821295333, -23.283843739887594 ], [ -50.744243070306275, -23.282904622264677 ], [ -50.745270354537901, -23.281860321131983 ], [ -50.74619087653965, -23.280720796234238 ], [ -50.746995857077394, -23.279496915487538 ], [ -50.747677618863015, -23.278200351329488 ], [ -50.748229659774552, -23.276843469396422 ], [ -50.7486467148684, -23.275439210589443 ], [ -50.748924806592363, -23.274000967654001 ], [ -50.749061282720469, -23.272542457450147 ], [ -50.74905484164789, -23.271077590131625 ], [ -50.748866391647887, -23.267541690131623 ], [ -50.740144308094649, -23.268006543958268 ] ] ] } },
{ "type": "Feature", "properties": { "nome_zona": "Setor 2", "nivel_urgencia": "BAIXO", "score_risco_final": 37.26, "lat_alerta": -23.272463327198842, "lng_alerta": -50.732201496678833, "volume_lixo": 212.0 }, "geometry": { "type": "Polygon", "coordinates": [ [ [ -50.733674655357305, -23.269240343788979 ], [ -50.733350794779348, -23.269282424661483 ], [ -50.732798689067401, -23.269898232145728 ], [ -50.731340775456083, -23.27278022407123 ], [ -50.730455911345352, -23.276490458191052 ], [ -50.733093528036221, -23.272370299468633 ], [ -50.733310084316329, -23.271288443522277 ], [ -50.733674655357305, -23.269240343788979 ] ] ] } },
{ "type": "Feature", "properties": { "nome_zona": "Setor 3", "nivel_urgencia": "BAIXO", "score_risco_final": 22.26, "lat_alerta": -23.271740809574592, "lng_alerta": -50.733368100303238, "volume_lixo": 212.0 }, "geometry": { "type": "Polygon", "coordinates": [ [ [ -50.733634046404212, -23.27141825 ], [ -50.733641943377066, -23.27138261974207 ], [ -50.733310084316329, -23.271288443522277 ], [ -50.733093528036221, -23.272370299468633 ], [ -50.733508295877286, -23.271909377360611 ], [ -50.733634046404212, -23.27141825 ] ] ] } },
{ "type": "Feature", "properties": { "nome_zona": "Setor 4", "nivel_urgencia": "BAIXO", "score_risco_final": 31.51, "lat_alerta": -23.271581959321381, "lng_alerta": -50.733822719690295, "volume_lixo": 212.0 }, "geometry": { "type": "Polygon", "coordinates": [ [ [ -50.734325816789394, -23.27141825 ], [ -50.733634046404212, -23.27141825 ], [ -50.733508295877286, -23.271909377360611 ], [ -50.734325816789394, -23.27141825 ] ] ] } },
{ "type": "Feature", "properties": { "nome_zona": "Setor 5", "nivel_urgencia": "MÉDIO", "score_risco_final": 44.31, "lat_alerta": -23.270979326370103, "lng_alerta": -50.731706370914679, "volume_lixo": 212.0 }, "geometry": { "type": "Polygon", "coordinates": [ [ [ -50.731340775456083, -23.27278022407123 ], [ -50.732798689067401, -23.269898232145728 ], [ -50.731532147582847, -23.270068858829834 ], [ -50.730991869464809, -23.270500799595922 ], [ -50.730977873992231, -23.270639964254677 ], [ -50.731340775456083, -23.27278022407123 ] ] ] } },
{ "type": "Feature", "properties": { "nome_zona": "Setor 6", "nivel_urgencia": "BAIXO", "score_risco_final": 37.36, "lat_alerta": -23.270197645880074, "lng_alerta": -50.733722595063483, "volume_lixo": 212.0 }, "geometry": { "type": "Polygon", "coordinates": [ [ [ -50.734197363841297, -23.269126444092013 ], [ -50.733674655357305, -23.269240343788979 ], [ -50.733310084316329, -23.271288443522277 ], [ -50.733641943377066, -23.27138261974207 ], [ -50.734197363841297, -23.269126444092013 ] ] ] } },
{ "type": "Feature", "properties": { "nome_zona": "Setor 7", "nivel_urgencia": "BAIXO", "score_risco_final": 29.36, "lat_alerta": -23.270187936349274, "lng_alerta": -50.731145370009422, "volume_lixo": 212.0 }, "geometry": { "type": "Polygon", "coordinates": [ [ [ -50.731420887701688, -23.269981471639714 ], [ -50.730945348791352, -23.270044876827868 ], [ -50.730913130422948, -23.270058527241847 ], [ -50.730872508999546, -23.270255923999013 ], [ -50.730902497134537, -23.270321030213907 ], [ -50.730991869464809, -23.270500799595922 ], [ -50.731532147582847, -23.270068858829834 ], [ -50.731420887701688, -23.269981471639714 ] ] ] } },
{ "type": "Feature", "properties": { "nome_zona": "Setor 8", "nivel_urgencia": "MÉDIO", "score_risco_final": 55.21, "lat_alerta": -23.26996998156406, "lng_alerta": -50.731222501047668, "volume_lixo": 212.0 }, "geometry": { "type": "Polygon", "coordinates": [ [ [ -50.731301266649979, -23.269883596175045 ], [ -50.730945348791352, -23.270044876827868 ], [ -50.731420887701688, -23.269981471639714 ], [ -50.731301266649979, -23.269883596175045 ] ] ] } },
{ "type": "Feature", "properties": { "nome_zona": "Setor 9", "nivel_urgencia": "BAIXO", "score_risco_final": 30.61, "lat_alerta": -23.269922067279612, "lng_alerta": -50.731082338584045, "volume_lixo": 212.0 }, "geometry": { "type": "Polygon", "coordinates": [ [ [ -50.730945348791352, -23.270044876827868 ], [ -50.731301266649979, -23.269883596175045 ], [ -50.731248225938941, -23.26980361812177 ], [ -50.730906285818236, -23.269919591981967 ], [ -50.730913130422948, -23.270058527241847 ], [ -50.730945348791352, -23.270044876827868 ] ] ] } },
{ "type": "Feature", "properties": { "nome_zona": "Setor 10", "nivel_urgencia": "MÉDIO", "score_risco_final": 48.01, "lat_alerta": -23.269829129059026, "lng_alerta": -50.731075836564287, "volume_lixo": 212.0 }, "geometry": { "type": "Polygon", "coordinates": [ [ [ -50.731229761303737, -23.26973585144011 ], [ -50.730889425730368, -23.269868449715439 ], [ -50.730906285818236, -23.269919591981967 ], [ -50.731248225938941, -23.26980361812177 ], [ -50.731229761303737, -23.26973585144011 ] ] ] } },
{ "type": "Feature", "properties": { "nome_zona": "Setor 11", "nivel_urgencia": "MÉDIO", "score_risco_final": 41.88, "lat_alerta": -23.278041183183461, "lng_alerta": -50.723649091756542, "volume_lixo": 329.0 }, "geometry": { "type": "Polygon", "coordinates": [ [ [ -50.730455911345352, -23.276490458191052 ], [ -50.731340775456083, -23.27278022407123 ], [ -50.730977873992231, -23.270639964254677 ], [ -50.730779851537001, -23.270579901907983 ], [ -50.730296691711843, -23.270547133492727 ], [ -50.73028108892273, -23.270550139173736 ], [ -50.71145143337008, -23.278497349419986 ], [ -50.724234050331994, -23.28428856387546 ], [ -50.725564829466812, -23.284816471771407 ], [ -50.727390779466809, -23.285441721771406 ], [ -50.730455911345352, -23.276490458191052 ] ] ] } },
{ "type": "Feature", "properties": { "nome_zona": "Setor 12", "nivel_urgencia": "BAIXO", "score_risco_final": 27.18, "lat_alerta": -23.246248017427906, "lng_alerta": -50.669564540467128, "volume_lixo": 329.0 }, "geometry": { "type": "Polygon", "coordinates": [ [ [ -50.682652558087149, -23.243323733611337 ], [ -50.683852499266692, -23.23585622037583 ], [ -50.683544612421528, -23.234682745961084 ], [ -50.664801042956505, -23.232364844171272 ], [ -50.656011410863911, -23.237942172761588 ], [ -50.65349078707137, -23.252238052619198 ], [ -50.679133902057849, -23.263855765849243 ], [ -50.682652558087149, -23.243323733611337 ] ] ] } },
{ "type": "Feature", "properties": { "nome_zona": "Setor 13", "nivel_urgencia": "BAIXO", "score_risco_final": 38.93, "lat_alerta": -23.203735376004946, "lng_alerta": -50.662935205619625, "volume_lixo": 329.0 }, "geometry": { "type": "Polygon", "coordinates": [ [ [ -50.668980554193283, -23.203988754985648 ], [ -50.668695378013311, -23.202592445254641 ], [ -50.667322032911422, -23.201571646625524 ], [ -50.665244671223682, -23.200428869981515 ], [ -50.65637672325056, -23.200126452498026 ], [ -50.662177318237802, -23.209447330229359 ], [ -50.668980554193283, -23.203988754985648 ] ] ] } },
{ "type": "Feature", "properties": { "nome_zona": "Setor 14", "nivel_urgencia": "BAIXO", "score_risco_final": 36.51, "lat_alerta": -23.198590064503481, "lng_alerta": -50.658974582877249, "volume_lixo": 583.0 }, "geometry": { "type": "Polygon", "coordinates": [ [ [ -50.656875224437563, -23.195563612968577 ], [ -50.654981362781307, -23.19815290398903 ], [ -50.65637672325056, -23.200126452498026 ], [ -50.665244671223682, -23.200428869981515 ], [ -50.656875224437563, -23.195563612968577 ] ] ] } },
{ "type": "Feature", "properties": { "nome_zona": "Setor 15", "nivel_urgencia": "MÉDIO", "score_risco_final": 40.69, "lat_alerta": -23.197061776693968, "lng_alerta": -50.662158029819352, "volume_lixo": 418.0 }, "geometry": { "type": "Polygon", "coordinates": [ [ [ -50.667322032911422, -23.201571646625524 ], [ -50.662564521552589, -23.194173360116071 ], [ -50.656879167634926, -23.195292266353906 ], [ -50.656875224437563, -23.195563612968577 ], [ -50.665244671223682, -23.200428869981515 ], [ -50.667322032911422, -23.201571646625524 ] ] ] } },
{ "type": "Feature", "properties": { "nome_zona": "Setor 16", "nivel_urgencia": "MÉDIO", "score_risco_final": 45.34, "lat_alerta": -23.195935709511524, "lng_alerta": -50.666478174274083, "volume_lixo": 418.0 }, "geometry": { "type": "Polygon", "coordinates": [ [ [ -50.667933696354929, -23.191522038637888 ], [ -50.662906413721295, -23.191427197938332 ], [ -50.662564521552589, -23.194173360116071 ], [ -50.667322032911422, -23.201571646625524 ], [ -50.668695378013311, -23.202592445254641 ], [ -50.669715321376948, -23.197890365773031 ], [ -50.667933696354929, -23.191522038637888 ] ] ] } },
{ "type": "Feature", "properties": { "nome_zona": "Setor 17", "nivel_urgencia": "MÉDIO", "score_risco_final": 43.71, "lat_alerta": -23.189110245837909, "lng_alerta": -50.661505148030876, "volume_lixo": 560.0 }, "geometry": { "type": "Polygon", "coordinates": [ [ [ -50.662594214208873, -23.187221151528863 ], [ -50.661276004790494, -23.186794783645265 ], [ -50.660268570007815, -23.191190862687485 ], [ -50.662017013876991, -23.190973207289094 ], [ -50.662594214208873, -23.187221151528863 ] ] ] } },
{ "type": "Feature", "properties": { "nome_zona": "Setor 18", "nivel_urgencia": "MÉDIO", "score_risco_final": 55.21, "lat_alerta": -23.188982658337, "lng_alerta": -50.665408804553728, "volume_lixo": 560.0 }, "geometry": { "type": "Polygon", "coordinates": [ [ [ -50.665550404138202, -23.185818868960354 ], [ -50.662594214208873, -23.187221151528863 ], [ -50.662017013876991, -23.190973207289094 ], [ -50.662906413721295, -23.191427197938332 ], [ -50.667933696354929, -23.191522038637888 ], [ -50.668947693365475, -23.187653407801413 ], [ -50.668844798124312, -23.187589901801118 ], [ -50.665550404138202, -23.185818868960354 ] ] ] } },
{ "type": "Feature", "properties": { "nome_zona": "Setor 19", "nivel_urgencia": "MÉDIO", "score_risco_final": 41.98, "lat_alerta": -23.185451258450485, "lng_alerta": -50.662636919240597, "volume_lixo": 777.0 }, "geometry": { "type": "Polygon", "coordinates": [ [ [ -50.664835093161493, -23.184309018711893 ], [ -50.662373332700227, -23.183828302847949 ], [ -50.660690866231079, -23.184338011376024 ], [ -50.660028737740568, -23.185165231228364 ], [ -50.660281348173676, -23.186471575226982 ], [ -50.661276004790494, -23.186794783645265 ], [ -50.662594214208873, -23.187221151528863 ], [ -50.665550404138202, -23.185818868960354 ], [ -50.664835093161493, -23.184309018711893 ] ] ] } },
{ "type": "Feature", "properties": { "nome_zona": "Setor 20", "nivel_urgencia": "MÉDIO", "score_risco_final": 57.61, "lat_alerta": -23.184373330639019, "lng_alerta": -50.666745828684832, "volume_lixo": 824.0 }, "geometry": { "type": "Polygon", "coordinates": [ [ [ -50.668844798124312, -23.187589901801118 ], [ -50.667203890786375, -23.181079170120153 ], [ -50.66567775, -23.182318450685962 ], [ -50.665190756644982, -23.182729774440009 ], [ -50.664867228407012, -23.183214124989696 ], [ -50.664835093161493, -23.184309018711893 ], [ -50.665550404138202, -23.185818868960354 ], [ -50.668844798124312, -23.187589901801118 ] ] ] } },
{ "type": "Feature", "properties": { "nome_zona": "Setor 21", "nivel_urgencia": "MÉDIO", "score_risco_final": 45.78, "lat_alerta": -23.272951056755954, "lng_alerta": -50.714126310181022, "volume_lixo": 329.0 }, "geometry": { "type": "Polygon", "coordinates": [ [ [ -50.730245129618559, -23.270221294423457 ], [ -50.729108477678061, -23.269418217131332 ], [ -50.71752509931882, -23.269268754184772 ], [ -50.697710055635426, -23.272271764658104 ], [ -50.71145143337008, -23.278497349419986 ], [ -50.73028108892273, -23.270550139173736 ], [ -50.730381541805578, -23.27036492917097 ], [ -50.73034758453371, -23.270316866570791 ], [ -50.730245129618559, -23.270221294423457 ] ] ] } },
{ "type": "Feature", "properties": { "nome_zona": "Setor 22", "nivel_urgencia": "BAIXO", "score_risco_final": 34.51, "lat_alerta": -23.270513174525476, "lng_alerta": -50.730514035805896, "volume_lixo": 212.0 }, "geometry": { "type": "Polygon", "coordinates": [ [ [ -50.730465564168838, -23.270412488116641 ], [ -50.730296691711843, -23.270547133492727 ], [ -50.730779851537001, -23.270579901907983 ], [ -50.730465564168838, -23.270412488116641 ] ] ] } },
{ "type": "Feature", "properties": { "nome_zona": "Setor 23", "nivel_urgencia": "BAIXO", "score_risco_final": 38.41, "lat_alerta": -23.270449146917858, "lng_alerta": -50.730763319269293, "volume_lixo": 212.0 }, "geometry": { "type": "Polygon", "coordinates": [ [ [ -50.730977873992231, -23.270639964254677 ], [ -50.730991869464809, -23.270500799595922 ], [ -50.730902497134537, -23.270321030213907 ], [ -50.730487585793711, -23.270333442091644 ], [ -50.730462758727747, -23.27035752135442 ], [ -50.730453319332923, -23.27039419498405 ], [ -50.730465564168838, -23.270412488116641 ], [ -50.730779851537001, -23.270579901907983 ], [ -50.730977873992231, -23.270639964254677 ] ] ] } },
{ "type": "Feature", "properties": { "nome_zona": "Setor 24", "nivel_urgencia": "BAIXO", "score_risco_final": 25.91, "lat_alerta": -23.270444578560401, "lng_alerta": -50.730376490767412, "volume_lixo": 212.0 }, "geometry": { "type": "Polygon", "coordinates": [ [ [ -50.730381541805578, -23.27036492917097 ], [ -50.73028108892273, -23.270550139173736 ], [ -50.730296691711843, -23.270547133492727 ], [ -50.730465564168838, -23.270412488116641 ], [ -50.730453319332923, -23.27039419498405 ], [ -50.730381541805578, -23.27036492917097 ] ] ] } },
{ "type": "Feature", "properties": { "nome_zona": "Setor 25", "nivel_urgencia": "MÉDIO", "score_risco_final": 42.91, "lat_alerta": -23.270343472144514, "lng_alerta": -50.730415387648598, "volume_lixo": 212.0 }, "geometry": { "type": "Polygon", "coordinates": [ [ [ -50.730462758727747, -23.27035752135442 ], [ -50.730449426405087, -23.270304408849533 ], [ -50.73034758453371, -23.270316866570791 ], [ -50.730381541805578, -23.27036492917097 ], [ -50.730453319332923, -23.27039419498405 ], [ -50.730462758727747, -23.27035752135442 ] ] ] } },
{ "type": "Feature", "properties": { "nome_zona": "Setor 26", "nivel_urgencia": "BAIXO", "score_risco_final": 36.41, "lat_alerta": -23.270319447091371, "lng_alerta": -50.730470843482877, "volume_lixo": 212.0 }, "geometry": { "type": "Polygon", "coordinates": [ [ [ -50.730482887024245, -23.270295150248671 ], [ -50.730453440682645, -23.27029397959901 ], [ -50.730449426405087, -23.270304408849533 ], [ -50.730462758727747, -23.27035752135442 ], [ -50.730487585793711, -23.270333442091644 ], [ -50.730494546460264, -23.270311068520595 ], [ -50.730482887024245, -23.270295150248671 ] ] ] } },
{ "type": "Feature", "properties": { "nome_zona": "Setor 27", "nivel_urgencia": "MÉDIO", "score_risco_final": 50.86, "lat_alerta": -23.270287367152505, "lng_alerta": -50.730721519366043, "volume_lixo": 212.0 }, "geometry": { "type": "Polygon", "coordinates": [ [ [ -50.730788477072977, -23.270214570545832 ], [ -50.730494546460264, -23.270311068520595 ], [ -50.730487585793711, -23.270333442091644 ], [ -50.730902497134537, -23.270321030213907 ], [ -50.730872508999546, -23.270255923999013 ], [ -50.730788477072977, -23.270214570545832 ] ] ] } },
{ "type": "Feature", "properties": { "nome_zona": "Setor 28", "nivel_urgencia": "MÉDIO", "score_risco_final": 46.01, "lat_alerta": -23.27027493276282, "lng_alerta": -50.730361072481884, "volume_lixo": 212.0 }, "geometry": { "type": "Polygon", "coordinates": [ [ [ -50.73034758453371, -23.270316866570791 ], [ -50.730449426405087, -23.270304408849533 ], [ -50.730453440682645, -23.27029397959901 ], [ -50.730447986106611, -23.270269899641384 ], [ -50.730245129618559, -23.270221294423457 ], [ -50.73034758453371, -23.270316866570791 ] ] ] } },
{ "type": "Feature", "properties": { "nome_zona": "Setor 29", "nivel_urgencia": "BAIXO", "score_risco_final": 30.61, "lat_alerta": -23.270216993106843, "lng_alerta": -50.730623849677137, "volume_lixo": 212.0 }, "geometry": { "type": "Polygon", "coordinates": [ [ [ -50.730614318744728, -23.27011853887424 ], [ -50.730482887024245, -23.270295150248671 ], [ -50.730494546460264, -23.270311068520595 ], [ -50.730788477072977, -23.270214570545832 ], [ -50.730614318744728, -23.27011853887424 ] ] ] } },
{ "type": "Feature", "properties": { "nome_zona": "Setor 30", "nivel_urgencia": "MÉDIO", "score_risco_final": 45.51, "lat_alerta": -23.270210526832336, "lng_alerta": -50.730524570427882, "volume_lixo": 212.0 }, "geometry": { "type": "Polygon", "coordinates": [ [ [ -50.730595731984501, -23.270106682990967 ], [ -50.730447986106611, -23.270269899641384 ], [ -50.730453440682645, -23.27029397959901 ], [ -50.730482887024245, -23.270295150248671 ], [ -50.730614318744728, -23.27011853887424 ], [ -50.730595731984501, -23.270106682990967 ] ] ] } },
{ "type": "Feature", "properties": { "nome_zona": "Setor 31", "nivel_urgencia": "BAIXO", "score_risco_final": 26.56, "lat_alerta": -23.269760520532703, "lng_alerta": -50.731013852540762, "volume_lixo": 212.0 }, "geometry": { "type": "Polygon", "coordinates": [ [ [ -50.731093469762612, -23.269672620269954 ], [ -50.730862906414899, -23.269741720517803 ], [ -50.73085224039928, -23.269769817236803 ], [ -50.730889425730368, -23.269868449715439 ], [ -50.731229761303737, -23.26973585144011 ], [ -50.73122898198389, -23.269732319240092 ], [ -50.731093469762612, -23.269672620269954 ] ] ] } },
{ "type": "Feature", "properties": { "nome_zona": "Setor 32", "nivel_urgencia": "BAIXO", "score_risco_final": 37.96, "lat_alerta": -23.269474729158372, "lng_alerta": -50.736180588381572, "volume_lixo": 212.0 }, "geometry": { "type": "Polygon", "coordinates": [ [ [ -50.735819715199703, -23.268649809627316 ], [ -50.734197363841297, -23.269126444092013 ], [ -50.733641943377066, -23.27138261974207 ], [ -50.733634046404212, -23.27141825 ], [ -50.734325816789394, -23.27141825 ], [ -50.740144308094649, -23.268006543958268 ], [ -50.737957895429979, -23.268041381783767 ], [ -50.735819715199703, -23.268649809627316 ] ] ] } },
{ "type": "Feature", "properties": { "nome_zona": "Setor 33", "nivel_urgencia": "BAIXO", "score_risco_final": 28.96, "lat_alerta": -23.269424842000006, "lng_alerta": -50.731247543208646, "volume_lixo": 212.0 }, "geometry": { "type": "Polygon", "coordinates": [ [ [ -50.731539812268942, -23.269215737370189 ], [ -50.731058694016902, -23.269239606145938 ], [ -50.731093469762612, -23.269672620269954 ], [ -50.73122898198389, -23.269732319240092 ], [ -50.731539812268942, -23.269215737370189 ] ] ] } },
{ "type": "Feature", "properties": { "nome_zona": "Setor 34", "nivel_urgencia": "MÉDIO", "score_risco_final": 46.96, "lat_alerta": -23.269500360864846, "lng_alerta": -50.732242690773646, "volume_lixo": 212.0 }, "geometry": { "type": "Polygon", "coordinates": [ [ [ -50.733350794779348, -23.269282424661483 ], [ -50.732587883237493, -23.26887381441195 ], [ -50.731539812268942, -23.269215737370189 ], [ -50.73122898198389, -23.269732319240092 ], [ -50.731229761303737, -23.26973585144011 ], [ -50.731248225938941, -23.26980361812177 ], [ -50.731301266649979, -23.269883596175045 ], [ -50.731420887701688, -23.269981471639714 ], [ -50.731532147582847, -23.270068858829834 ], [ -50.732798689067401, -23.269898232145728 ], [ -50.733350794779348, -23.269282424661483 ] ] ] } },
{ "type": "Feature", "properties": { "nome_zona": "Setor 35", "nivel_urgencia": "MÉDIO", "score_risco_final": 55.26, "lat_alerta": -23.269455388132688, "lng_alerta": -50.73094191306528, "volume_lixo": 212.0 }, "geometry": { "type": "Polygon", "coordinates": [ [ [ -50.730776292443068, -23.269190510528517 ], [ -50.730862906414899, -23.269741720517803 ], [ -50.731093469762612, -23.269672620269954 ], [ -50.731058694016902, -23.269239606145938 ], [ -50.730776292443068, -23.269190510528517 ] ] ] } },
{ "type": "Feature", "properties": { "nome_zona": "Setor 36", "nivel_urgencia": "BAIXO", "score_risco_final": 19.86, "lat_alerta": -23.268972157890111, "lng_alerta": -50.731472209813944, "volume_lixo": 212.0 }, "geometry": { "type": "Polygon", "coordinates": [ [ [ -50.732569115391534, -23.268854766051042 ], [ -50.731863737514907, -23.268765684407676 ], [ -50.731037153329964, -23.268735404652833 ], [ -50.730796499100087, -23.268880943163282 ], [ -50.730674857587367, -23.269128934308299 ], [ -50.730776292443068, -23.269190510528517 ], [ -50.731058694016902, -23.269239606145938 ], [ -50.731539812268942, -23.269215737370189 ], [ -50.732587883237493, -23.26887381441195 ], [ -50.732569115391534, -23.268854766051042 ] ] ] } },
{ "type": "Feature", "properties": { "nome_zona": "Setor 37", "nivel_urgencia": "BAIXO", "score_risco_final": 34.01, "lat_alerta": -23.26866707646473, "lng_alerta": -50.730894703695498, "volume_lixo": 212.0 }, "geometry": { "type": "Polygon", "coordinates": [ [ [ -50.730796499100087, -23.268880943163282 ], [ -50.731037153329964, -23.268735404652833 ], [ -50.731040693024191, -23.268547335109595 ], [ -50.730797518267586, -23.268493167118876 ], [ -50.730766427268748, -23.268648876957318 ], [ -50.730796499100087, -23.268880943163282 ] ] ] } },
{ "type": "Feature", "properties": { "nome_zona": "Setor 38", "nivel_urgencia": "BAIXO", "score_risco_final": 25.31, "lat_alerta": -23.268661601821428, "lng_alerta": -50.731317163534307, "volume_lixo": 212.0 }, "geometry": { "type": "Polygon", "coordinates": [ [ [ -50.731075324847616, -23.268490275666196 ], [ -50.731040693024191, -23.268547335109595 ], [ -50.731037153329964, -23.268735404652833 ], [ -50.731863737514907, -23.268765684407676 ], [ -50.731075324847616, -23.268490275666196 ] ] ] } },
{ "type": "Feature", "properties": { "nome_zona": "Setor 39", "nivel_urgencia": "MÉDIO", "score_risco_final": 44.96, "lat_alerta": -23.268481032589964, "lng_alerta": -50.731810110500192, "volume_lixo": 212.0 }, "geometry": { "type": "Polygon", "coordinates": [ [ [ -50.731367836663054, -23.268207527882264 ], [ -50.731071374868648, -23.268437696006036 ], [ -50.731075324847616, -23.268490275666196 ], [ -50.731863737514907, -23.268765684407676 ], [ -50.732569115391534, -23.268854766051042 ], [ -50.732385633104997, -23.268600288459744 ], [ -50.732073027532572, -23.268229720176311 ], [ -50.731688484541543, -23.268102259984911 ], [ -50.731367836663054, -23.268207527882264 ] ] ] } },
{ "type": "Feature", "properties": { "nome_zona": "Setor 40", "nivel_urgencia": "MÉDIO", "score_risco_final": 56.91, "lat_alerta": -23.268470238292661, "lng_alerta": -50.730962854728908, "volume_lixo": 212.0 }, "geometry": { "type": "Polygon", "coordinates": [ [ [ -50.730998767128995, -23.268381832889652 ], [ -50.730795855481617, -23.268480627576988 ], [ -50.730797518267586, -23.268493167118876 ], [ -50.731040693024191, -23.268547335109595 ], [ -50.731075324847616, -23.268490275666196 ], [ -50.731071374868648, -23.268437696006036 ], [ -50.730998767128995, -23.268381832889652 ] ] ] } },
{ "type": "Feature", "properties": { "nome_zona": "Setor 41", "nivel_urgencia": "BAIXO", "score_risco_final": 27.96, "lat_alerta": -23.269964146376335, "lng_alerta": -50.73067438716668, "volume_lixo": 212.0 }, "geometry": { "type": "Polygon", "coordinates": [ [ [ -50.730913130422948, -23.270058527241847 ], [ -50.730906285818236, -23.269919591981967 ], [ -50.730889425730368, -23.269868449715439 ], [ -50.73085224039928, -23.269769817236803 ], [ -50.730261217166763, -23.26982205102285 ], [ -50.730595731984501, -23.270106682990967 ], [ -50.730614318744728, -23.27011853887424 ], [ -50.730788477072977, -23.270214570545832 ], [ -50.730872508999546, -23.270255923999013 ], [ -50.730913130422948, -23.270058527241847 ] ] ] } },
{ "type": "Feature", "properties": { "nome_zona": "Setor 42", "nivel_urgencia": "BAIXO", "score_risco_final": 29.86, "lat_alerta": -23.269864329579349, "lng_alerta": -50.729972281118961, "volume_lixo": 212.0 }, "geometry": { "type": "Polygon", "coordinates": [ [ [ -50.730261217166763, -23.26982205102285 ], [ -50.729238403748155, -23.269412004969887 ], [ -50.729108477678061, -23.269418217131332 ], [ -50.730245129618559, -23.270221294423457 ], [ -50.730447986106611, -23.270269899641384 ], [ -50.730595731984501, -23.270106682990967 ], [ -50.730261217166763, -23.26982205102285 ] ] ] } },
{ "type": "Feature", "properties": { "nome_zona": "Setor 43", "nivel_urgencia": "MÉDIO", "score_risco_final": 58.51, "lat_alerta": -23.269470097468346, "lng_alerta": -50.730231532904348, "volume_lixo": 212.0 }, "geometry": { "type": "Polygon", "coordinates": [ [ [ -50.730674857587367, -23.269128934308299 ], [ -50.730042519584664, -23.269188141986451 ], [ -50.729238403748155, -23.269412004969887 ], [ -50.730261217166763, -23.26982205102285 ], [ -50.73085224039928, -23.269769817236803 ], [ -50.730862906414899, -23.269741720517803 ], [ -50.730776292443068, -23.269190510528517 ], [ -50.730674857587367, -23.269128934308299 ] ] ] } },
{ "type": "Feature", "properties": { "nome_zona": "Setor 44", "nivel_urgencia": "MÉDIO", "score_risco_final": 52.36, "lat_alerta": -23.268895546517431, "lng_alerta": -50.730483861828056, "volume_lixo": 212.0 }, "geometry": { "type": "Polygon", "coordinates": [ [ [ -50.730766427268748, -23.268648876957318 ], [ -50.730489572042863, -23.268515222710352 ], [ -50.730042519584664, -23.269188141986451 ], [ -50.730674857587367, -23.269128934308299 ], [ -50.730796499100087, -23.268880943163282 ], [ -50.730766427268748, -23.268648876957318 ] ] ] } },
{ "type": "Feature", "properties": { "nome_zona": "Setor 45", "nivel_urgencia": "BAIXO", "score_risco_final": 37.51, "lat_alerta": -23.268840274578483, "lng_alerta": -50.724992234532195, "volume_lixo": 212.0 }, "geometry": { "type": "Polygon", "coordinates": [ [ [ -50.730501557992355, -23.268430354107057 ], [ -50.72994789124386, -23.268230814163246 ], [ -50.721741352546921, -23.268302596336561 ], [ -50.71752509931882, -23.269268754184772 ], [ -50.729108477678061, -23.269418217131332 ], [ -50.729238403748155, -23.269412004969887 ], [ -50.730042519584664, -23.269188141986451 ], [ -50.730489572042863, -23.268515222710352 ], [ -50.730502805175121, -23.268433264541773 ], [ -50.730501557992355, -23.268430354107057 ] ] ] } },
{ "type": "Feature", "properties": { "nome_zona": "Setor 46", "nivel_urgencia": "BAIXO", "score_risco_final": 24.46, "lat_alerta": -23.268514932175147, "lng_alerta": -50.730660624203509, "volume_lixo": 212.0 }, "geometry": { "type": "Polygon", "coordinates": [ [ [ -50.730795855481617, -23.268480627576988 ], [ -50.730768893618531, -23.268436765705509 ], [ -50.730502805175121, -23.268433264541773 ], [ -50.730489572042863, -23.268515222710352 ], [ -50.730766427268748, -23.268648876957318 ], [ -50.730797518267586, -23.268493167118876 ], [ -50.730795855481617, -23.268480627576988 ] ] ] } },
{ "type": "Feature", "properties": { "nome_zona": "Setor 47", "nivel_urgencia": "BAIXO", "score_risco_final": 38.36, "lat_alerta": -23.268351083350034, "lng_alerta": -50.730618132650562, "volume_lixo": 212.0 }, "geometry": { "type": "Polygon", "coordinates": [ [ [ -50.730769095800795, -23.268403001267099 ], [ -50.730588985607881, -23.2682145188483 ], [ -50.730552345530597, -23.268202271889869 ], [ -50.730501557992355, -23.268430354107057 ], [ -50.730502805175121, -23.268433264541773 ], [ -50.730768893618531, -23.268436765705509 ], [ -50.730769095800795, -23.268403001267099 ] ] ] } },
{ "type": "Feature", "properties": { "nome_zona": "Setor 48", "nivel_urgencia": "MÉDIO", "score_risco_final": 44.31, "lat_alerta": -23.268273393408826, "lng_alerta": -50.730729649010151, "volume_lixo": 212.0 }, "geometry": { "type": "Polygon", "coordinates": [ [ [ -50.730814336184544, -23.268308075830326 ], [ -50.730802365107529, -23.268190827681803 ], [ -50.730588985607881, -23.2682145188483 ], [ -50.730769095800795, -23.268403001267099 ], [ -50.730814336184544, -23.268308075830326 ] ] ] } },
{ "type": "Feature", "properties": { "nome_zona": "Setor 49", "nivel_urgencia": "MÉDIO", "score_risco_final": 59.71, "lat_alerta": -23.268258411018937, "lng_alerta": -50.730334094998447, "volume_lixo": 212.0 }, "geometry": { "type": "Polygon", "coordinates": [ [ [ -50.730503302832737, -23.268116403536329 ], [ -50.72994789124386, -23.268230814163246 ], [ -50.730501557992355, -23.268430354107057 ], [ -50.730552345530597, -23.268202271889869 ], [ -50.730503302832737, -23.268116403536329 ] ] ] } },
{ "type": "Feature", "properties": { "nome_zona": "Setor 50", "nivel_urgencia": "MÉDIO", "score_risco_final": 49.21, "lat_alerta": -23.268213887553891, "lng_alerta": -50.73088154673006, "volume_lixo": 212.0 }, "geometry": { "type": "Polygon", "coordinates": [ [ [ -50.730952814639537, -23.268142347290699 ], [ -50.730855754721105, -23.268105596447796 ], [ -50.730802365107529, -23.268190827681803 ], [ -50.730814336184544, -23.268308075830326 ], [ -50.730944914362098, -23.268297933835953 ], [ -50.730962580594877, -23.268155045188486 ], [ -50.730952814639537, -23.268142347290699 ] ] ] } },
{ "type": "Feature", "properties": { "nome_zona": "Setor 51", "nivel_urgencia": "ALTO", "score_risco_final": 61.61, "lat_alerta": -23.268377630505611, "lng_alerta": -50.730872393712922, "volume_lixo": 212.0 }, "geometry": { "type": "Polygon", "coordinates": [ [ [ -50.730993992678542, -23.268353929230553 ], [ -50.730944914362098, -23.268297933835953 ], [ -50.730814336184544, -23.268308075830326 ], [ -50.730769095800795, -23.268403001267099 ], [ -50.730768893618531, -23.268436765705509 ], [ -50.730795855481617, -23.268480627576988 ], [ -50.730998767128995, -23.268381832889652 ], [ -50.730993992678542, -23.268353929230553 ] ] ] } },
{ "type": "Feature", "properties": { "nome_zona": "Setor 52", "nivel_urgencia": "BAIXO", "score_risco_final": 35.51, "lat_alerta": -23.268301900128346, "lng_alerta": -50.731146256442315, "volume_lixo": 212.0 }, "geometry": { "type": "Polygon", "coordinates": [ [ [ -50.731367836663054, -23.268207527882264 ], [ -50.731102445947741, -23.268217446653605 ], [ -50.730993992678542, -23.268353929230553 ], [ -50.730998767128995, -23.268381832889652 ], [ -50.731071374868648, -23.268437696006036 ], [ -50.731367836663054, -23.268207527882264 ] ] ] } },
{ "type": "Feature", "properties": { "nome_zona": "Setor 53", "nivel_urgencia": "MÉDIO", "score_risco_final": 53.26, "lat_alerta": -23.268448367967999, "lng_alerta": -50.733677601727386, "volume_lixo": 212.0 }, "geometry": { "type": "Polygon", "coordinates": [ [ [ -50.735819715199703, -23.268649809627316 ], [ -50.732564484551098, -23.267358528096835 ], [ -50.732545056089712, -23.267358288027584 ], [ -50.732385633104997, -23.268600288459744 ], [ -50.732569115391534, -23.268854766051042 ], [ -50.732587883237493, -23.26887381441195 ], [ -50.733350794779348, -23.269282424661483 ], [ -50.733674655357305, -23.269240343788979 ], [ -50.734197363841297, -23.269126444092013 ], [ -50.735819715199703, -23.268649809627316 ] ] ] } },
{ "type": "Feature", "properties": { "nome_zona": "Setor 54", "nivel_urgencia": "MÉDIO", "score_risco_final": 55.51, "lat_alerta": -23.268248480985861, "lng_alerta": -50.731007263084543, "volume_lixo": 212.0 }, "geometry": { "type": "Polygon", "coordinates": [ [ [ -50.730962580594877, -23.268155045188486 ], [ -50.730944914362098, -23.268297933835953 ], [ -50.730993992678542, -23.268353929230553 ], [ -50.731102445947741, -23.268217446653605 ], [ -50.730962580594877, -23.268155045188486 ] ] ] } },
{ "type": "Feature", "properties": { "nome_zona": "Setor 55", "nivel_urgencia": "BAIXO", "score_risco_final": 38.71, "lat_alerta": -23.268085650780957, "lng_alerta": -50.731314023147441, "volume_lixo": 212.0 }, "geometry": { "type": "Polygon", "coordinates": [ [ [ -50.731688484541543, -23.268102259984911 ], [ -50.73140890406161, -23.267903474198242 ], [ -50.73102898944294, -23.268066004516388 ], [ -50.730952814639537, -23.268142347290699 ], [ -50.730962580594877, -23.268155045188486 ], [ -50.731102445947741, -23.268217446653605 ], [ -50.731367836663054, -23.268207527882264 ], [ -50.731688484541543, -23.268102259984911 ] ] ] } },
{ "type": "Feature", "properties": { "nome_zona": "Setor 56", "nivel_urgencia": "BAIXO", "score_risco_final": 32.06, "lat_alerta": -23.26775104564317, "lng_alerta": -50.732257899342493, "volume_lixo": 212.0 }, "geometry": { "type": "Polygon", "coordinates": [ [ [ -50.732447664957171, -23.26715928078568 ], [ -50.732398252405559, -23.267149495141133 ], [ -50.731945554024854, -23.267245835773036 ], [ -50.732073027532572, -23.268229720176311 ], [ -50.732385633104997, -23.268600288459744 ], [ -50.732545056089712, -23.267358288027584 ], [ -50.732447664957171, -23.26715928078568 ] ] ] } },
{ "type": "Feature", "properties": { "nome_zona": "Setor 57", "nivel_urgencia": "BAIXO", "score_risco_final": 37.06, "lat_alerta": -23.267673184750858, "lng_alerta": -50.735236197160987, "volume_lixo": 212.0 }, "geometry": { "type": "Polygon", "coordinates": [ [ [ -50.737957895429979, -23.268041381783767 ], [ -50.734599934997718, -23.26666626830027 ], [ -50.732564484551098, -23.267358528096835 ], [ -50.735819715199703, -23.268649809627316 ], [ -50.737957895429979, -23.268041381783767 ] ] ] } },
{ "type": "Feature", "properties": { "nome_zona": "Setor 58", "nivel_urgencia": "MÉDIO", "score_risco_final": 57.11, "lat_alerta": -23.267705614607909, "lng_alerta": -50.731013065913892, "volume_lixo": 212.0 }, "geometry": { "type": "Polygon", "coordinates": [ [ [ -50.730708830097711, -23.267221690584773 ], [ -50.730702982907154, -23.267415507754187 ], [ -50.73102898944294, -23.268066004516388 ], [ -50.73140890406161, -23.267903474198242 ], [ -50.730708830097711, -23.267221690584773 ] ] ] } },
{ "type": "Feature", "properties": { "nome_zona": "Setor 59", "nivel_urgencia": "MÉDIO", "score_risco_final": 52.41, "lat_alerta": -23.267156453439952, "lng_alerta": -50.731286483757138, "volume_lixo": 212.0 }, "geometry": { "type": "Polygon", "coordinates": [ [ [ -50.731272881648607, -23.26637741181796 ], [ -50.730336835904872, -23.266303407303514 ], [ -50.730708830097711, -23.267221690584773 ], [ -50.73140890406161, -23.267903474198242 ], [ -50.731688484541543, -23.268102259984911 ], [ -50.732073027532572, -23.268229720176311 ], [ -50.731945554024854, -23.267245835773036 ], [ -50.731325116392362, -23.266381749448193 ], [ -50.731272881648607, -23.26637741181796 ] ] ] } },
{ "type": "Feature", "properties": { "nome_zona": "Setor 60", "nivel_urgencia": "BAIXO", "score_risco_final": 33.76, "lat_alerta": -23.267003891627247, "lng_alerta": -50.733353379001308, "volume_lixo": 212.0 }, "geometry": { "type": "Polygon", "coordinates": [ [ [ -50.734490966352787, -23.266619712617704 ], [ -50.732447664957171, -23.26715928078568 ], [ -50.732545056089712, -23.267358288027584 ], [ -50.732564484551098, -23.267358528096835 ], [ -50.734599934997718, -23.26666626830027 ], [ -50.734490966352787, -23.266619712617704 ] ] ] } },
{ "type": "Feature", "properties": { "nome_zona": "Setor 61", "nivel_urgencia": "BAIXO", "score_risco_final": 23.91, "lat_alerta": -23.268018259460479, "lng_alerta": -50.730679809676424, "volume_lixo": 212.0 }, "geometry": { "type": "Polygon", "coordinates": [ [ [ -50.730685254935622, -23.267683458216414 ], [ -50.730503302832737, -23.268116403536329 ], [ -50.730552345530597, -23.268202271889869 ], [ -50.730588985607881, -23.2682145188483 ], [ -50.730802365107529, -23.268190827681803 ], [ -50.730855754721105, -23.268105596447796 ], [ -50.730685254935622, -23.267683458216414 ] ] ] } },
{ "type": "Feature", "properties": { "nome_zona": "Setor 62", "nivel_urgencia": "BAIXO", "score_risco_final": 29.01, "lat_alerta": -23.267839581850737, "lng_alerta": -50.730834837468066, "volume_lixo": 212.0 }, "geometry": { "type": "Polygon", "coordinates": [ [ [ -50.730685254935622, -23.267683458216414 ], [ -50.730855754721105, -23.268105596447796 ], [ -50.730952814639537, -23.268142347290699 ], [ -50.73102898944294, -23.268066004516388 ], [ -50.730702982907154, -23.267415507754187 ], [ -50.730685254935622, -23.267683458216414 ] ] ] } },
{ "type": "Feature", "properties": { "nome_zona": "Setor 63", "nivel_urgencia": "MÉDIO", "score_risco_final": 41.56, "lat_alerta": -23.267529947170633, "lng_alerta": -50.727598389288119, "volume_lixo": 212.0 }, "geometry": { "type": "Polygon", "coordinates": [ [ [ -50.721741352546921, -23.268302596336561 ], [ -50.72994789124386, -23.268230814163246 ], [ -50.730503302832737, -23.268116403536329 ], [ -50.730685254935622, -23.267683458216414 ], [ -50.730702982907154, -23.267415507754187 ], [ -50.730708830097711, -23.267221690584773 ], [ -50.730336835904872, -23.266303407303514 ], [ -50.730030186340755, -23.266152456604633 ], [ -50.721741352546921, -23.268302596336561 ] ] ] } },
{ "type": "Feature", "properties": { "nome_zona": "Setor 64", "nivel_urgencia": "MÉDIO", "score_risco_final": 42.76, "lat_alerta": -23.265584932665231, "lng_alerta": -50.730878772788401, "volume_lixo": 212.0 }, "geometry": { "type": "Polygon", "coordinates": [ [ [ -50.730656381933365, -23.264563501144103 ], [ -50.730030186340755, -23.266152456604633 ], [ -50.730336835904872, -23.266303407303514 ], [ -50.731272881648607, -23.26637741181796 ], [ -50.731715672156845, -23.265187412328618 ], [ -50.730656381933365, -23.264563501144103 ] ] ] } },
{ "type": "Feature", "properties": { "nome_zona": "Setor 65", "nivel_urgencia": "BAIXO", "score_risco_final": 35.03, "lat_alerta": -23.250402797540431, "lng_alerta": -50.693798934897636, "volume_lixo": 329.0 }, "geometry": { "type": "Polygon", "coordinates": [ [ [ -50.710930994629365, -23.244056304349677 ], [ -50.713700924418553, -23.238806510552433 ], [ -50.685126666633543, -23.23403622636225 ], [ -50.682652558087149, -23.243323733611337 ], [ -50.679133902057849, -23.263855765849243 ], [ -50.693636478467056, -23.270426214638636 ], [ -50.710930994629365, -23.244056304349677 ] ] ] } },
{ "type": "Feature", "properties": { "nome_zona": "Setor 66", "nivel_urgencia": "MÉDIO", "score_risco_final": 58.91, "lat_alerta": -23.262245312275653, "lng_alerta": -50.730691526408336, "volume_lixo": 212.0 }, "geometry": { "type": "Polygon", "coordinates": [ [ [ -50.732610327619241, -23.263737907687219 ], [ -50.732308682659564, -23.261922001371456 ], [ -50.72805908119539, -23.25963912321269 ], [ -50.730736521687263, -23.264279128699304 ], [ -50.73175164929259, -23.264062221091326 ], [ -50.732610327619241, -23.263737907687219 ] ] ] } },
{ "type": "Feature", "properties": { "nome_zona": "Setor 67", "nivel_urgencia": "BAIXO", "score_risco_final": 24.18, "lat_alerta": -23.260910429653258, "lng_alerta": -50.712273794675973, "volume_lixo": 329.0 }, "geometry": { "type": "Polygon", "coordinates": [ [ [ -50.710930994629365, -23.244056304349677 ], [ -50.693636478467056, -23.270426214638636 ], [ -50.697710055635426, -23.272271764658104 ], [ -50.71752509931882, -23.269268754184772 ], [ -50.721741352546921, -23.268302596336561 ], [ -50.730030186340755, -23.266152456604633 ], [ -50.730656381933365, -23.264563501144103 ], [ -50.73072323235796, -23.264338125158115 ], [ -50.730736521687263, -23.264279128699304 ], [ -50.72805908119539, -23.25963912321269 ], [ -50.710930994629365, -23.244056304349677 ] ] ] } },
{ "type": "Feature", "properties": { "nome_zona": "Setor 68", "nivel_urgencia": "MÉDIO", "score_risco_final": 53.21, "lat_alerta": -23.237604362357406, "lng_alerta": -50.683906969900406, "volume_lixo": 212.0 }, "geometry": { "type": "Polygon", "coordinates": [ [ [ -50.682652558087149, -23.243323733611337 ], [ -50.685126666633543, -23.23403622636225 ], [ -50.685058798865008, -23.234019686613482 ], [ -50.684335212533398, -23.234948076420519 ], [ -50.683852499266692, -23.23585622037583 ], [ -50.682652558087149, -23.243323733611337 ] ] ] } },
{ "type": "Feature", "properties": { "nome_zona": "Setor 69", "nivel_urgencia": "BAIXO", "score_risco_final": 24.81, "lat_alerta": -23.235061651986001, "lng_alerta": -50.683898652054644, "volume_lixo": 212.0 }, "geometry": { "type": "Polygon", "coordinates": [ [ [ -50.683852499266692, -23.23585622037583 ], [ -50.684335212533398, -23.234948076420519 ], [ -50.683681873593962, -23.234438926268865 ], [ -50.683544612421528, -23.234682745961084 ], [ -50.683852499266692, -23.23585622037583 ] ] ] } },
{ "type": "Feature", "properties": { "nome_zona": "Setor 70", "nivel_urgencia": "BAIXO", "score_risco_final": 32.41, "lat_alerta": -23.234140547933226, "lng_alerta": -50.68430202922174, "volume_lixo": 212.0 }, "geometry": { "type": "Polygon", "coordinates": [ [ [ -50.683681873593962, -23.234438926268865 ], [ -50.684335212533398, -23.234948076420519 ], [ -50.685058798865008, -23.234019686613482 ], [ -50.684049447003062, -23.233290259365429 ], [ -50.683681873593962, -23.234438926268865 ] ] ] } },
{ "type": "Feature", "properties": { "nome_zona": "Setor 71", "nivel_urgencia": "BAIXO", "score_risco_final": 32.91, "lat_alerta": -23.266560257915156, "lng_alerta": -50.732071859846222, "volume_lixo": 212.0 }, "geometry": { "type": "Polygon", "coordinates": [ [ [ -50.732644691839695, -23.265851805846879 ], [ -50.732606745025763, -23.265855881893675 ], [ -50.731325116392362, -23.266381749448193 ], [ -50.731945554024854, -23.267245835773036 ], [ -50.732398252405559, -23.267149495141133 ], [ -50.732644691839695, -23.265851805846879 ] ] ] } },
{ "type": "Feature", "properties": { "nome_zona": "Setor 72", "nivel_urgencia": "MÉDIO", "score_risco_final": 47.41, "lat_alerta": -23.266492625522023, "lng_alerta": -50.733199508308196, "volume_lixo": 212.0 }, "geometry": { "type": "Polygon", "coordinates": [ [ [ -50.732961441286143, -23.265788825075663 ], [ -50.732644691839695, -23.265851805846879 ], [ -50.732398252405559, -23.267149495141133 ], [ -50.732447664957171, -23.26715928078568 ], [ -50.734490966352787, -23.266619712617704 ], [ -50.732961441286143, -23.265788825075663 ] ] ] } },
{ "type": "Feature", "properties": { "nome_zona": "Setor 73", "nivel_urgencia": "MÉDIO", "score_risco_final": 44.41, "lat_alerta": -23.265798929702356, "lng_alerta": -50.73188297075027, "volume_lixo": 212.0 }, "geometry": { "type": "Polygon", "coordinates": [ [ [ -50.732319787389578, -23.265542017576823 ], [ -50.7317452525402, -23.265203205113426 ], [ -50.731715672156845, -23.265187412328618 ], [ -50.731272881648607, -23.26637741181796 ], [ -50.731325116392362, -23.266381749448193 ], [ -50.732606745025763, -23.265855881893675 ], [ -50.732319787389578, -23.265542017576823 ] ] ] } },
{ "type": "Feature", "properties": { "nome_zona": "Setor 74", "nivel_urgencia": "MÉDIO", "score_risco_final": 48.21, "lat_alerta": -23.265400631661098, "lng_alerta": -50.732466241893462, "volume_lixo": 212.0 }, "geometry": { "type": "Polygon", "coordinates": [ [ [ -50.732952727649476, -23.26561783763356 ], [ -50.731945219307107, -23.264713663480865 ], [ -50.731968963134982, -23.264800185852202 ], [ -50.732085596258003, -23.26518600885619 ], [ -50.732319787389578, -23.265542017576823 ], [ -50.732606745025763, -23.265855881893675 ], [ -50.732644691839695, -23.265851805846879 ], [ -50.732961441286143, -23.265788825075663 ], [ -50.732952727649476, -23.26561783763356 ] ] ] } },
{ "type": "Feature", "properties": { "nome_zona": "Setor 75", "nivel_urgencia": "BAIXO", "score_risco_final": 36.21, "lat_alerta": -23.265253939842303, "lng_alerta": -50.731996201634828, "volume_lixo": 212.0 }, "geometry": { "type": "Polygon", "coordinates": [ [ [ -50.731836473035138, -23.265030603417156 ], [ -50.731821788253491, -23.265022495790351 ], [ -50.7317452525402, -23.265203205113426 ], [ -50.732319787389578, -23.265542017576823 ], [ -50.732085596258003, -23.26518600885619 ], [ -50.731836473035138, -23.265030603417156 ] ] ] } },
{ "type": "Feature", "properties": { "nome_zona": "Setor 76", "nivel_urgencia": "BAIXO", "score_risco_final": 38.31, "lat_alerta": -23.265005599469436, "lng_alerta": -50.731963677476031, "volume_lixo": 212.0 }, "geometry": { "type": "Polygon", "coordinates": [ [ [ -50.732085596258003, -23.26518600885619 ], [ -50.731968963134982, -23.264800185852202 ], [ -50.731836473035138, -23.265030603417156 ], [ -50.732085596258003, -23.26518600885619 ] ] ] } },
{ "type": "Feature", "properties": { "nome_zona": "Setor 77", "nivel_urgencia": "BAIXO", "score_risco_final": 37.51, "lat_alerta": -23.264773497426809, "lng_alerta": -50.731222906338814, "volume_lixo": 212.0 }, "geometry": { "type": "Polygon", "coordinates": [ [ [ -50.73072323235796, -23.264338125158115 ], [ -50.730656381933365, -23.264563501144103 ], [ -50.731715672156845, -23.265187412328618 ], [ -50.7317452525402, -23.265203205113426 ], [ -50.731821788253491, -23.265022495790351 ], [ -50.73072323235796, -23.264338125158115 ] ] ] } },
{ "type": "Feature", "properties": { "nome_zona": "Setor 78", "nivel_urgencia": "BAIXO", "score_risco_final": 35.76, "lat_alerta": -23.264523862094247, "lng_alerta": -50.732459454356956, "volume_lixo": 212.0 }, "geometry": { "type": "Polygon", "coordinates": [ [ [ -50.732874070260934, -23.263915443697233 ], [ -50.732610327619241, -23.263737907687219 ], [ -50.73175164929259, -23.264062221091326 ], [ -50.731945219307107, -23.264713663480865 ], [ -50.732952727649476, -23.26561783763356 ], [ -50.732874070260934, -23.263915443697233 ] ] ] } },
{ "type": "Feature", "properties": { "nome_zona": "Setor 79", "nivel_urgencia": "BAIXO", "score_risco_final": 27.26, "lat_alerta": -23.264484255712443, "lng_alerta": -50.731470622421398, "volume_lixo": 212.0 }, "geometry": { "type": "Polygon", "coordinates": [ [ [ -50.731945219307107, -23.264713663480865 ], [ -50.73175164929259, -23.264062221091326 ], [ -50.730736521687263, -23.264279128699304 ], [ -50.73072323235796, -23.264338125158115 ], [ -50.731821788253491, -23.265022495790351 ], [ -50.731836473035138, -23.265030603417156 ], [ -50.731968963134982, -23.264800185852202 ], [ -50.731945219307107, -23.264713663480865 ] ] ] } },
{ "type": "Feature", "properties": { "nome_zona": "Setor 80", "nivel_urgencia": "BAIXO", "score_risco_final": 27.46, "lat_alerta": -23.265315518770691, "lng_alerta": -50.741640553499074, "volume_lixo": 212.0 }, "geometry": { "type": "Polygon", "coordinates": [ [ [ -50.732874070260934, -23.263915443697233 ], [ -50.732952727649476, -23.26561783763356 ], [ -50.732961441286143, -23.265788825075663 ], [ -50.734490966352787, -23.266619712617704 ], [ -50.734599934997718, -23.26666626830027 ], [ -50.737957895429979, -23.268041381783767 ], [ -50.740144308094649, -23.268006543958268 ], [ -50.748866391647887, -23.267541690131623 ], [ -50.748677941647884, -23.264005790131623 ], [ -50.748609027419178, -23.263161831346491 ], [ -50.748502427419176, -23.262194031346489 ], [ -50.732874070260934, -23.263915443697233 ] ] ] } },
{ "type": "Feature", "properties": { "nome_zona": "Setor 81", "nivel_urgencia": "MÉDIO", "score_risco_final": 50.18, "lat_alerta": -23.230456511802526, "lng_alerta": -50.675643882717964, "volume_lixo": 329.0 }, "geometry": { "type": "Polygon", "coordinates": [ [ [ -50.684049447003062, -23.233290259365429 ], [ -50.677182492511101, -23.224250795934733 ], [ -50.664801042956505, -23.232364844171272 ], [ -50.683544612421528, -23.234682745961084 ], [ -50.683681873593962, -23.234438926268865 ], [ -50.684049447003062, -23.233290259365429 ] ] ] } },
{ "type": "Feature", "properties": { "nome_zona": "Setor 82", "nivel_urgencia": "BAIXO", "score_risco_final": 37.41, "lat_alerta": -23.226103755726605, "lng_alerta": -50.696141264810393, "volume_lixo": 212.0 }, "geometry": { "type": "Polygon", "coordinates": [ [ [ -50.715369237483316, -23.235936454568648 ], [ -50.704793427793888, -23.219779022384685 ], [ -50.697802907448491, -23.210854767393911 ], [ -50.691817903358192, -23.212258396447421 ], [ -50.677182492511101, -23.224250795934733 ], [ -50.684049447003062, -23.233290259365429 ], [ -50.685058798865008, -23.234019686613482 ], [ -50.685126666633543, -23.23403622636225 ], [ -50.713700924418553, -23.238806510552433 ], [ -50.715369237483316, -23.235936454568648 ] ] ] } },
{ "type": "Feature", "properties": { "nome_zona": "Setor 83", "nivel_urgencia": "BAIXO", "score_risco_final": 32.78, "lat_alerta": -23.219126188356537, "lng_alerta": -50.668534904942845, "volume_lixo": 329.0 }, "geometry": { "type": "Polygon", "coordinates": [ [ [ -50.668980554193283, -23.203988754985648 ], [ -50.662177318237802, -23.209447330229359 ], [ -50.651564622407626, -23.222495657696467 ], [ -50.656011410863911, -23.237942172761588 ], [ -50.664801042956505, -23.232364844171272 ], [ -50.677182492511101, -23.224250795934733 ], [ -50.691817903358192, -23.212258396447421 ], [ -50.668980554193283, -23.203988754985648 ] ] ] } },
{ "type": "Feature", "properties": { "nome_zona": "Setor 84", "nivel_urgencia": "MÉDIO", "score_risco_final": 55.55, "lat_alerta": -23.204744308453456, "lng_alerta": -50.725037565044211, "volume_lixo": 810.0 }, "geometry": { "type": "Polygon", "coordinates": [ [ [ -50.723559317218509, -23.205566366579475 ], [ -50.727052560786397, -23.205366761835027 ], [ -50.725208089497549, -23.20363393636757 ], [ -50.725154984913928, -23.20361912980848 ], [ -50.724901904667014, -23.203584199187635 ], [ -50.723858848420385, -23.204172103617655 ], [ -50.723559317218509, -23.205566366579475 ] ] ] } },
{ "type": "Feature", "properties": { "nome_zona": "Setor 85", "nivel_urgencia": "MÉDIO", "score_risco_final": 50.8, "lat_alerta": -23.204144468127218, "lng_alerta": -50.723255682355216, "volume_lixo": 810.0 }, "geometry": { "type": "Polygon", "coordinates": [ [ [ -50.723858848420385, -23.204172103617655 ], [ -50.723889252678184, -23.204019020918743 ], [ -50.72279853630107, -23.202649187479437 ], [ -50.722555919262781, -23.202621371186677 ], [ -50.723232610912532, -23.205669348035087 ], [ -50.723559317218509, -23.205566366579475 ], [ -50.723858848420385, -23.204172103617655 ] ] ] } },
{ "type": "Feature", "properties": { "nome_zona": "Setor 86", "nivel_urgencia": "MÉDIO", "score_risco_final": 46.3, "lat_alerta": -23.203744736106835, "lng_alerta": -50.724284293805852, "volume_lixo": 810.0 }, "geometry": { "type": "Polygon", "coordinates": [ [ [ -50.723858848420385, -23.204172103617655 ], [ -50.724901904667014, -23.203584199187635 ], [ -50.72412429675768, -23.203464091662742 ], [ -50.723889252678184, -23.204019020918743 ], [ -50.723858848420385, -23.204172103617655 ] ] ] } },
{ "type": "Feature", "properties": { "nome_zona": "Setor 87", "nivel_urgencia": "BAIXO", "score_risco_final": 31.71, "lat_alerta": -23.204428098247103, "lng_alerta": -50.708344617674989, "volume_lixo": 212.0 }, "geometry": { "type": "Polygon", "coordinates": [ [ [ -50.697802907448491, -23.210854767393911 ], [ -50.704793427793888, -23.219779022384685 ], [ -50.723232610912532, -23.205669348035087 ], [ -50.722555919262781, -23.202621371186677 ], [ -50.701512315329175, -23.187741773542367 ], [ -50.697802907448491, -23.210854767393911 ] ] ] } },
{ "type": "Feature", "properties": { "nome_zona": "Setor 88", "nivel_urgencia": "MÉDIO", "score_risco_final": 53.95, "lat_alerta": -23.203178884059007, "lng_alerta": -50.723583873661397, "volume_lixo": 810.0 }, "geometry": { "type": "Polygon", "coordinates": [ [ [ -50.723753066432451, -23.202677421282008 ], [ -50.72279853630107, -23.202649187479437 ], [ -50.723889252678184, -23.204019020918743 ], [ -50.72412429675768, -23.203464091662742 ], [ -50.723753066432451, -23.202677421282008 ] ] ] } },
{ "type": "Feature", "properties": { "nome_zona": "Setor 89", "nivel_urgencia": "BAIXO", "score_risco_final": 37.42, "lat_alerta": -23.203148564747735, "lng_alerta": -50.72432875524806, "volume_lixo": 604.0 }, "geometry": { "type": "Polygon", "coordinates": [ [ [ -50.72412429675768, -23.203464091662742 ], [ -50.724901904667014, -23.203584199187635 ], [ -50.725154984913928, -23.20361912980848 ], [ -50.723981720958534, -23.202545843232738 ], [ -50.723753066432451, -23.202677421282008 ], [ -50.72412429675768, -23.203464091662742 ] ] ] } },
{ "type": "Feature", "properties": { "nome_zona": "Setor 90", "nivel_urgencia": "MÉDIO", "score_risco_final": 51.87, "lat_alerta": -23.202717829650844, "lng_alerta": -50.724657821977104, "volume_lixo": 604.0 }, "geometry": { "type": "Polygon", "coordinates": [ [ [ -50.724774538354744, -23.201933304218169 ], [ -50.723981720958534, -23.202545843232738 ], [ -50.725154984913928, -23.20361912980848 ], [ -50.725208089497549, -23.20363393636757 ], [ -50.724774538354744, -23.201933304218169 ] ] ] } },
{ "type": "Feature", "properties": { "nome_zona": "Setor 91", "nivel_urgencia": "MÉDIO", "score_risco_final": 58.28, "lat_alerta": -23.183878769556248, "lng_alerta": -50.65986029271852, "volume_lixo": 777.0 }, "geometry": { "type": "Polygon", "coordinates": [ [ [ -50.660495961162432, -23.183171408673928 ], [ -50.65920970130324, -23.182664232208932 ], [ -50.659050176891284, -23.18296207482458 ], [ -50.659409289328707, -23.184823242353804 ], [ -50.660028737740568, -23.185165231228364 ], [ -50.660690866231079, -23.184338011376024 ], [ -50.660495961162432, -23.183171408673928 ] ] ] } },
{ "type": "Feature", "properties": { "nome_zona": "Setor 92", "nivel_urgencia": "MÉDIO", "score_risco_final": 45.93, "lat_alerta": -23.183438965367088, "lng_alerta": -50.661249378745147, "volume_lixo": 777.0 }, "geometry": { "type": "Polygon", "coordinates": [ [ [ -50.662216450169424, -23.183448848695264 ], [ -50.660763166268374, -23.182303053704409 ], [ -50.660495961162432, -23.183171408673928 ], [ -50.660690866231079, -23.184338011376024 ], [ -50.662373332700227, -23.183828302847949 ], [ -50.662216450169424, -23.183448848695264 ] ] ] } },
{ "type": "Feature", "properties": { "nome_zona": "Setor 93", "nivel_urgencia": "MÉDIO", "score_risco_final": 47.33, "lat_alerta": -23.182776291083524, "lng_alerta": -50.661508126433503, "volume_lixo": 777.0 }, "geometry": { "type": "Polygon", "coordinates": [ [ [ -50.662144299874939, -23.183133014800426 ], [ -50.660782456306521, -23.182118875973021 ], [ -50.660763166268374, -23.182303053704409 ], [ -50.662216450169424, -23.183448848695264 ], [ -50.662144299874939, -23.183133014800426 ] ] ] } },
{ "type": "Feature", "properties": { "nome_zona": "Setor 94", "nivel_urgencia": "MÉDIO", "score_risco_final": 54.83, "lat_alerta": -23.182544287348147, "lng_alerta": -50.663132951605689, "volume_lixo": 777.0 }, "geometry": { "type": "Polygon", "coordinates": [ [ [ -50.662697843016623, -23.180693210619729 ], [ -50.66154302087341, -23.18023958921821 ], [ -50.662144299874939, -23.183133014800426 ], [ -50.662216450169424, -23.183448848695264 ], [ -50.662373332700227, -23.183828302847949 ], [ -50.664835093161493, -23.184309018711893 ], [ -50.664867228407012, -23.183214124989696 ], [ -50.662697843016623, -23.180693210619729 ] ] ] } },
{ "type": "Feature", "properties": { "nome_zona": "Setor 95", "nivel_urgencia": "MÉDIO", "score_risco_final": 40.03, "lat_alerta": -23.181630216589006, "lng_alerta": -50.660098115857174, "volume_lixo": 777.0 }, "geometry": { "type": "Polygon", "coordinates": [ [ [ -50.660956389992052, -23.180169841137733 ], [ -50.659599953355098, -23.18039818856256 ], [ -50.659170890034297, -23.182099185793415 ], [ -50.65920970130324, -23.182664232208932 ], [ -50.660495961162432, -23.183171408673928 ], [ -50.660763166268374, -23.182303053704409 ], [ -50.660782456306521, -23.182118875973021 ], [ -50.660956389992052, -23.180169841137733 ] ] ] } },
{ "type": "Feature", "properties": { "nome_zona": "Setor 96", "nivel_urgencia": "MÉDIO", "score_risco_final": 52.01, "lat_alerta": -23.181363438019201, "lng_alerta": -50.664244699143822, "volume_lixo": 824.0 }, "geometry": { "type": "Polygon", "coordinates": [ [ [ -50.665190756644982, -23.182729774440009 ], [ -50.665082391060935, -23.180928685266704 ], [ -50.664808897101736, -23.180192055794507 ], [ -50.664123858532037, -23.180097692565976 ], [ -50.663913073337447, -23.180112776976792 ], [ -50.662697843016623, -23.180693210619729 ], [ -50.664867228407012, -23.183214124989696 ], [ -50.665190756644982, -23.182729774440009 ] ] ] } },
{ "type": "Feature", "properties": { "nome_zona": "Setor 97", "nivel_urgencia": "MÉDIO", "score_risco_final": 56.5, "lat_alerta": -23.181574234176697, "lng_alerta": -50.665405929591884, "volume_lixo": 521.0 }, "geometry": { "type": "Polygon", "coordinates": [ [ [ -50.66567775, -23.182318450685962 ], [ -50.66567775, -23.180441218886461 ], [ -50.665082391060935, -23.180928685266704 ], [ -50.665190756644982, -23.182729774440009 ], [ -50.66567775, -23.182318450685962 ] ] ] } },
{ "type": "Feature", "properties": { "nome_zona": "Setor 98", "nivel_urgencia": "ALTO", "score_risco_final": 69.43, "lat_alerta": -23.18154479433413, "lng_alerta": -50.661384680755077, "volume_lixo": 777.0 }, "geometry": { "type": "Polygon", "coordinates": [ [ [ -50.66121837897861, -23.180029846113666 ], [ -50.660956389992052, -23.180169841137733 ], [ -50.660782456306521, -23.182118875973021 ], [ -50.662144299874939, -23.183133014800426 ], [ -50.66154302087341, -23.18023958921821 ], [ -50.66121837897861, -23.180029846113666 ] ] ] } },
{ "type": "Feature", "properties": { "nome_zona": "Setor 99", "nivel_urgencia": "MÉDIO", "score_risco_final": 58.1, "lat_alerta": -23.180492508841528, "lng_alerta": -50.66682830221994, "volume_lixo": 564.0 }, "geometry": { "type": "Polygon", "coordinates": [ [ [ -50.668546075624569, -23.179148648104288 ], [ -50.666418681976928, -23.179665505168252 ], [ -50.66567775, -23.180441218886461 ], [ -50.66567775, -23.182318450685962 ], [ -50.667203890786375, -23.181079170120153 ], [ -50.668705656813891, -23.179244054910658 ], [ -50.668546075624569, -23.179148648104288 ] ] ] } },
{ "type": "Feature", "properties": { "nome_zona": "Setor 100", "nivel_urgencia": "ALTO", "score_risco_final": 64.14, "lat_alerta": -23.180173853000316, "lng_alerta": -50.665470133745906, "volume_lixo": 641.0 }, "geometry": { "type": "Polygon", "coordinates": [ [ [ -50.666418681976928, -23.179665505168252 ], [ -50.665309682304354, -23.179752973244913 ], [ -50.664808897101736, -23.180192055794507 ], [ -50.665082391060935, -23.180928685266704 ], [ -50.66567775, -23.180441218886461 ], [ -50.666418681976928, -23.179665505168252 ] ] ] } },
{ "type": "Feature", "properties": { "nome_zona": "Setor 101", "nivel_urgencia": "MÉDIO", "score_risco_final": 47.91, "lat_alerta": -23.22806064843585, "lng_alerta": -50.62838489771984, "volume_lixo": 212.0 }, "geometry": { "type": "Polygon", "coordinates": [ [ [ -50.656011410863911, -23.237942172761588 ], [ -50.651564622407626, -23.222495657696467 ], [ -50.646718903800398, -23.217501021903566 ], [ -50.637709263700692, -23.216116297498701 ], [ -50.628826427797506, -23.215016856500203 ], [ -50.595979895580435, -23.211040848320913 ], [ -50.590767610258006, -23.220508074870772 ], [ -50.624232660258009, -23.238932624870774 ], [ -50.625276950331994, -23.239455663875461 ], [ -50.65349078707137, -23.252238052619198 ], [ -50.656011410863911, -23.237942172761588 ] ] ] } },
{ "type": "Feature", "properties": { "nome_zona": "Setor 102", "nivel_urgencia": "MÉDIO", "score_risco_final": 45.36, "lat_alerta": -23.190796251149532, "lng_alerta": -50.574315049423021, "volume_lixo": 212.0 }, "geometry": { "type": "Polygon", "coordinates": [ [ [ -50.595979895580435, -23.211040848320913 ], [ -50.596144577747523, -23.210336804193968 ], [ -50.59861463812355, -23.199509061016304 ], [ -50.58271785007797, -23.170601329970186 ], [ -50.573093269676747, -23.163304707898146 ], [ -50.567650938064361, -23.159316624356777 ], [ -50.55243778806436, -23.180077224356776 ], [ -50.551613130006373, -23.181329361361552 ], [ -50.550917590484552, -23.182657567958781 ], [ -50.550358118427113, -23.184048574431912 ], [ -50.54994030335277, -23.185488483649532 ], [ -50.549668319527498, -23.186962909907482 ], [ -50.54954488426069, -23.188457122652121 ], [ -50.549571230757337, -23.189956193648925 ], [ -50.549747095797436, -23.191445146126007 ], [ -50.550070722365753, -23.192909104402606 ], [ -50.550538877205618, -23.194333442507567 ], [ -50.551146883121454, -23.195703930303079 ], [ -50.551888665707231, -23.197006875653727 ], [ -50.552756814034041, -23.198229261220558 ], [ -50.55374265469051, -23.199358874513411 ], [ -50.554836338436239, -23.2003844299023 ], [ -50.556026938602628, -23.201295681368759 ], [ -50.557302560258009, -23.202083524870773 ], [ -50.590767610258006, -23.220508074870772 ], [ -50.595979895580435, -23.211040848320913 ] ] ] } },
{ "type": "Feature", "properties": { "nome_zona": "Setor 103", "nivel_urgencia": "MÉDIO", "score_risco_final": 48.83, "lat_alerta": -23.211973490358464, "lng_alerta": -50.633585615116822, "volume_lixo": 329.0 }, "geometry": { "type": "Polygon", "coordinates": [ [ [ -50.634554410269857, -23.20581840975963 ], [ -50.634145316880009, -23.205035230423054 ], [ -50.634086587950577, -23.205009259386465 ], [ -50.628826427797506, -23.215016856500203 ], [ -50.637709263700692, -23.216116297498701 ], [ -50.634554410269857, -23.20581840975963 ] ] ] } },
{ "type": "Feature", "properties": { "nome_zona": "Setor 104", "nivel_urgencia": "MÉDIO", "score_risco_final": 57.26, "lat_alerta": -23.210228773978855, "lng_alerta": -50.61889563470411, "volume_lixo": 212.0 }, "geometry": { "type": "Polygon", "coordinates": [ [ [ -50.634013022324467, -23.204963517309295 ], [ -50.596144577747523, -23.210336804193968 ], [ -50.595979895580435, -23.211040848320913 ], [ -50.628826427797506, -23.215016856500203 ], [ -50.634086587950577, -23.205009259386465 ], [ -50.634013022324467, -23.204963517309295 ] ] ] } },
{ "type": "Feature", "properties": { "nome_zona": "Setor 105", "nivel_urgencia": "BAIXO", "score_risco_final": 39.63, "lat_alerta": -23.205196160782862, "lng_alerta": -50.634398971865558, "volume_lixo": 329.0 }, "geometry": { "type": "Polygon", "coordinates": [ [ [ -50.634497188446822, -23.204734839824251 ], [ -50.634145316880009, -23.205035230423054 ], [ -50.634554410269857, -23.20581840975963 ], [ -50.634497188446822, -23.204734839824251 ] ] ] } },
{ "type": "Feature", "properties": { "nome_zona": "Setor 106", "nivel_urgencia": "BAIXO", "score_risco_final": 33.86, "lat_alerta": -23.201857434815956, "lng_alerta": -50.61515338054577, "volume_lixo": 212.0 }, "geometry": { "type": "Polygon", "coordinates": [ [ [ -50.631992817235243, -23.196780542376555 ], [ -50.614633145321967, -23.193858774194531 ], [ -50.599597028405675, -23.198866635530194 ], [ -50.59861463812355, -23.199509061016304 ], [ -50.596144577747523, -23.210336804193968 ], [ -50.634013022324467, -23.204963517309295 ], [ -50.635400595082672, -23.197589113773805 ], [ -50.631992817235243, -23.196780542376555 ] ] ] } },
{ "type": "Feature", "properties": { "nome_zona": "Setor 107", "nivel_urgencia": "ALTO", "score_risco_final": 62.24, "lat_alerta": -23.200574879299776, "lng_alerta": -50.635492492288677, "volume_lixo": 898.0 }, "geometry": { "type": "Polygon", "coordinates": [ [ [ -50.635400595082672, -23.197589113773805 ], [ -50.634013022324467, -23.204963517309295 ], [ -50.634086587950577, -23.205009259386465 ], [ -50.634145316880009, -23.205035230423054 ], [ -50.634497188446822, -23.204734839824251 ], [ -50.637222699002919, -23.197983718849063 ], [ -50.635400595082672, -23.197589113773805 ] ] ] } },
{ "type": "Feature", "properties": { "nome_zona": "Setor 108", "nivel_urgencia": "MÉDIO", "score_risco_final": 48.16, "lat_alerta": -23.194742159296762, "lng_alerta": -50.636474613653313, "volume_lixo": 212.0 }, "geometry": { "type": "Polygon", "coordinates": [ [ [ -50.638377069731348, -23.190424818292637 ], [ -50.637068847719625, -23.19020135157545 ], [ -50.636717748138793, -23.190360592019733 ], [ -50.631992817235243, -23.196780542376555 ], [ -50.635400595082672, -23.197589113773805 ], [ -50.637222699002919, -23.197983718849063 ], [ -50.639346205012188, -23.198368142371287 ], [ -50.638633209437124, -23.191143480786298 ], [ -50.638377069731348, -23.190424818292637 ] ] ] } },
{ "type": "Feature", "properties": { "nome_zona": "Setor 109", "nivel_urgencia": "BAIXO", "score_risco_final": 33.11, "lat_alerta": -23.19125347444249, "lng_alerta": -50.627414798793758, "volume_lixo": 212.0 }, "geometry": { "type": "Polygon", "coordinates": [ [ [ -50.635441257253596, -23.186074990432534 ], [ -50.635097182249503, -23.185934188806364 ], [ -50.624081108190907, -23.186846684076595 ], [ -50.621632329258951, -23.188315078048721 ], [ -50.614633145321967, -23.193858774194531 ], [ -50.631992817235243, -23.196780542376555 ], [ -50.636717748138793, -23.190360592019733 ], [ -50.63666103556546, -23.18881152858776 ], [ -50.635441257253596, -23.186074990432534 ] ] ] } },
{ "type": "Feature", "properties": { "nome_zona": "Setor 110", "nivel_urgencia": "MÉDIO", "score_risco_final": 59.35, "lat_alerta": -23.190043311655334, "lng_alerta": -50.637733058158645, "volume_lixo": 644.0 }, "geometry": { "type": "Polygon", "coordinates": [ [ [ -50.63832879414133, -23.18995025021292 ], [ -50.637304962271187, -23.189593106748482 ], [ -50.637068847719625, -23.19020135157545 ], [ -50.638377069731348, -23.190424818292637 ], [ -50.63832879414133, -23.18995025021292 ] ] ] } },
{ "type": "Feature", "properties": { "nome_zona": "Setor 111", "nivel_urgencia": "BAIXO", "score_risco_final": 39.13, "lat_alerta": -23.209534400947593, "lng_alerta": -50.652608587737852, "volume_lixo": 329.0 }, "geometry": { "type": "Polygon", "coordinates": [ [ [ -50.651564622407626, -23.222495657696467 ], [ -50.662177318237802, -23.209447330229359 ], [ -50.65637672325056, -23.200126452498026 ], [ -50.654981362781307, -23.19815290398903 ], [ -50.644950912007367, -23.202816195415245 ], [ -50.646718903800398, -23.217501021903566 ], [ -50.651564622407626, -23.222495657696467 ] ] ] } },
{ "type": "Feature", "properties": { "nome_zona": "Setor 112", "nivel_urgencia": "MÉDIO", "score_risco_final": 43.68, "lat_alerta": -23.197453059209494, "lng_alerta": -50.649510573277325, "volume_lixo": 329.0 }, "geometry": { "type": "Polygon", "coordinates": [ [ [ -50.656749122383843, -23.194396846798789 ], [ -50.655825089888161, -23.193964896575697 ], [ -50.646542415309774, -23.193823229429388 ], [ -50.643383096486637, -23.199075564811277 ], [ -50.643141457593508, -23.19969673919659 ], [ -50.644950912007367, -23.202816195415245 ], [ -50.654981362781307, -23.19815290398903 ], [ -50.656875224437563, -23.195563612968577 ], [ -50.656879167634926, -23.195292266353906 ], [ -50.656749122383843, -23.194396846798789 ] ] ] } },
{ "type": "Feature", "properties": { "nome_zona": "Setor 113", "nivel_urgencia": "BAIXO", "score_risco_final": 19.97, "lat_alerta": -23.193053470153583, "lng_alerta": -50.659910172376364, "volume_lixo": 308.0 }, "geometry": { "type": "Polygon", "coordinates": [ [ [ -50.662906413721295, -23.191427197938332 ], [ -50.662017013876991, -23.190973207289094 ], [ -50.660268570007815, -23.191190862687485 ], [ -50.658207090662749, -23.191449398456882 ], [ -50.657705448955959, -23.192215651994637 ], [ -50.656749122383843, -23.194396846798789 ], [ -50.656879167634926, -23.195292266353906 ], [ -50.662564521552589, -23.194173360116071 ], [ -50.662906413721295, -23.191427197938332 ] ] ] } },
{ "type": "Feature", "properties": { "nome_zona": "Setor 114", "nivel_urgencia": "BAIXO", "score_risco_final": 29.98, "lat_alerta": -23.192472824618342, "lng_alerta": -50.650738496074545, "volume_lixo": 329.0 }, "geometry": { "type": "Polygon", "coordinates": [ [ [ -50.651158858514037, -23.189967311186667 ], [ -50.647286527821947, -23.191769795975603 ], [ -50.646542415309774, -23.193823229429388 ], [ -50.655825089888161, -23.193964896575697 ], [ -50.651158858514037, -23.189967311186667 ] ] ] } },
{ "type": "Feature", "properties": { "nome_zona": "Setor 115", "nivel_urgencia": "BAIXO", "score_risco_final": 31.07, "lat_alerta": -23.191533888132525, "lng_alerta": -50.654690673707933, "volume_lixo": 308.0 }, "geometry": { "type": "Polygon", "coordinates": [ [ [ -50.657705448955959, -23.192215651994637 ], [ -50.654385264009903, -23.189716110083669 ], [ -50.651675436339012, -23.189138368963388 ], [ -50.651158858514037, -23.189967311186667 ], [ -50.655825089888161, -23.193964896575697 ], [ -50.656749122383843, -23.194396846798789 ], [ -50.657705448955959, -23.192215651994637 ] ] ] } },
{ "type": "Feature", "properties": { "nome_zona": "Setor 116", "nivel_urgencia": "MÉDIO", "score_risco_final": 45.77, "lat_alerta": -23.190153167356144, "lng_alerta": -50.656365559772119, "volume_lixo": 308.0 }, "geometry": { "type": "Polygon", "coordinates": [ [ [ -50.658180159253078, -23.191229092033463 ], [ -50.657206217423131, -23.189447634116853 ], [ -50.655140124308311, -23.188225869752635 ], [ -50.654385264009903, -23.189716110083669 ], [ -50.657705448955959, -23.192215651994637 ], [ -50.658207090662749, -23.191449398456882 ], [ -50.658180159253078, -23.191229092033463 ] ] ] } },
{ "type": "Feature", "properties": { "nome_zona": "Setor 117", "nivel_urgencia": "MÉDIO", "score_risco_final": 53.27, "lat_alerta": -23.189208602350018, "lng_alerta": -50.659875511502435, "volume_lixo": 308.0 }, "geometry": { "type": "Polygon", "coordinates": [ [ [ -50.660230159364133, -23.186522105464832 ], [ -50.658180159253078, -23.191229092033463 ], [ -50.658207090662749, -23.191449398456882 ], [ -50.660268570007815, -23.191190862687485 ], [ -50.661276004790494, -23.186794783645265 ], [ -50.660281348173676, -23.186471575226982 ], [ -50.660230159364133, -23.186522105464832 ] ] ] } },
{ "type": "Feature", "properties": { "nome_zona": "Setor 118", "nivel_urgencia": "MÉDIO", "score_risco_final": 52.22, "lat_alerta": -23.188338724524172, "lng_alerta": -50.658381134507522, "volume_lixo": 308.0 }, "geometry": { "type": "Polygon", "coordinates": [ [ [ -50.660230159364133, -23.186522105464832 ], [ -50.658814554445875, -23.186614249124602 ], [ -50.657733023203157, -23.186725981336078 ], [ -50.657670960925984, -23.186732828006935 ], [ -50.65712963949894, -23.187324030849428 ], [ -50.657206217423131, -23.189447634116853 ], [ -50.658180159253078, -23.191229092033463 ], [ -50.660230159364133, -23.186522105464832 ] ] ] } },
{ "type": "Feature", "properties": { "nome_zona": "Setor 119", "nivel_urgencia": "BAIXO", "score_risco_final": 36.11, "lat_alerta": -23.188515648422239, "lng_alerta": -50.653433222755353, "volume_lixo": 601.0 }, "geometry": { "type": "Polygon", "coordinates": [ [ [ -50.654438753670121, -23.187494267621421 ], [ -50.652167802078871, -23.187578638490692 ], [ -50.651675436339012, -23.189138368963388 ], [ -50.654385264009903, -23.189716110083669 ], [ -50.655140124308311, -23.188225869752635 ], [ -50.654438753670121, -23.187494267621421 ] ] ] } },
{ "type": "Feature", "properties": { "nome_zona": "Setor 120", "nivel_urgencia": "BAIXO", "score_risco_final": 35.45, "lat_alerta": -23.187760503430393, "lng_alerta": -50.656035148210307, "volume_lixo": 198.0 }, "geometry": { "type": "Polygon", "coordinates": [ [ [ -50.65712963949894, -23.187324030849428 ], [ -50.655586231620489, -23.186261534989512 ], [ -50.654438753670121, -23.187494267621421 ], [ -50.655140124308311, -23.188225869752635 ], [ -50.657206217423131, -23.189447634116853 ], [ -50.65712963949894, -23.187324030849428 ] ] ] } },
{ "type": "Feature", "properties": { "nome_zona": "Setor 121", "nivel_urgencia": "MÉDIO", "score_risco_final": 40.03, "lat_alerta": -23.207975482322222, "lng_alerta": -50.64067519041582, "volume_lixo": 329.0 }, "geometry": { "type": "Polygon", "coordinates": [ [ [ -50.637709263700692, -23.216116297498701 ], [ -50.646718903800398, -23.217501021903566 ], [ -50.644950912007367, -23.202816195415245 ], [ -50.643141457593508, -23.19969673919659 ], [ -50.639346205012188, -23.198368142371287 ], [ -50.637222699002919, -23.197983718849063 ], [ -50.634497188446822, -23.204734839824251 ], [ -50.634554410269857, -23.20581840975963 ], [ -50.637709263700692, -23.216116297498701 ] ] ] } },
{ "type": "Feature", "properties": { "nome_zona": "Setor 122", "nivel_urgencia": "ALTO", "score_risco_final": 69.94, "lat_alerta": -23.195145646172715, "lng_alerta": -50.640653411229437, "volume_lixo": 898.0 }, "geometry": { "type": "Polygon", "coordinates": [ [ [ -50.643281515603249, -23.19860478738682 ], [ -50.640140531083212, -23.189302043335754 ], [ -50.638633209437124, -23.191143480786298 ], [ -50.639346205012188, -23.198368142371287 ], [ -50.643141457593508, -23.19969673919659 ], [ -50.643383096486637, -23.199075564811277 ], [ -50.643281515603249, -23.19860478738682 ] ] ] } },
{ "type": "Feature", "properties": { "nome_zona": "Setor 123", "nivel_urgencia": "ALTO", "score_risco_final": 60.44, "lat_alerta": -23.192496701620403, "lng_alerta": -50.644418724925856, "volume_lixo": 898.0 }, "geometry": { "type": "Polygon", "coordinates": [ [ [ -50.643383096486637, -23.199075564811277 ], [ -50.646542415309774, -23.193823229429388 ], [ -50.647286527821947, -23.191769795975603 ], [ -50.646357116204378, -23.188877933346721 ], [ -50.642827024312211, -23.188178785210088 ], [ -50.642076862587103, -23.188345392851119 ], [ -50.642486005960684, -23.193196447159426 ], [ -50.643281515603249, -23.19860478738682 ], [ -50.643383096486637, -23.199075564811277 ] ] ] } },
{ "type": "Feature", "properties": { "nome_zona": "Setor 124", "nivel_urgencia": "MÉDIO", "score_risco_final": 47.84, "lat_alerta": -23.192433609950232, "lng_alerta": -50.641626541973416, "volume_lixo": 898.0 }, "geometry": { "type": "Polygon", "coordinates": [ [ [ -50.642486005960684, -23.193196447159426 ], [ -50.640399212587539, -23.187762812658661 ], [ -50.640209695023593, -23.187674001028025 ], [ -50.640140531083212, -23.189302043335754 ], [ -50.643281515603249, -23.19860478738682 ], [ -50.642486005960684, -23.193196447159426 ] ] ] } },
{ "type": "Feature", "properties": { "nome_zona": "Setor 125", "nivel_urgencia": "BAIXO", "score_risco_final": 39.29, "lat_alerta": -23.189768239736811, "lng_alerta": -50.641654027045107, "volume_lixo": 898.0 }, "geometry": { "type": "Polygon", "coordinates": [ [ [ -50.640399212587539, -23.187762812658661 ], [ -50.642486005960684, -23.193196447159426 ], [ -50.642076862587103, -23.188345392851119 ], [ -50.640399212587539, -23.187762812658661 ] ] ] } },
{ "type": "Feature", "properties": { "nome_zona": "Setor 126", "nivel_urgencia": "MÉDIO", "score_risco_final": 58.99, "lat_alerta": -23.188256151705303, "lng_alerta": -50.649006720798326, "volume_lixo": 898.0 }, "geometry": { "type": "Polygon", "coordinates": [ [ [ -50.651675436339012, -23.189138368963388 ], [ -50.652167802078871, -23.187578638490692 ], [ -50.651793367479641, -23.186387477121571 ], [ -50.649225535808505, -23.185413213340759 ], [ -50.646616998310556, -23.185910162793085 ], [ -50.646357116204378, -23.188877933346721 ], [ -50.647286527821947, -23.191769795975603 ], [ -50.651158858514037, -23.189967311186667 ], [ -50.651675436339012, -23.189138368963388 ] ] ] } },
{ "type": "Feature", "properties": { "nome_zona": "Setor 127", "nivel_urgencia": "MÉDIO", "score_risco_final": 56.24, "lat_alerta": -23.186994008225508, "lng_alerta": -50.644808148179173, "volume_lixo": 641.0 }, "geometry": { "type": "Polygon", "coordinates": [ [ [ -50.646616998310556, -23.185910162793085 ], [ -50.64617226848685, -23.185257528275763 ], [ -50.64305741934254, -23.185601068700475 ], [ -50.642827024312211, -23.188178785210088 ], [ -50.646357116204378, -23.188877933346721 ], [ -50.646616998310556, -23.185910162793085 ] ] ] } },
{ "type": "Feature", "properties": { "nome_zona": "Setor 128", "nivel_urgencia": "MÉDIO", "score_risco_final": 44.54, "lat_alerta": -23.186987736342829, "lng_alerta": -50.641759047450584, "volume_lixo": 641.0 }, "geometry": { "type": "Polygon", "coordinates": [ [ [ -50.642706197275785, -23.18549317480031 ], [ -50.642621020117787, -23.18547738019582 ], [ -50.641911102117732, -23.185639873104925 ], [ -50.640220255381045, -23.186870564824439 ], [ -50.639824149798805, -23.187267096247027 ], [ -50.640209695023593, -23.187674001028025 ], [ -50.640399212587539, -23.187762812658661 ], [ -50.642076862587103, -23.188345392851119 ], [ -50.642827024312211, -23.188178785210088 ], [ -50.64305741934254, -23.185601068700475 ], [ -50.642706197275785, -23.18549317480031 ] ] ] } },
{ "type": "Feature", "properties": { "nome_zona": "Setor 129", "nivel_urgencia": "MÉDIO", "score_risco_final": 44.55, "lat_alerta": -23.185451377912973, "lng_alerta": -50.640968489427536, "volume_lixo": 910.0 }, "geometry": { "type": "Polygon", "coordinates": [ [ [ -50.641648663038971, -23.185141845332151 ], [ -50.640972067513893, -23.18414782441717 ], [ -50.640679711280626, -23.184110094013143 ], [ -50.640220255381045, -23.186870564824439 ], [ -50.641911102117732, -23.185639873104925 ], [ -50.641648663038971, -23.185141845332151 ] ] ] } },
{ "type": "Feature", "properties": { "nome_zona": "Setor 130", "nivel_urgencia": "ALTO", "score_risco_final": 64.5, "lat_alerta": -23.185620386549633, "lng_alerta": -50.639705459540565, "volume_lixo": 644.0 }, "geometry": { "type": "Polygon", "coordinates": [ [ [ -50.640220255381045, -23.186870564824439 ], [ -50.640679711280626, -23.184110094013143 ], [ -50.639880544717016, -23.183566577780205 ], [ -50.638447060247792, -23.186748080390434 ], [ -50.639123687039479, -23.187133855149902 ], [ -50.639824149798805, -23.187267096247027 ], [ -50.640220255381045, -23.186870564824439 ] ] ] } },
{ "type": "Feature", "properties": { "nome_zona": "Setor 131", "nivel_urgencia": "MÉDIO", "score_risco_final": 45.13, "lat_alerta": -23.186401833734081, "lng_alerta": -50.658234468953687, "volume_lixo": 777.0 }, "geometry": { "type": "Polygon", "coordinates": [ [ [ -50.658814554445875, -23.186614249124602 ], [ -50.658155829212042, -23.185865269104077 ], [ -50.657733023203157, -23.186725981336078 ], [ -50.658814554445875, -23.186614249124602 ] ] ] } },
{ "type": "Feature", "properties": { "nome_zona": "Setor 132", "nivel_urgencia": "MÉDIO", "score_risco_final": 51.66, "lat_alerta": -23.185981817646983, "lng_alerta": -50.653820296820264, "volume_lixo": 560.0 }, "geometry": { "type": "Polygon", "coordinates": [ [ [ -50.655734342757221, -23.184300038819686 ], [ -50.653554547909913, -23.184560548546838 ], [ -50.652670627499624, -23.184788656089744 ], [ -50.651793367479641, -23.186387477121571 ], [ -50.652167802078871, -23.187578638490692 ], [ -50.654438753670121, -23.187494267621421 ], [ -50.655586231620489, -23.186261534989512 ], [ -50.655734342757221, -23.184300038819686 ] ] ] } },
{ "type": "Feature", "properties": { "nome_zona": "Setor 133", "nivel_urgencia": "MÉDIO", "score_risco_final": 40.39, "lat_alerta": -23.185662432991059, "lng_alerta": -50.65766448504457, "volume_lixo": 507.0 }, "geometry": { "type": "Polygon", "coordinates": [ [ [ -50.657733023203157, -23.186725981336078 ], [ -50.658155829212042, -23.185865269104077 ], [ -50.657243749006319, -23.184453967169034 ], [ -50.657172226239204, -23.18444003382189 ], [ -50.657670960925984, -23.186732828006935 ], [ -50.657733023203157, -23.186725981336078 ] ] ] } },
{ "type": "Feature", "properties": { "nome_zona": "Setor 134", "nivel_urgencia": "ALTO", "score_risco_final": 61.41, "lat_alerta": -23.185598445906379, "lng_alerta": -50.656583731687114, "volume_lixo": 560.0 }, "geometry": { "type": "Polygon", "coordinates": [ [ [ -50.655734342757221, -23.184300038819686 ], [ -50.655586231620489, -23.186261534989512 ], [ -50.65712963949894, -23.187324030849428 ], [ -50.657670960925984, -23.186732828006935 ], [ -50.657172226239204, -23.18444003382189 ], [ -50.656219347893469, -23.183843710079671 ], [ -50.655734342757221, -23.184300038819686 ] ] ] } },
{ "type": "Feature", "properties": { "nome_zona": "Setor 135", "nivel_urgencia": "MÉDIO", "score_risco_final": 42.48, "lat_alerta": -23.185559660713256, "lng_alerta": -50.658955741451244, "volume_lixo": 777.0 }, "geometry": { "type": "Polygon", "coordinates": [ [ [ -50.660281348173676, -23.186471575226982 ], [ -50.660028737740568, -23.185165231228364 ], [ -50.659409289328707, -23.184823242353804 ], [ -50.657243749006319, -23.184453967169034 ], [ -50.658155829212042, -23.185865269104077 ], [ -50.658814554445875, -23.186614249124602 ], [ -50.660230159364133, -23.186522105464832 ], [ -50.660281348173676, -23.186471575226982 ] ] ] } },
{ "type": "Feature", "properties": { "nome_zona": "Setor 136", "nivel_urgencia": "BAIXO", "score_risco_final": 36.11, "lat_alerta": -23.184793117125587, "lng_alerta": -50.651028065527505, "volume_lixo": 560.0 }, "geometry": { "type": "Polygon", "coordinates": [ [ [ -50.65227060450411, -23.183785684379586 ], [ -50.651286727311359, -23.18330765775838 ], [ -50.649712635316739, -23.183881865689063 ], [ -50.649225535808505, -23.185413213340759 ], [ -50.651793367479641, -23.186387477121571 ], [ -50.652670627499624, -23.184788656089744 ], [ -50.65227060450411, -23.183785684379586 ] ] ] } },
{ "type": "Feature", "properties": { "nome_zona": "Setor 137", "nivel_urgencia": "MÉDIO", "score_risco_final": 46.58, "lat_alerta": -23.183875163357978, "lng_alerta": -50.658020881658381, "volume_lixo": 777.0 }, "geometry": { "type": "Polygon", "coordinates": [ [ [ -50.659050176891284, -23.18296207482458 ], [ -50.657497728104488, -23.183196568191494 ], [ -50.656243382710905, -23.183582699120155 ], [ -50.656219347893469, -23.183843710079671 ], [ -50.657172226239204, -23.18444003382189 ], [ -50.657243749006319, -23.184453967169034 ], [ -50.659409289328707, -23.184823242353804 ], [ -50.659050176891284, -23.18296207482458 ] ] ] } },
{ "type": "Feature", "properties": { "nome_zona": "Setor 138", "nivel_urgencia": "BAIXO", "score_risco_final": 36.43, "lat_alerta": -23.18319478127032, "lng_alerta": -50.650367712462923, "volume_lixo": 363.0 }, "geometry": { "type": "Polygon", "coordinates": [ [ [ -50.651237385885857, -23.183211568267694 ], [ -50.650844784055202, -23.182634169554838 ], [ -50.650745387189616, -23.182571738636049 ], [ -50.650598631519216, -23.182556317444973 ], [ -50.649697897759523, -23.182974056639896 ], [ -50.649641086938239, -23.18352502075874 ], [ -50.649712635316739, -23.183881865689063 ], [ -50.651286727311359, -23.18330765775838 ], [ -50.651237385885857, -23.183211568267694 ] ] ] } },
{ "type": "Feature", "properties": { "nome_zona": "Setor 139", "nivel_urgencia": "BAIXO", "score_risco_final": 35.13, "lat_alerta": -23.18307755954234, "lng_alerta": -50.651862039877315, "volume_lixo": 363.0 }, "geometry": { "type": "Polygon", "coordinates": [ [ [ -50.652125155661949, -23.182587925595367 ], [ -50.651501198330294, -23.182428391050362 ], [ -50.651478582613152, -23.182431753173017 ], [ -50.651237385885857, -23.183211568267694 ], [ -50.651286727311359, -23.18330765775838 ], [ -50.65227060450411, -23.183785684379586 ], [ -50.652454124450593, -23.183075561002326 ], [ -50.652125155661949, -23.182587925595367 ] ] ] } },
{ "type": "Feature", "properties": { "nome_zona": "Setor 140", "nivel_urgencia": "MÉDIO", "score_risco_final": 56.28, "lat_alerta": -23.183275010119498, "lng_alerta": -50.653150501807055, "volume_lixo": 452.0 }, "geometry": { "type": "Polygon", "coordinates": [ [ [ -50.652670627499624, -23.184788656089744 ], [ -50.653554547909913, -23.184560548546838 ], [ -50.653936770536127, -23.181168825663523 ], [ -50.65338946964097, -23.181778114563219 ], [ -50.652454124450593, -23.183075561002326 ], [ -50.65227060450411, -23.183785684379586 ], [ -50.652670627499624, -23.184788656089744 ] ] ] } },
{ "type": "Feature", "properties": { "nome_zona": "Setor 141", "nivel_urgencia": "MÉDIO", "score_risco_final": 54.35, "lat_alerta": -23.184520511905461, "lng_alerta": -50.642528709295476, "volume_lixo": 910.0 }, "geometry": { "type": "Polygon", "coordinates": [ [ [ -50.642766179431959, -23.184097869400592 ], [ -50.642687023514668, -23.183995620010311 ], [ -50.642203623645131, -23.184143427405932 ], [ -50.642610500161602, -23.185429365695381 ], [ -50.642766179431959, -23.184097869400592 ] ] ] } },
{ "type": "Feature", "properties": { "nome_zona": "Setor 142", "nivel_urgencia": "ALTO", "score_risco_final": 62.65, "lat_alerta": -23.184588399084031, "lng_alerta": -50.642828331073865, "volume_lixo": 910.0 }, "geometry": { "type": "Polygon", "coordinates": [ [ [ -50.643129819584537, -23.183800869185468 ], [ -50.642766179431959, -23.184097869400592 ], [ -50.642610500161602, -23.185429365695381 ], [ -50.642621020117787, -23.18547738019582 ], [ -50.642706197275785, -23.18549317480031 ], [ -50.643129819584537, -23.183800869185468 ] ] ] } },
{ "type": "Feature", "properties": { "nome_zona": "Setor 143", "nivel_urgencia": "ALTO", "score_risco_final": 66.75, "lat_alerta": -23.184767757953058, "lng_alerta": -50.642048768992169, "volume_lixo": 910.0 }, "geometry": { "type": "Polygon", "coordinates": [ [ [ -50.642610500161602, -23.185429365695381 ], [ -50.642203623645131, -23.184143427405932 ], [ -50.641897614679813, -23.183528250772483 ], [ -50.641774051383294, -23.183632202881903 ], [ -50.641648663038971, -23.185141845332151 ], [ -50.641911102117732, -23.185639873104925 ], [ -50.642621020117787, -23.18547738019582 ], [ -50.642610500161602, -23.185429365695381 ] ] ] } },
{ "type": "Feature", "properties": { "nome_zona": "Setor 144", "nivel_urgencia": "BAIXO", "score_risco_final": 31.39, "lat_alerta": -23.184737128604727, "lng_alerta": -50.644211131587674, "volume_lixo": 641.0 }, "geometry": { "type": "Polygon", "coordinates": [ [ [ -50.646102188559162, -23.184769661108213 ], [ -50.643961799110123, -23.183750084256058 ], [ -50.643250410214762, -23.183560892683936 ], [ -50.643129819584537, -23.183800869185468 ], [ -50.642706197275785, -23.18549317480031 ], [ -50.64305741934254, -23.185601068700475 ], [ -50.64617226848685, -23.185257528275763 ], [ -50.646102188559162, -23.184769661108213 ] ] ] } },
{ "type": "Feature", "properties": { "nome_zona": "Setor 145", "nivel_urgencia": "ALTO", "score_risco_final": 75.05, "lat_alerta": -23.184307292344204, "lng_alerta": -50.641464927312057, "volume_lixo": 910.0 }, "geometry": { "type": "Polygon", "coordinates": [ [ [ -50.641774051383294, -23.183632202881903 ], [ -50.640972067513893, -23.18414782441717 ], [ -50.641648663038971, -23.185141845332151 ], [ -50.641774051383294, -23.183632202881903 ] ] ] } },
{ "type": "Feature", "properties": { "nome_zona": "Setor 146", "nivel_urgencia": "BAIXO", "score_risco_final": 31.34, "lat_alerta": -23.184157422681121, "lng_alerta": -50.647699549773087, "volume_lixo": 641.0 }, "geometry": { "type": "Polygon", "coordinates": [ [ [ -50.649641086938239, -23.18352502075874 ], [ -50.646865571996102, -23.182204254609729 ], [ -50.646360996721612, -23.182283257739513 ], [ -50.646102188559162, -23.184769661108213 ], [ -50.64617226848685, -23.185257528275763 ], [ -50.646616998310556, -23.185910162793085 ], [ -50.649225535808505, -23.185413213340759 ], [ -50.649712635316739, -23.183881865689063 ], [ -50.649641086938239, -23.18352502075874 ] ] ] } },
{ "type": "Feature", "properties": { "nome_zona": "Setor 147", "nivel_urgencia": "BAIXO", "score_risco_final": 34.64, "lat_alerta": -23.183668575279199, "lng_alerta": -50.642925816835366, "volume_lixo": 682.0 }, "geometry": { "type": "Polygon", "coordinates": [ [ [ -50.643250410214762, -23.183560892683936 ], [ -50.642807841712205, -23.183230000345574 ], [ -50.642687023514668, -23.183995620010311 ], [ -50.642766179431959, -23.184097869400592 ], [ -50.643129819584537, -23.183800869185468 ], [ -50.643250410214762, -23.183560892683936 ] ] ] } },
{ "type": "Feature", "properties": { "nome_zona": "Setor 148", "nivel_urgencia": "ALTO", "score_risco_final": 68.29, "lat_alerta": -23.183551822052223, "lng_alerta": -50.642366996883979, "volume_lixo": 682.0 }, "geometry": { "type": "Polygon", "coordinates": [ [ [ -50.64262612599201, -23.183057001966048 ], [ -50.64202615841068, -23.183110592953064 ], [ -50.641897614679813, -23.183528250772483 ], [ -50.642203623645131, -23.184143427405932 ], [ -50.642687023514668, -23.183995620010311 ], [ -50.642807841712205, -23.183230000345574 ], [ -50.64262612599201, -23.183057001966048 ] ] ] } },
{ "type": "Feature", "properties": { "nome_zona": "Setor 149", "nivel_urgencia": "ALTO", "score_risco_final": 66.24, "lat_alerta": -23.183205348883607, "lng_alerta": -50.640905927849502, "volume_lixo": 682.0 }, "geometry": { "type": "Polygon", "coordinates": [ [ [ -50.641897614679813, -23.183528250772483 ], [ -50.64202615841068, -23.183110592953064 ], [ -50.641283735936902, -23.182324832405776 ], [ -50.640979891565308, -23.182145512047182 ], [ -50.639762191293137, -23.183098397886134 ], [ -50.639880544717016, -23.183566577780205 ], [ -50.640679711280626, -23.184110094013143 ], [ -50.640972067513893, -23.18414782441717 ], [ -50.641774051383294, -23.183632202881903 ], [ -50.641897614679813, -23.183528250772483 ] ] ] } },
{ "type": "Feature", "properties": { "nome_zona": "Setor 150", "nivel_urgencia": "MÉDIO", "score_risco_final": 57.1, "lat_alerta": -23.183024593563633, "lng_alerta": -50.643308370885457, "volume_lixo": 910.0 }, "geometry": { "type": "Polygon", "coordinates": [ [ [ -50.643961799110123, -23.183750084256058 ], [ -50.643360052818522, -23.182087205741471 ], [ -50.64262612599201, -23.183057001966048 ], [ -50.642807841712205, -23.183230000345574 ], [ -50.643250410214762, -23.183560892683936 ], [ -50.643961799110123, -23.183750084256058 ] ] ] } },
{ "type": "Feature", "properties": { "nome_zona": "Setor 151", "nivel_urgencia": "MÉDIO", "score_risco_final": 59.68, "lat_alerta": -23.182673189488728, "lng_alerta": -50.657035989493998, "volume_lixo": 777.0 }, "geometry": { "type": "Polygon", "coordinates": [ [ [ -50.65864852893079, -23.182286096993955 ], [ -50.65600198581626, -23.181976092150695 ], [ -50.656243382710905, -23.183582699120155 ], [ -50.657497728104488, -23.183196568191494 ], [ -50.65864852893079, -23.182286096993955 ] ] ] } },
{ "type": "Feature", "properties": { "nome_zona": "Setor 152", "nivel_urgencia": "MÉDIO", "score_risco_final": 48.53, "lat_alerta": -23.182706752181261, "lng_alerta": -50.658586770301504, "volume_lixo": 777.0 }, "geometry": { "type": "Polygon", "coordinates": [ [ [ -50.65920970130324, -23.182664232208932 ], [ -50.659170890034297, -23.182099185793415 ], [ -50.65864852893079, -23.182286096993955 ], [ -50.657497728104488, -23.183196568191494 ], [ -50.659050176891284, -23.18296207482458 ], [ -50.65920970130324, -23.182664232208932 ] ] ] } },
{ "type": "Feature", "properties": { "nome_zona": "Setor 153", "nivel_urgencia": "BAIXO", "score_risco_final": 37.43, "lat_alerta": -23.182614867610432, "lng_alerta": -50.651207391353331, "volume_lixo": 363.0 }, "geometry": { "type": "Polygon", "coordinates": [ [ [ -50.651478582613152, -23.182431753173017 ], [ -50.65140404055699, -23.182046003465473 ], [ -50.651391319241256, -23.182055134922795 ], [ -50.650844784055202, -23.182634169554838 ], [ -50.651237385885857, -23.183211568267694 ], [ -50.651478582613152, -23.182431753173017 ] ] ] } },
{ "type": "Feature", "properties": { "nome_zona": "Setor 154", "nivel_urgencia": "MÉDIO", "score_risco_final": 58.53, "lat_alerta": -23.182271941638621, "lng_alerta": -50.652524041178019, "volume_lixo": 363.0 }, "geometry": { "type": "Polygon", "coordinates": [ [ [ -50.652454124450593, -23.183075561002326 ], [ -50.65338946964097, -23.181778114563219 ], [ -50.651758324322579, -23.181949544737861 ], [ -50.65192111014661, -23.182263451417551 ], [ -50.652125155661949, -23.182587925595367 ], [ -50.652454124450593, -23.183075561002326 ] ] ] } },
{ "type": "Feature", "properties": { "nome_zona": "Setor 155", "nivel_urgencia": "MÉDIO", "score_risco_final": 47.98, "lat_alerta": -23.182426589420007, "lng_alerta": -50.651849154712941, "volume_lixo": 363.0 }, "geometry": { "type": "Polygon", "coordinates": [ [ [ -50.65192111014661, -23.182263451417551 ], [ -50.651501198330294, -23.182428391050362 ], [ -50.652125155661949, -23.182587925595367 ], [ -50.65192111014661, -23.182263451417551 ] ] ] } },
{ "type": "Feature", "properties": { "nome_zona": "Setor 156", "nivel_urgencia": "ALTO", "score_risco_final": 62.13, "lat_alerta": -23.182427270291203, "lng_alerta": -50.649997690861568, "volume_lixo": 363.0 }, "geometry": { "type": "Polygon", "coordinates": [ [ [ -50.649697897759523, -23.182974056639896 ], [ -50.650598631519216, -23.182556317444973 ], [ -50.650123500724902, -23.18192993496125 ], [ -50.650036364738291, -23.181845231754235 ], [ -50.649660162402377, -23.182108817994276 ], [ -50.649569065413552, -23.182695766257591 ], [ -50.649697897759523, -23.182974056639896 ] ] ] } },
{ "type": "Feature", "properties": { "nome_zona": "Setor 157", "nivel_urgencia": "MÉDIO", "score_risco_final": 42.63, "lat_alerta": -23.182250943374875, "lng_alerta": -50.650981460751836, "volume_lixo": 363.0 }, "geometry": { "type": "Polygon", "coordinates": [ [ [ -50.651391319241256, -23.182055134922795 ], [ -50.650800465673356, -23.181992098704452 ], [ -50.650796924684791, -23.182001975663962 ], [ -50.650745387189616, -23.182571738636049 ], [ -50.650844784055202, -23.182634169554838 ], [ -50.651391319241256, -23.182055134922795 ] ] ] } },
{ "type": "Feature", "properties": { "nome_zona": "Setor 158", "nivel_urgencia": "BAIXO", "score_risco_final": 27.78, "lat_alerta": -23.182201002026954, "lng_alerta": -50.650543424034872, "volume_lixo": 363.0 }, "geometry": { "type": "Polygon", "coordinates": [ [ [ -50.650796924684791, -23.182001975663962 ], [ -50.650123500724902, -23.18192993496125 ], [ -50.650598631519216, -23.182556317444973 ], [ -50.650745387189616, -23.182571738636049 ], [ -50.650796924684791, -23.182001975663962 ] ] ] } },
{ "type": "Feature", "properties": { "nome_zona": "Setor 159", "nivel_urgencia": "MÉDIO", "score_risco_final": 43.53, "lat_alerta": -23.182137302996598, "lng_alerta": -50.651630791584516, "volume_lixo": 363.0 }, "geometry": { "type": "Polygon", "coordinates": [ [ [ -50.651612954878871, -23.18179550524524 ], [ -50.65140404055699, -23.182046003465473 ], [ -50.651478582613152, -23.182431753173017 ], [ -50.651501198330294, -23.182428391050362 ], [ -50.65192111014661, -23.182263451417551 ], [ -50.651758324322579, -23.181949544737861 ], [ -50.651612954878871, -23.18179550524524 ] ] ] } },
{ "type": "Feature", "properties": { "nome_zona": "Setor 160", "nivel_urgencia": "ALTO", "score_risco_final": 65.13, "lat_alerta": -23.182368749838787, "lng_alerta": -50.65492256720794, "volume_lixo": 452.0 }, "geometry": { "type": "Polygon", "coordinates": [ [ [ -50.655481706434379, -23.179433837762556 ], [ -50.655305680904966, -23.179238322352521 ], [ -50.653936770536127, -23.181168825663523 ], [ -50.653554547909913, -23.184560548546838 ], [ -50.655734342757221, -23.184300038819686 ], [ -50.656219347893469, -23.183843710079671 ], [ -50.656243382710905, -23.183582699120155 ], [ -50.65600198581626, -23.181976092150695 ], [ -50.655481706434379, -23.179433837762556 ] ] ] } },
{ "type": "Feature", "properties": { "nome_zona": "Setor 161", "nivel_urgencia": "MÉDIO", "score_risco_final": 50.59, "lat_alerta": -23.182727212269999, "lng_alerta": -50.648579536875374, "volume_lixo": 682.0 }, "geometry": { "type": "Polygon", "coordinates": [ [ [ -50.649569065413552, -23.182695766257591 ], [ -50.647757256120613, -23.182199210005926 ], [ -50.647189946281038, -23.182111022418681 ], [ -50.646865571996102, -23.182204254609729 ], [ -50.649641086938239, -23.18352502075874 ], [ -50.649697897759523, -23.182974056639896 ], [ -50.649569065413552, -23.182695766257591 ] ] ] } },
{ "type": "Feature", "properties": { "nome_zona": "Setor 162", "nivel_urgencia": "ALTO", "score_risco_final": 74.45, "lat_alerta": -23.182649242063054, "lng_alerta": -50.645000612346941, "volume_lixo": 910.0 }, "geometry": { "type": "Polygon", "coordinates": [ [ [ -50.644654942158489, -23.180649436903128 ], [ -50.643417328430978, -23.181974728175682 ], [ -50.643360052818522, -23.182087205741471 ], [ -50.643961799110123, -23.183750084256058 ], [ -50.646102188559162, -23.184769661108213 ], [ -50.646360996721612, -23.182283257739513 ], [ -50.645813759635494, -23.181258249877519 ], [ -50.644654942158489, -23.180649436903128 ] ] ] } },
{ "type": "Feature", "properties": { "nome_zona": "Setor 163", "nivel_urgencia": "MÉDIO", "score_risco_final": 51.14, "lat_alerta": -23.182444205890935, "lng_alerta": -50.642352595097599, "volume_lixo": 682.0 }, "geometry": { "type": "Polygon", "coordinates": [ [ [ -50.643417328430978, -23.181974728175682 ], [ -50.642290016341455, -23.181897323255001 ], [ -50.641283735936902, -23.182324832405776 ], [ -50.64202615841068, -23.183110592953064 ], [ -50.64262612599201, -23.183057001966048 ], [ -50.643360052818522, -23.182087205741471 ], [ -50.643417328430978, -23.181974728175682 ] ] ] } },
{ "type": "Feature", "properties": { "nome_zona": "Setor 164", "nivel_urgencia": "MÉDIO", "score_risco_final": 40.68, "lat_alerta": -23.182301106890893, "lng_alerta": -50.648993294201468, "volume_lixo": 363.0 }, "geometry": { "type": "Polygon", "coordinates": [ [ [ -50.649524303978097, -23.182014483455614 ], [ -50.647757256120613, -23.182199210005926 ], [ -50.649569065413552, -23.182695766257591 ], [ -50.649660162402377, -23.182108817994276 ], [ -50.649524303978097, -23.182014483455614 ] ] ] } },
{ "type": "Feature", "properties": { "nome_zona": "Setor 165", "nivel_urgencia": "ALTO", "score_risco_final": 62.29, "lat_alerta": -23.18185908637939, "lng_alerta": -50.648441393902651, "volume_lixo": 682.0 }, "geometry": { "type": "Polygon", "coordinates": [ [ [ -50.647189946281038, -23.182111022418681 ], [ -50.647757256120613, -23.182199210005926 ], [ -50.649524303978097, -23.182014483455614 ], [ -50.649203584897911, -23.181529787702857 ], [ -50.648208177180926, -23.181495527905124 ], [ -50.647189946281038, -23.182111022418681 ] ] ] } },
{ "type": "Feature", "properties": { "nome_zona": "Setor 166", "nivel_urgencia": "MÉDIO", "score_risco_final": 40.11, "lat_alerta": -23.181204333745871, "lng_alerta": -50.649523804138795, "volume_lixo": 394.0 }, "geometry": { "type": "Polygon", "coordinates": [ [ [ -50.649780256204394, -23.180922737578861 ], [ -50.649396465002127, -23.181121139713888 ], [ -50.649325214023115, -23.18140849188423 ], [ -50.649528464033835, -23.18142632193787 ], [ -50.649780256204394, -23.180922737578861 ] ] ] } },
{ "type": "Feature", "properties": { "nome_zona": "Setor 167", "nivel_urgencia": "MÉDIO", "score_risco_final": 46.11, "lat_alerta": -23.181192757948377, "lng_alerta": -50.648868445476431, "volume_lixo": 394.0 }, "geometry": { "type": "Polygon", "coordinates": [ [ [ -50.649396465002127, -23.181121139713888 ], [ -50.64884761371183, -23.180642094329905 ], [ -50.648208177180926, -23.181495527905124 ], [ -50.649203584897911, -23.181529787702857 ], [ -50.649325214023115, -23.18140849188423 ], [ -50.649396465002127, -23.181121139713888 ] ] ] } },
{ "type": "Feature", "properties": { "nome_zona": "Setor 168", "nivel_urgencia": "MÉDIO", "score_risco_final": 53.09, "lat_alerta": -23.180800764057675, "lng_alerta": -50.647421164891767, "volume_lixo": 682.0 }, "geometry": { "type": "Polygon", "coordinates": [ [ [ -50.648208177180926, -23.181495527905124 ], [ -50.64884761371183, -23.180642094329905 ], [ -50.6490880565621, -23.179890032482437 ], [ -50.647380321759051, -23.179307794339334 ], [ -50.645813759635494, -23.181258249877519 ], [ -50.646360996721612, -23.182283257739513 ], [ -50.646865571996102, -23.182204254609729 ], [ -50.647189946281038, -23.182111022418681 ], [ -50.648208177180926, -23.181495527905124 ] ] ] } },
{ "type": "Feature", "properties": { "nome_zona": "Setor 169", "nivel_urgencia": "MÉDIO", "score_risco_final": 58.34, "lat_alerta": -23.18064434528161, "lng_alerta": -50.643318693512981, "volume_lixo": 682.0 }, "geometry": { "type": "Polygon", "coordinates": [ [ [ -50.644654942158489, -23.180649436903128 ], [ -50.643484097085995, -23.179242225167517 ], [ -50.642763856183528, -23.179124694138977 ], [ -50.642290016341455, -23.181897323255001 ], [ -50.643417328430978, -23.181974728175682 ], [ -50.644654942158489, -23.180649436903128 ] ] ] } },
{ "type": "Feature", "properties": { "nome_zona": "Setor 170", "nivel_urgencia": "MÉDIO", "score_risco_final": 45.04, "lat_alerta": -23.180400736206174, "lng_alerta": -50.641674071967174, "volume_lixo": 682.0 }, "geometry": { "type": "Polygon", "coordinates": [ [ [ -50.642763856183528, -23.179124694138977 ], [ -50.640776735090554, -23.17867971281888 ], [ -50.640979891565308, -23.182145512047182 ], [ -50.641283735936902, -23.182324832405776 ], [ -50.642290016341455, -23.181897323255001 ], [ -50.642763856183528, -23.179124694138977 ] ] ] } },
{ "type": "Feature", "properties": { "nome_zona": "Setor 171", "nivel_urgencia": "MÉDIO", "score_risco_final": 56.2, "lat_alerta": -23.189660605047422, "lng_alerta": -50.636915765835901, "volume_lixo": 644.0 }, "geometry": { "type": "Polygon", "coordinates": [ [ [ -50.63666103556546, -23.18881152858776 ], [ -50.636717748138793, -23.190360592019733 ], [ -50.637068847719625, -23.19020135157545 ], [ -50.637304962271187, -23.189593106748482 ], [ -50.63666103556546, -23.18881152858776 ] ] ] } },
{ "type": "Feature", "properties": { "nome_zona": "Setor 172", "nivel_urgencia": "MÉDIO", "score_risco_final": 47.75, "lat_alerta": -23.188971319085951, "lng_alerta": -50.63928616113256, "volume_lixo": 644.0 }, "geometry": { "type": "Polygon", "coordinates": [ [ [ -50.638633209437124, -23.191143480786298 ], [ -50.640140531083212, -23.189302043335754 ], [ -50.640209695023593, -23.187674001028025 ], [ -50.639824149798805, -23.187267096247027 ], [ -50.639123687039479, -23.187133855149902 ], [ -50.63832879414133, -23.18995025021292 ], [ -50.638377069731348, -23.190424818292637 ], [ -50.638633209437124, -23.191143480786298 ] ] ] } },
{ "type": "Feature", "properties": { "nome_zona": "Setor 173", "nivel_urgencia": "ALTO", "score_risco_final": 67.4, "lat_alerta": -23.18784813872298, "lng_alerta": -50.63745934843552, "volume_lixo": 644.0 }, "geometry": { "type": "Polygon", "coordinates": [ [ [ -50.637304962271187, -23.189593106748482 ], [ -50.63832879414133, -23.18995025021292 ], [ -50.639123687039479, -23.187133855149902 ], [ -50.638447060247792, -23.186748080390434 ], [ -50.635441257253596, -23.186074990432534 ], [ -50.63666103556546, -23.18881152858776 ], [ -50.637304962271187, -23.189593106748482 ] ] ] } },
{ "type": "Feature", "properties": { "nome_zona": "Setor 174", "nivel_urgencia": "MÉDIO", "score_risco_final": 52.26, "lat_alerta": -23.186821688227152, "lng_alerta": -50.6143341546125, "volume_lixo": 212.0 }, "geometry": { "type": "Polygon", "coordinates": [ [ [ -50.621632329258951, -23.188315078048721 ], [ -50.62535307632718, -23.174139260453263 ], [ -50.62478009067565, -23.172156119803233 ], [ -50.623293592438536, -23.172947636846441 ], [ -50.622713092413015, -23.173286734189592 ], [ -50.603765678681739, -23.191232666306618 ], [ -50.599597028405675, -23.198866635530194 ], [ -50.614633145321967, -23.193858774194531 ], [ -50.621632329258951, -23.188315078048721 ] ] ] } },
{ "type": "Feature", "properties": { "nome_zona": "Setor 175", "nivel_urgencia": "MÉDIO", "score_risco_final": 41.65, "lat_alerta": -23.184648794253441, "lng_alerta": -50.637734490502552, "volume_lixo": 644.0 }, "geometry": { "type": "Polygon", "coordinates": [ [ [ -50.639762191293137, -23.183098397886134 ], [ -50.637743724020481, -23.182297363707502 ], [ -50.635097182249503, -23.185934188806364 ], [ -50.635441257253596, -23.186074990432534 ], [ -50.638447060247792, -23.186748080390434 ], [ -50.639880544717016, -23.183566577780205 ], [ -50.639762191293137, -23.183098397886134 ] ] ] } },
{ "type": "Feature", "properties": { "nome_zona": "Setor 176", "nivel_urgencia": "MÉDIO", "score_risco_final": 44.96, "lat_alerta": -23.182702617895032, "lng_alerta": -50.632136530541018, "volume_lixo": 212.0 }, "geometry": { "type": "Polygon", "coordinates": [ [ [ -50.636047616109039, -23.178318600819356 ], [ -50.632626287129803, -23.178426302114246 ], [ -50.631305549897036, -23.178535993094776 ], [ -50.630455167765547, -23.179406888660186 ], [ -50.624081108190907, -23.186846684076595 ], [ -50.635097182249503, -23.185934188806364 ], [ -50.637743724020481, -23.182297363707502 ], [ -50.6376390315381, -23.178694614329029 ], [ -50.636047616109039, -23.178318600819356 ] ] ] } },
{ "type": "Feature", "properties": { "nome_zona": "Setor 177", "nivel_urgencia": "BAIXO", "score_risco_final": 24.46, "lat_alerta": -23.180468126847764, "lng_alerta": -50.625970631224519, "volume_lixo": 212.0 }, "geometry": { "type": "Polygon", "coordinates": [ [ [ -50.630455167765547, -23.179406888660186 ], [ -50.62747642449245, -23.174213830398283 ], [ -50.627315500139204, -23.174116926542393 ], [ -50.625974781206111, -23.173931449163643 ], [ -50.62535307632718, -23.174139260453263 ], [ -50.621632329258951, -23.188315078048721 ], [ -50.624081108190907, -23.186846684076595 ], [ -50.630455167765547, -23.179406888660186 ] ] ] } },
{ "type": "Feature", "properties": { "nome_zona": "Setor 178", "nivel_urgencia": "ALTO", "score_risco_final": 67.29, "lat_alerta": -23.180511390907903, "lng_alerta": -50.639307552204549, "volume_lixo": 682.0 }, "geometry": { "type": "Polygon", "coordinates": [ [ [ -50.639750281568936, -23.17795417249549 ], [ -50.6376390315381, -23.178694614329029 ], [ -50.637743724020481, -23.182297363707502 ], [ -50.639762191293137, -23.183098397886134 ], [ -50.640979891565308, -23.182145512047182 ], [ -50.640776735090554, -23.17867971281888 ], [ -50.639750281568936, -23.17795417249549 ] ] ] } },
{ "type": "Feature", "properties": { "nome_zona": "Setor 179", "nivel_urgencia": "MÉDIO", "score_risco_final": 41.61, "lat_alerta": -23.175919104483619, "lng_alerta": -50.599696940418028, "volume_lixo": 212.0 }, "geometry": { "type": "Polygon", "coordinates": [ [ [ -50.603765678681739, -23.191232666306618 ], [ -50.617939202622708, -23.163408789980267 ], [ -50.595121957605151, -23.161460408528246 ], [ -50.58271785007797, -23.170601329970186 ], [ -50.59861463812355, -23.199509061016304 ], [ -50.599597028405675, -23.198866635530194 ], [ -50.603765678681739, -23.191232666306618 ] ] ] } },
{ "type": "Feature", "properties": { "nome_zona": "Setor 180", "nivel_urgencia": "BAIXO", "score_risco_final": 31.51, "lat_alerta": -23.174955123121766, "lng_alerta": -50.615445553747563, "volume_lixo": 212.0 }, "geometry": { "type": "Polygon", "coordinates": [ [ [ -50.619196110033926, -23.162299598959631 ], [ -50.619060099045392, -23.162134129595916 ], [ -50.617939202622708, -23.163408789980267 ], [ -50.603765678681739, -23.191232666306618 ], [ -50.622713092413015, -23.173286734189592 ], [ -50.622643282297069, -23.172143149832561 ], [ -50.621857474209158, -23.166200215390663 ], [ -50.619196110033926, -23.162299598959631 ] ] ] } },
{ "type": "Feature", "properties": { "nome_zona": "Setor 181", "nivel_urgencia": "MÉDIO", "score_risco_final": 58.03, "lat_alerta": -23.181712551255995, "lng_alerta": -50.649642986088963, "volume_lixo": 363.0 }, "geometry": { "type": "Polygon", "coordinates": [ [ [ -50.649528464033835, -23.18142632193787 ], [ -50.649325214023115, -23.18140849188423 ], [ -50.649203584897911, -23.181529787702857 ], [ -50.649524303978097, -23.182014483455614 ], [ -50.649660162402377, -23.182108817994276 ], [ -50.650036364738291, -23.181845231754235 ], [ -50.650060719818349, -23.181770295994856 ], [ -50.649851382014091, -23.181454858875668 ], [ -50.649528464033835, -23.18142632193787 ] ] ] } },
{ "type": "Feature", "properties": { "nome_zona": "Setor 182", "nivel_urgencia": "MÉDIO", "score_risco_final": 42.53, "lat_alerta": -23.181762143640238, "lng_alerta": -50.651162500264199, "volume_lixo": 363.0 }, "geometry": { "type": "Polygon", "coordinates": [ [ [ -50.651592103652121, -23.18166159298573 ], [ -50.650860712694303, -23.181392769353888 ], [ -50.65084863826705, -23.1814059402104 ], [ -50.650800465673356, -23.181992098704452 ], [ -50.651391319241256, -23.182055134922795 ], [ -50.65140404055699, -23.182046003465473 ], [ -50.651612954878871, -23.18179550524524 ], [ -50.651592103652121, -23.18166159298573 ] ] ] } },
{ "type": "Feature", "properties": { "nome_zona": "Setor 183", "nivel_urgencia": "MÉDIO", "score_risco_final": 52.38, "lat_alerta": -23.181752864679904, "lng_alerta": -50.650510580098874, "volume_lixo": 363.0 }, "geometry": { "type": "Polygon", "coordinates": [ [ [ -50.650800465673356, -23.181992098704452 ], [ -50.65084863826705, -23.1814059402104 ], [ -50.650205228089916, -23.181666425843364 ], [ -50.650060719818349, -23.181770295994856 ], [ -50.650036364738291, -23.181845231754235 ], [ -50.650123500724902, -23.18192993496125 ], [ -50.650796924684791, -23.182001975663962 ], [ -50.650800465673356, -23.181992098704452 ] ] ] } },
{ "type": "Feature", "properties": { "nome_zona": "Setor 184", "nivel_urgencia": "MÉDIO", "score_risco_final": 46.56, "lat_alerta": -23.181240548976177, "lng_alerta": -50.649735834068117, "volume_lixo": 394.0 }, "geometry": { "type": "Polygon", "coordinates": [ [ [ -50.649851382014091, -23.181454858875668 ], [ -50.649834876230727, -23.180894481677246 ], [ -50.649780256204394, -23.180922737578861 ], [ -50.649528464033835, -23.18142632193787 ], [ -50.649851382014091, -23.181454858875668 ] ] ] } },
{ "type": "Feature", "properties": { "nome_zona": "Setor 185", "nivel_urgencia": "BAIXO", "score_risco_final": 39.66, "lat_alerta": -23.181167839570538, "lng_alerta": -50.650028514088149, "volume_lixo": 394.0 }, "geometry": { "type": "Polygon", "coordinates": [ [ [ -50.65015511126024, -23.180591579794047 ], [ -50.65001503532315, -23.180578492714382 ], [ -50.649834876230727, -23.180894481677246 ], [ -50.649851382014091, -23.181454858875668 ], [ -50.650060719818349, -23.181770295994856 ], [ -50.650205228089916, -23.181666425843364 ], [ -50.65015511126024, -23.180591579794047 ] ] ] } },
{ "type": "Feature", "properties": { "nome_zona": "Setor 186", "nivel_urgencia": "MÉDIO", "score_risco_final": 46.86, "lat_alerta": -23.181068081677729, "lng_alerta": -50.650480610304733, "volume_lixo": 394.0 }, "geometry": { "type": "Polygon", "coordinates": [ [ [ -50.650860712694303, -23.181392769353888 ], [ -50.65074178136485, -23.180557322981343 ], [ -50.65015511126024, -23.180591579794047 ], [ -50.650205228089916, -23.181666425843364 ], [ -50.65084863826705, -23.1814059402104 ], [ -50.650860712694303, -23.181392769353888 ] ] ] } },
{ "type": "Feature", "properties": { "nome_zona": "Setor 187", "nivel_urgencia": "MÉDIO", "score_risco_final": 49.83, "lat_alerta": -23.180965708150776, "lng_alerta": -50.657481762130409, "volume_lixo": 777.0 }, "geometry": { "type": "Polygon", "coordinates": [ [ [ -50.659599953355098, -23.18039818856256 ], [ -50.655481706434379, -23.179433837762556 ], [ -50.65600198581626, -23.181976092150695 ], [ -50.65864852893079, -23.182286096993955 ], [ -50.659170890034297, -23.182099185793415 ], [ -50.659599953355098, -23.18039818856256 ] ] ] } },
{ "type": "Feature", "properties": { "nome_zona": "Setor 188", "nivel_urgencia": "MÉDIO", "score_risco_final": 40.33, "lat_alerta": -23.180355161733001, "lng_alerta": -50.653562740872161, "volume_lixo": 488.0 }, "geometry": { "type": "Polygon", "coordinates": [ [ [ -50.655305680904966, -23.179238322352521 ], [ -50.655030926043622, -23.178687351543861 ], [ -50.654127582903079, -23.178613295126198 ], [ -50.651592103652121, -23.18166159298573 ], [ -50.651612954878871, -23.18179550524524 ], [ -50.651758324322579, -23.181949544737861 ], [ -50.65338946964097, -23.181778114563219 ], [ -50.653936770536127, -23.181168825663523 ], [ -50.655305680904966, -23.179238322352521 ] ] ] } },
{ "type": "Feature", "properties": { "nome_zona": "Setor 189", "nivel_urgencia": "BAIXO", "score_risco_final": 22.11, "lat_alerta": -23.179953061521971, "lng_alerta": -50.652243375391407, "volume_lixo": 394.0 }, "geometry": { "type": "Polygon", "coordinates": [ [ [ -50.652964666445037, -23.17834566940067 ], [ -50.65074178136485, -23.180557322981343 ], [ -50.650860712694303, -23.181392769353888 ], [ -50.651592103652121, -23.18166159298573 ], [ -50.654127582903079, -23.178613295126198 ], [ -50.652964666445037, -23.17834566940067 ] ] ] } },
{ "type": "Feature", "properties": { "nome_zona": "Setor 190", "nivel_urgencia": "BAIXO", "score_risco_final": 28.76, "lat_alerta": -23.179029297800206, "lng_alerta": -50.650976348461342, "volume_lixo": 394.0 }, "geometry": { "type": "Polygon", "coordinates": [ [ [ -50.651042386293135, -23.177328810557857 ], [ -50.649187223234797, -23.179860761551573 ], [ -50.65001503532315, -23.180578492714382 ], [ -50.65015511126024, -23.180591579794047 ], [ -50.65074178136485, -23.180557322981343 ], [ -50.652964666445037, -23.17834566940067 ], [ -50.651116637325046, -23.177363430652317 ], [ -50.651042386293135, -23.177328810557857 ] ] ] } },
{ "type": "Feature", "properties": { "nome_zona": "Setor 191", "nivel_urgencia": "BAIXO", "score_risco_final": 38.21, "lat_alerta": -23.180532207537354, "lng_alerta": -50.64938604286413, "volume_lixo": 394.0 }, "geometry": { "type": "Polygon", "coordinates": [ [ [ -50.65001503532315, -23.180578492714382 ], [ -50.649187223234797, -23.179860761551573 ], [ -50.6490880565621, -23.179890032482437 ], [ -50.64884761371183, -23.180642094329905 ], [ -50.649396465002127, -23.181121139713888 ], [ -50.649780256204394, -23.180922737578861 ], [ -50.649834876230727, -23.180894481677246 ], [ -50.65001503532315, -23.180578492714382 ] ] ] } },
{ "type": "Feature", "properties": { "nome_zona": "Setor 192", "nivel_urgencia": "ALTO", "score_risco_final": 63.04, "lat_alerta": -23.179378175540162, "lng_alerta": -50.645420469795937, "volume_lixo": 682.0 }, "geometry": { "type": "Polygon", "coordinates": [ [ [ -50.645813759635494, -23.181258249877519 ], [ -50.647380321759051, -23.179307794339334 ], [ -50.647382388164957, -23.179280348506769 ], [ -50.647182551822894, -23.178894550781237 ], [ -50.645085647795824, -23.177573748585413 ], [ -50.644160530807262, -23.17833941799584 ], [ -50.643484097085995, -23.179242225167517 ], [ -50.644654942158489, -23.180649436903128 ], [ -50.645813759635494, -23.181258249877519 ] ] ] } },
{ "type": "Feature", "properties": { "nome_zona": "Setor 193", "nivel_urgencia": "BAIXO", "score_risco_final": 32.81, "lat_alerta": -23.178691746418291, "lng_alerta": -50.649125918511793, "volume_lixo": 394.0 }, "geometry": { "type": "Polygon", "coordinates": [ [ [ -50.651042386293135, -23.177328810557857 ], [ -50.651037828908947, -23.177324494561546 ], [ -50.648450261242509, -23.178161775518163 ], [ -50.647382388164957, -23.179280348506769 ], [ -50.647380321759051, -23.179307794339334 ], [ -50.6490880565621, -23.179890032482437 ], [ -50.649187223234797, -23.179860761551573 ], [ -50.651042386293135, -23.177328810557857 ] ] ] } },
{ "type": "Feature", "properties": { "nome_zona": "Setor 194", "nivel_urgencia": "ALTO", "score_risco_final": 61.7, "lat_alerta": -23.17795505591058, "lng_alerta": -50.647562757370302, "volume_lixo": 801.0 }, "geometry": { "type": "Polygon", "coordinates": [ [ [ -50.646993739845534, -23.176703706151091 ], [ -50.647182551822894, -23.178894550781237 ], [ -50.647382388164957, -23.179280348506769 ], [ -50.648450261242509, -23.178161775518163 ], [ -50.64719029937752, -23.176546646162691 ], [ -50.646993739845534, -23.176703706151091 ] ] ] } },
{ "type": "Feature", "properties": { "nome_zona": "Setor 195", "nivel_urgencia": "BAIXO", "score_risco_final": 34.47, "lat_alerta": -23.1776338337684, "lng_alerta": -50.646335909480577, "volume_lixo": 506.0 }, "geometry": { "type": "Polygon", "coordinates": [ [ [ -50.646993739845534, -23.176703706151091 ], [ -50.645430454781078, -23.177030097563801 ], [ -50.645085647795824, -23.177573748585413 ], [ -50.647182551822894, -23.178894550781237 ], [ -50.646993739845534, -23.176703706151091 ] ] ] } },
{ "type": "Feature", "properties": { "nome_zona": "Setor 196", "nivel_urgencia": "ALTO", "score_risco_final": 68.83, "lat_alerta": -23.177748046294091, "lng_alerta": -50.642346242276204, "volume_lixo": 900.0 }, "geometry": { "type": "Polygon", "coordinates": [ [ [ -50.644160530807262, -23.17833941799584 ], [ -50.643542403912541, -23.175782633874441 ], [ -50.639791096389139, -23.177805058033336 ], [ -50.639750281568936, -23.17795417249549 ], [ -50.640776735090554, -23.17867971281888 ], [ -50.642763856183528, -23.179124694138977 ], [ -50.643484097085995, -23.179242225167517 ], [ -50.644160530807262, -23.17833941799584 ] ] ] } },
{ "type": "Feature", "properties": { "nome_zona": "Setor 197", "nivel_urgencia": "MÉDIO", "score_risco_final": 42.52, "lat_alerta": -23.176545208124377, "lng_alerta": -50.644439983789148, "volume_lixo": 506.0 }, "geometry": { "type": "Polygon", "coordinates": [ [ [ -50.645430454781078, -23.177030097563801 ], [ -50.644828944319663, -23.175335363574163 ], [ -50.644290897269933, -23.174975958525589 ], [ -50.644090152086157, -23.174919404212563 ], [ -50.643542403912541, -23.175782633874441 ], [ -50.644160530807262, -23.17833941799584 ], [ -50.645085647795824, -23.177573748585413 ], [ -50.645430454781078, -23.177030097563801 ] ] ] } },
{ "type": "Feature", "properties": { "nome_zona": "Setor 198", "nivel_urgencia": "BAIXO", "score_risco_final": 36.75, "lat_alerta": -23.176337995540631, "lng_alerta": -50.649040577039464, "volume_lixo": 801.0 }, "geometry": { "type": "Polygon", "coordinates": [ [ [ -50.649129157499189, -23.173885926843496 ], [ -50.648881474868602, -23.174106042308058 ], [ -50.64719029937752, -23.176546646162691 ], [ -50.648450261242509, -23.178161775518163 ], [ -50.651037828908947, -23.177324494561546 ], [ -50.649129157499189, -23.173885926843496 ] ] ] } },
{ "type": "Feature", "properties": { "nome_zona": "Setor 199", "nivel_urgencia": "MÉDIO", "score_risco_final": 56.1, "lat_alerta": -23.175635572347382, "lng_alerta": -50.64662578606216, "volume_lixo": 514.0 }, "geometry": { "type": "Polygon", "coordinates": [ [ [ -50.648881474868602, -23.174106042308058 ], [ -50.644828944319663, -23.175335363574163 ], [ -50.645430454781078, -23.177030097563801 ], [ -50.646993739845534, -23.176703706151091 ], [ -50.64719029937752, -23.176546646162691 ], [ -50.648881474868602, -23.174106042308058 ] ] ] } },
{ "type": "Feature", "properties": { "nome_zona": "Setor 200", "nivel_urgencia": "MÉDIO", "score_risco_final": 40.63, "lat_alerta": -23.174231520657113, "lng_alerta": -50.64670972715566, "volume_lixo": 495.0 }, "geometry": { "type": "Polygon", "coordinates": [ [ [ -50.649191596090915, -23.173296868698497 ], [ -50.648653097612538, -23.17333643745247 ], [ -50.64538121729894, -23.173860703232755 ], [ -50.644290897269933, -23.174975958525589 ], [ -50.644828944319663, -23.175335363574163 ], [ -50.648881474868602, -23.174106042308058 ], [ -50.649129157499189, -23.173885926843496 ], [ -50.649191596090915, -23.173296868698497 ] ] ] } },
{ "type": "Feature", "properties": { "nome_zona": "Setor 201", "nivel_urgencia": "MÉDIO", "score_risco_final": 43.25, "lat_alerta": -23.179732198390081, "lng_alerta": -50.664744375836491, "volume_lixo": 892.0 }, "geometry": { "type": "Polygon", "coordinates": [ [ [ -50.665309682304354, -23.179752973244913 ], [ -50.664796367370023, -23.179053358268753 ], [ -50.664123858532037, -23.180097692565976 ], [ -50.664808897101736, -23.180192055794507 ], [ -50.665309682304354, -23.179752973244913 ] ] ] } },
{ "type": "Feature", "properties": { "nome_zona": "Setor 202", "nivel_urgencia": "MÉDIO", "score_risco_final": 47.1, "lat_alerta": -23.1791006783535, "lng_alerta": -50.664356955229543, "volume_lixo": 892.0 }, "geometry": { "type": "Polygon", "coordinates": [ [ [ -50.664395105097299, -23.177857763130145 ], [ -50.663913073337447, -23.180112776976792 ], [ -50.664123858532037, -23.180097692565976 ], [ -50.664796367370023, -23.179053358268753 ], [ -50.664395105097299, -23.177857763130145 ] ] ] } },
{ "type": "Feature", "properties": { "nome_zona": "Setor 203", "nivel_urgencia": "BAIXO", "score_risco_final": 35.99, "lat_alerta": -23.178308403683936, "lng_alerta": -50.662939540782681, "volume_lixo": 591.0 }, "geometry": { "type": "Polygon", "coordinates": [ [ [ -50.664126422842095, -23.175486450312132 ], [ -50.663945616950777, -23.175587722136189 ], [ -50.661910684706854, -23.176780699531975 ], [ -50.66121837897861, -23.180029846113666 ], [ -50.66154302087341, -23.18023958921821 ], [ -50.662697843016623, -23.180693210619729 ], [ -50.663913073337447, -23.180112776976792 ], [ -50.664395105097299, -23.177857763130145 ], [ -50.664126422842095, -23.175486450312132 ] ] ] } },
{ "type": "Feature", "properties": { "nome_zona": "Setor 204", "nivel_urgencia": "BAIXO", "score_risco_final": 38.52, "lat_alerta": -23.177755869144391, "lng_alerta": -50.668833080811069, "volume_lixo": 836.0 }, "geometry": { "type": "Polygon", "coordinates": [ [ [ -50.66940968717018, -23.176505525925748 ], [ -50.668547009576507, -23.175712322861603 ], [ -50.666544026314391, -23.177087515485887 ], [ -50.668546075624569, -23.179148648104288 ], [ -50.668705656813891, -23.179244054910658 ], [ -50.671189627514714, -23.179506301737245 ], [ -50.66940968717018, -23.176505525925748 ] ] ] } },
{ "type": "Feature", "properties": { "nome_zona": "Setor 205", "nivel_urgencia": "MÉDIO", "score_risco_final": 49.12, "lat_alerta": -23.177830727652946, "lng_alerta": -50.671262211844947, "volume_lixo": 836.0 }, "geometry": { "type": "Polygon", "coordinates": [ [ [ -50.671800386950885, -23.176843112782304 ], [ -50.66879221958699, -23.175050257387323 ], [ -50.66940968717018, -23.176505525925748 ], [ -50.671189627514714, -23.179506301737245 ], [ -50.673776835355241, -23.180033239820752 ], [ -50.671800386950885, -23.176843112782304 ] ] ] } },
{ "type": "Feature", "properties": { "nome_zona": "Setor 206", "nivel_urgencia": "MÉDIO", "score_risco_final": 49.5, "lat_alerta": -23.177928762091714, "lng_alerta": -50.665855916099524, "volume_lixo": 892.0 }, "geometry": { "type": "Polygon", "coordinates": [ [ [ -50.668546075624569, -23.179148648104288 ], [ -50.666544026314391, -23.177087515485887 ], [ -50.664431406637995, -23.175223615572811 ], [ -50.66442918608643, -23.175222170989336 ], [ -50.664126422842095, -23.175486450312132 ], [ -50.664395105097299, -23.177857763130145 ], [ -50.664796367370023, -23.179053358268753 ], [ -50.665309682304354, -23.179752973244913 ], [ -50.666418681976928, -23.179665505168252 ], [ -50.668546075624569, -23.179148648104288 ] ] ] } },
{ "type": "Feature", "properties": { "nome_zona": "Setor 207", "nivel_urgencia": "MÉDIO", "score_risco_final": 51.54, "lat_alerta": -23.175799423899317, "lng_alerta": -50.66672690895787, "volume_lixo": 641.0 }, "geometry": { "type": "Polygon", "coordinates": [ [ [ -50.668711984818437, -23.175028553135501 ], [ -50.664431406637995, -23.175223615572811 ], [ -50.666544026314391, -23.177087515485887 ], [ -50.668547009576507, -23.175712322861603 ], [ -50.668711984818437, -23.175028553135501 ] ] ] } },
{ "type": "Feature", "properties": { "nome_zona": "Setor 208", "nivel_urgencia": "MÉDIO", "score_risco_final": 59.44, "lat_alerta": -23.175763440159677, "lng_alerta": -50.670478446089732, "volume_lixo": 641.0 }, "geometry": { "type": "Polygon", "coordinates": [ [ [ -50.671057974449759, -23.175530846970524 ], [ -50.668799144190906, -23.174964550669305 ], [ -50.668765887654502, -23.17500939962353 ], [ -50.66879221958699, -23.175050257387323 ], [ -50.671800386950885, -23.176843112782304 ], [ -50.671057974449759, -23.175530846970524 ] ] ] } },
{ "type": "Feature", "properties": { "nome_zona": "Setor 209", "nivel_urgencia": "MÉDIO", "score_risco_final": 53.19, "lat_alerta": -23.175718857798302, "lng_alerta": -50.668899343812221, "volume_lixo": 641.0 }, "geometry": { "type": "Polygon", "coordinates": [ [ [ -50.668711984818437, -23.175028553135501 ], [ -50.668547009576507, -23.175712322861603 ], [ -50.66940968717018, -23.176505525925748 ], [ -50.66879221958699, -23.175050257387323 ], [ -50.668765887654502, -23.17500939962353 ], [ -50.668711984818437, -23.175028553135501 ] ] ] } },
{ "type": "Feature", "properties": { "nome_zona": "Setor 210", "nivel_urgencia": "ALTO", "score_risco_final": 69.31, "lat_alerta": -23.175441737780812, "lng_alerta": -50.661380280827473, "volume_lixo": 633.0 }, "geometry": { "type": "Polygon", "coordinates": [ [ [ -50.663945616950777, -23.175587722136189 ], [ -50.660629693969952, -23.173851922078168 ], [ -50.660589767498429, -23.173845420390457 ], [ -50.659124663189004, -23.175841184473779 ], [ -50.661910684706854, -23.176780699531975 ], [ -50.663945616950777, -23.175587722136189 ] ] ] } },
{ "type": "Feature", "properties": { "nome_zona": "Setor 211", "nivel_urgencia": "MÉDIO", "score_risco_final": 42.29, "lat_alerta": -23.17507028220399, "lng_alerta": -50.66988864604668, "volume_lixo": 641.0 }, "geometry": { "type": "Polygon", "coordinates": [ [ [ -50.670494409614257, -23.174994851920037 ], [ -50.669116901093595, -23.174713473060908 ], [ -50.66884861577001, -23.174847010965703 ], [ -50.668799144190906, -23.174964550669305 ], [ -50.671057974449759, -23.175530846970524 ], [ -50.671054516523931, -23.175523008744459 ], [ -50.670494409614257, -23.174994851920037 ] ] ] } },
{ "type": "Feature", "properties": { "nome_zona": "Setor 212", "nivel_urgencia": "ALTO", "score_risco_final": 62.64, "lat_alerta": -23.174690761196999, "lng_alerta": -50.669788580467554, "volume_lixo": 641.0 }, "geometry": { "type": "Polygon", "coordinates": [ [ [ -50.670206470888694, -23.174607622400234 ], [ -50.669389720656554, -23.174399389167974 ], [ -50.669116901093595, -23.174713473060908 ], [ -50.670494409614257, -23.174994851920037 ], [ -50.670206470888694, -23.174607622400234 ] ] ] } },
{ "type": "Feature", "properties": { "nome_zona": "Setor 213", "nivel_urgencia": "MÉDIO", "score_risco_final": 42.39, "lat_alerta": -23.174477579278701, "lng_alerta": -50.670593127466944, "volume_lixo": 641.0 }, "geometry": { "type": "Polygon", "coordinates": [ [ [ -50.670088037461376, -23.173844920186024 ], [ -50.670063134673072, -23.174227264856743 ], [ -50.670206470888694, -23.174607622400234 ], [ -50.670494409614257, -23.174994851920037 ], [ -50.671054516523931, -23.175523008744459 ], [ -50.6710537270773, -23.174393486048334 ], [ -50.670377762852944, -23.17358289811996 ], [ -50.670203069368242, -23.173669801863326 ], [ -50.670088037461376, -23.173844920186024 ] ] ] } },
{ "type": "Feature", "properties": { "nome_zona": "Setor 214", "nivel_urgencia": "ALTO", "score_risco_final": 61.29, "lat_alerta": -23.174321969459186, "lng_alerta": -50.669762376047935, "volume_lixo": 641.0 }, "geometry": { "type": "Polygon", "coordinates": [ [ [ -50.670063134673072, -23.174227264856743 ], [ -50.669407302621572, -23.174031392875417 ], [ -50.669389720656554, -23.174399389167974 ], [ -50.670206470888694, -23.174607622400234 ], [ -50.670063134673072, -23.174227264856743 ] ] ] } },
{ "type": "Feature", "properties": { "nome_zona": "Setor 215", "nivel_urgencia": "MÉDIO", "score_risco_final": 48.79, "lat_alerta": -23.173936606780405, "lng_alerta": -50.669706341139978, "volume_lixo": 641.0 }, "geometry": { "type": "Polygon", "coordinates": [ [ [ -50.670088037461376, -23.173844920186024 ], [ -50.669225205152131, -23.173667138114755 ], [ -50.669407302621572, -23.174031392875417 ], [ -50.670063134673072, -23.174227264856743 ], [ -50.670088037461376, -23.173844920186024 ] ] ] } },
{ "type": "Feature", "properties": { "nome_zona": "Setor 216", "nivel_urgencia": "MÉDIO", "score_risco_final": 52.04, "lat_alerta": -23.173899296052237, "lng_alerta": -50.668901940335253, "volume_lixo": 641.0 }, "geometry": { "type": "Polygon", "coordinates": [ [ [ -50.66884861577001, -23.174847010965703 ], [ -50.669116901093595, -23.174713473060908 ], [ -50.669389720656554, -23.174399389167974 ], [ -50.669407302621572, -23.174031392875417 ], [ -50.669225205152131, -23.173667138114755 ], [ -50.668299971585171, -23.172697247939244 ], [ -50.66884861577001, -23.174847010965703 ] ] ] } },
{ "type": "Feature", "properties": { "nome_zona": "Setor 217", "nivel_urgencia": "MÉDIO", "score_risco_final": 46.43, "lat_alerta": -23.173548327622115, "lng_alerta": -50.663250736612483, "volume_lixo": 527.0 }, "geometry": { "type": "Polygon", "coordinates": [ [ [ -50.66442918608643, -23.175222170989336 ], [ -50.664784533060249, -23.171059448703993 ], [ -50.660629693969952, -23.173851922078168 ], [ -50.663945616950777, -23.175587722136189 ], [ -50.664126422842095, -23.175486450312132 ], [ -50.66442918608643, -23.175222170989336 ] ] ] } },
{ "type": "Feature", "properties": { "nome_zona": "Setor 218", "nivel_urgencia": "BAIXO", "score_risco_final": 39.64, "lat_alerta": -23.173077109041412, "lng_alerta": -50.671086843467521, "volume_lixo": 641.0 }, "geometry": { "type": "Polygon", "coordinates": [ [ [ -50.671513580618935, -23.171457223958381 ], [ -50.670377762852944, -23.17358289811996 ], [ -50.6710537270773, -23.174393486048334 ], [ -50.671585776866749, -23.172808223051124 ], [ -50.671513580618935, -23.171457223958381 ] ] ] } },
{ "type": "Feature", "properties": { "nome_zona": "Setor 219", "nivel_urgencia": "BAIXO", "score_risco_final": 31.64, "lat_alerta": -23.173151370282017, "lng_alerta": -50.666409085637795, "volume_lixo": 641.0 }, "geometry": { "type": "Polygon", "coordinates": [ [ [ -50.667405693548822, -23.171198440955607 ], [ -50.664846080114152, -23.170391879661885 ], [ -50.664784533060249, -23.171059448703993 ], [ -50.66442918608643, -23.175222170989336 ], [ -50.664431406637995, -23.175223615572811 ], [ -50.668711984818437, -23.175028553135501 ], [ -50.668765887654502, -23.17500939962353 ], [ -50.668799144190906, -23.174964550669305 ], [ -50.66884861577001, -23.174847010965703 ], [ -50.668299971585171, -23.172697247939244 ], [ -50.667692810922162, -23.171631770253619 ], [ -50.667405693548822, -23.171198440955607 ] ] ] } },
{ "type": "Feature", "properties": { "nome_zona": "Setor 220", "nivel_urgencia": "ALTO", "score_risco_final": 69.29, "lat_alerta": -23.17298874207016, "lng_alerta": -50.668995412551304, "volume_lixo": 641.0 }, "geometry": { "type": "Polygon", "coordinates": [ [ [ -50.670203069368242, -23.173669801863326 ], [ -50.667692810922162, -23.171631770253619 ], [ -50.668299971585171, -23.172697247939244 ], [ -50.669225205152131, -23.173667138114755 ], [ -50.670088037461376, -23.173844920186024 ], [ -50.670203069368242, -23.173669801863326 ] ] ] } },
{ "type": "Feature", "properties": { "nome_zona": "Setor 221", "nivel_urgencia": "BAIXO", "score_risco_final": 39.69, "lat_alerta": -23.172038899013842, "lng_alerta": -50.669723927775081, "volume_lixo": 641.0 }, "geometry": { "type": "Polygon", "coordinates": [ [ [ -50.67154974483681, -23.171156527951219 ], [ -50.667405693548822, -23.171198440955607 ], [ -50.667692810922162, -23.171631770253619 ], [ -50.670203069368242, -23.173669801863326 ], [ -50.670377762852944, -23.17358289811996 ], [ -50.671513580618935, -23.171457223958381 ], [ -50.67154974483681, -23.171156527951219 ] ] ] } },
{ "type": "Feature", "properties": { "nome_zona": "Setor 222", "nivel_urgencia": "ALTO", "score_risco_final": 69.33, "lat_alerta": -23.17104059385138, "lng_alerta": -50.662527137354232, "volume_lixo": 527.0 }, "geometry": { "type": "Polygon", "coordinates": [ [ [ -50.664846080114152, -23.170391879661885 ], [ -50.663914724246837, -23.168555913608593 ], [ -50.66354727839439, -23.168211774434202 ], [ -50.660225538658928, -23.171630909046154 ], [ -50.660589767498429, -23.173845420390457 ], [ -50.660629693969952, -23.173851922078168 ], [ -50.664784533060249, -23.171059448703993 ], [ -50.664846080114152, -23.170391879661885 ] ] ] } },
{ "type": "Feature", "properties": { "nome_zona": "Setor 223", "nivel_urgencia": "BAIXO", "score_risco_final": 34.17, "lat_alerta": -23.16938164686696, "lng_alerta": -50.669126597013779, "volume_lixo": 240.0 }, "geometry": { "type": "Polygon", "coordinates": [ [ [ -50.673400123469634, -23.16848674500665 ], [ -50.668467723764579, -23.167294695843349 ], [ -50.663914724246837, -23.168555913608593 ], [ -50.664846080114152, -23.170391879661885 ], [ -50.667405693548822, -23.171198440955607 ], [ -50.67154974483681, -23.171156527951219 ], [ -50.6751096683955, -23.169238475443926 ], [ -50.673400123469634, -23.16848674500665 ] ] ] } },
{ "type": "Feature", "properties": { "nome_zona": "Setor 224", "nivel_urgencia": "MÉDIO", "score_risco_final": 56.42, "lat_alerta": -23.166980655319435, "lng_alerta": -50.67070612480785, "volume_lixo": 240.0 }, "geometry": { "type": "Polygon", "coordinates": [ [ [ -50.67025052718931, -23.165160503898157 ], [ -50.668467723764579, -23.167294695843349 ], [ -50.673400123469634, -23.16848674500665 ], [ -50.67025052718931, -23.165160503898157 ] ] ] } },
{ "type": "Feature", "properties": { "nome_zona": "Setor 225", "nivel_urgencia": "MÉDIO", "score_risco_final": 51.06, "lat_alerta": -23.166164128394271, "lng_alerta": -50.667532828842084, "volume_lixo": 683.0 }, "geometry": { "type": "Polygon", "coordinates": [ [ [ -50.670807319746032, -23.162831054750786 ], [ -50.663415847852825, -23.167983041362021 ], [ -50.66354727839439, -23.168211774434202 ], [ -50.663914724246837, -23.168555913608593 ], [ -50.668467723764579, -23.167294695843349 ], [ -50.67025052718931, -23.165160503898157 ], [ -50.670807319746032, -23.162831054750786 ] ] ] } },
{ "type": "Feature", "properties": { "nome_zona": "Setor 226", "nivel_urgencia": "BAIXO", "score_risco_final": 22.62, "lat_alerta": -23.162601934664206, "lng_alerta": -50.668336036604138, "volume_lixo": 240.0 }, "geometry": { "type": "Polygon", "coordinates": [ [ [ -50.674701252008944, -23.155297747594553 ], [ -50.662327241262503, -23.166498304860223 ], [ -50.663415847852825, -23.167983041362021 ], [ -50.670807319746032, -23.162831054750786 ], [ -50.674701252008944, -23.155297747594553 ] ] ] } },
{ "type": "Feature", "properties": { "nome_zona": "Setor 227", "nivel_urgencia": "ALTO", "score_risco_final": 62.96, "lat_alerta": -23.26139599739966, "lng_alerta": -50.741240110417223, "volume_lixo": 212.0 }, "geometry": { "type": "Polygon", "coordinates": [ [ [ -50.732308682659564, -23.261922001371456 ], [ -50.732610327619241, -23.263737907687219 ], [ -50.732874070260934, -23.263915443697233 ], [ -50.748502427419176, -23.262194031346489 ], [ -50.748395827419181, -23.261226231346491 ], [ -50.748352029345867, -23.260868207149468 ], [ -50.747986340594707, -23.258150435246847 ], [ -50.732308682659564, -23.261922001371456 ] ] ] } },
{ "type": "Feature", "properties": { "nome_zona": "Setor 228", "nivel_urgencia": "BAIXO", "score_risco_final": 25.16, "lat_alerta": -23.246064136310295, "lng_alerta": -50.73177942059376, "volume_lixo": 212.0 }, "geometry": { "type": "Polygon", "coordinates": [ [ [ -50.715369237483316, -23.235936454568648 ], [ -50.713700924418553, -23.238806510552433 ], [ -50.710930994629365, -23.244056304349677 ], [ -50.72805908119539, -23.25963912321269 ], [ -50.732308682659564, -23.261922001371456 ], [ -50.747986340594707, -23.258150435246847 ], [ -50.744387065684748, -23.231400888838696 ], [ -50.715369237483316, -23.235936454568648 ] ] ] } },
{ "type": "Feature", "properties": { "nome_zona": "Setor 229", "nivel_urgencia": "BAIXO", "score_risco_final": 28.21, "lat_alerta": -23.220938056420565, "lng_alerta": -50.726324373956309, "volume_lixo": 212.0 }, "geometry": { "type": "Polygon", "coordinates": [ [ [ -50.727052560786397, -23.205366761835027 ], [ -50.723559317218509, -23.205566366579475 ], [ -50.723232610912532, -23.205669348035087 ], [ -50.704793427793888, -23.219779022384685 ], [ -50.715369237483316, -23.235936454568648 ], [ -50.744387065684748, -23.231400888838696 ], [ -50.741246673687705, -23.208061726488989 ], [ -50.727052560786397, -23.205366761835027 ] ] ] } },
{ "type": "Feature", "properties": { "nome_zona": "Setor 230", "nivel_urgencia": "BAIXO", "score_risco_final": 39.91, "lat_alerta": -23.199954246592071, "lng_alerta": -50.733500662861267, "volume_lixo": 212.0 }, "geometry": { "type": "Polygon", "coordinates": [ [ [ -50.724774538354744, -23.201933304218169 ], [ -50.725208089497549, -23.20363393636757 ], [ -50.727052560786397, -23.205366761835027 ], [ -50.741246673687705, -23.208061726488989 ], [ -50.740270329345869, -23.200805607149469 ], [ -50.739984292930856, -23.199281158004318 ], [ -50.739542363212095, -23.197794396372267 ], [ -50.738949265423962, -23.19636121911855 ], [ -50.738211341131503, -23.194996950169454 ], [ -50.737336480424688, -23.19371617666468 ], [ -50.736334037555366, -23.192532592987614 ], [ -50.735214730919054, -23.191458854341217 ], [ -50.73399052845086, -23.190506441435105 ], [ -50.732291477286481, -23.189320337073671 ], [ -50.724774538354744, -23.201933304218169 ] ] ] } },
{ "type": "Feature", "properties": { "nome_zona": "Setor 231", "nivel_urgencia": "MÉDIO", "score_risco_final": 40.51, "lat_alerta": -23.187644159883529, "lng_alerta": -50.71585341855404, "volume_lixo": 212.0 }, "geometry": { "type": "Polygon", "coordinates": [ [ [ -50.702357970191677, -23.17994991017104 ], [ -50.701512315329175, -23.187741773542367 ], [ -50.722555919262781, -23.202621371186677 ], [ -50.72279853630107, -23.202649187479437 ], [ -50.723753066432451, -23.202677421282008 ], [ -50.723981720958534, -23.202545843232738 ], [ -50.724774538354744, -23.201933304218169 ], [ -50.732291477286481, -23.189320337073671 ], [ -50.706941190554794, -23.171623350492951 ], [ -50.702357970191677, -23.17994991017104 ] ] ] } },
{ "type": "Feature", "properties": { "nome_zona": "Setor 232", "nivel_urgencia": "MÉDIO", "score_risco_final": 44.92, "lat_alerta": -23.162116127462756, "lng_alerta": -50.681938398140232, "volume_lixo": 240.0 }, "geometry": { "type": "Polygon", "coordinates": [ [ [ -50.674701252008944, -23.155297747594553 ], [ -50.670807319746032, -23.162831054750786 ], [ -50.67025052718931, -23.165160503898157 ], [ -50.673400123469634, -23.16848674500665 ], [ -50.6751096683955, -23.169238475443926 ], [ -50.699349256915497, -23.166323436170149 ], [ -50.677798610731159, -23.151278971373095 ], [ -50.674701252008944, -23.155297747594553 ] ] ] } },
{ "type": "Feature", "properties": { "nome_zona": "Setor 233", "nivel_urgencia": "ALTO", "score_risco_final": 63.56, "lat_alerta": -23.197059100183903, "lng_alerta": -50.68799799945787, "volume_lixo": 212.0 }, "geometry": { "type": "Polygon", "coordinates": [ [ [ -50.701512315329175, -23.187741773542367 ], [ -50.702357970191677, -23.17994991017104 ], [ -50.690257157707869, -23.182221718843298 ], [ -50.669715321376948, -23.197890365773031 ], [ -50.668695378013311, -23.202592445254641 ], [ -50.668980554193283, -23.203988754985648 ], [ -50.691817903358192, -23.212258396447421 ], [ -50.697802907448491, -23.210854767393911 ], [ -50.701512315329175, -23.187741773542367 ] ] ] } },
{ "type": "Feature", "properties": { "nome_zona": "Setor 234", "nivel_urgencia": "MÉDIO", "score_risco_final": 53.11, "lat_alerta": -23.188347977673139, "lng_alerta": -50.676568769957349, "volume_lixo": 417.0 }, "geometry": { "type": "Polygon", "coordinates": [ [ [ -50.690257157707869, -23.182221718843298 ], [ -50.678567646654265, -23.182389543315129 ], [ -50.668947693365475, -23.187653407801413 ], [ -50.667933696354929, -23.191522038637888 ], [ -50.669715321376948, -23.197890365773031 ], [ -50.690257157707869, -23.182221718843298 ] ] ] } },
{ "type": "Feature", "properties": { "nome_zona": "Setor 235", "nivel_urgencia": "MÉDIO", "score_risco_final": 45.8, "lat_alerta": -23.182828197987352, "lng_alerta": -50.671716072104211, "volume_lixo": 521.0 }, "geometry": { "type": "Polygon", "coordinates": [ [ [ -50.675705752879473, -23.180903542016949 ], [ -50.673776835355241, -23.180033239820752 ], [ -50.671189627514714, -23.179506301737245 ], [ -50.668705656813891, -23.179244054910658 ], [ -50.667203890786375, -23.181079170120153 ], [ -50.668844798124312, -23.187589901801118 ], [ -50.668947693365475, -23.187653407801413 ], [ -50.678567646654265, -23.182389543315129 ], [ -50.675705752879473, -23.180903542016949 ] ] ] } },
{ "type": "Feature", "properties": { "nome_zona": "Setor 236", "nivel_urgencia": "MÉDIO", "score_risco_final": 44.04, "lat_alerta": -23.177037755901967, "lng_alerta": -50.672939047402316, "volume_lixo": 641.0 }, "geometry": { "type": "Polygon", "coordinates": [ [ [ -50.671585776866749, -23.172808223051124 ], [ -50.6710537270773, -23.174393486048334 ], [ -50.671054516523931, -23.175523008744459 ], [ -50.671057974449759, -23.175530846970524 ], [ -50.671800386950885, -23.176843112782304 ], [ -50.673776835355241, -23.180033239820752 ], [ -50.675705752879473, -23.180903542016949 ], [ -50.671585776866749, -23.172808223051124 ] ] ] } },
{ "type": "Feature", "properties": { "nome_zona": "Setor 237", "nivel_urgencia": "MÉDIO", "score_risco_final": 49.27, "lat_alerta": -23.174547421524284, "lng_alerta": -50.689042200954326, "volume_lixo": 240.0 }, "geometry": { "type": "Polygon", "coordinates": [ [ [ -50.702357970191677, -23.17994991017104 ], [ -50.706941190554794, -23.171623350492951 ], [ -50.699349256915497, -23.166323436170149 ], [ -50.6751096683955, -23.169238475443926 ], [ -50.67154974483681, -23.171156527951219 ], [ -50.671513580618935, -23.171457223958381 ], [ -50.671585776866749, -23.172808223051124 ], [ -50.675705752879473, -23.180903542016949 ], [ -50.678567646654265, -23.182389543315129 ], [ -50.690257157707869, -23.182221718843298 ], [ -50.702357970191677, -23.17994991017104 ] ] ] } },
{ "type": "Feature", "properties": { "nome_zona": "Setor 238", "nivel_urgencia": "MÉDIO", "score_risco_final": 53.02, "lat_alerta": -23.152684234938821, "lng_alerta": -50.659737504689794, "volume_lixo": 240.0 }, "geometry": { "type": "Polygon", "coordinates": [ [ [ -50.644128770169338, -23.147664479343433 ], [ -50.649754240754902, -23.157184352935982 ], [ -50.655644066117254, -23.161629046597401 ], [ -50.662327241262503, -23.166498304860223 ], [ -50.674701252008944, -23.155297747594553 ], [ -50.677798610731159, -23.151278971373095 ], [ -50.674108828450862, -23.148703141435103 ], [ -50.672779857239796, -23.147875063393482 ], [ -50.671371801996038, -23.147190039194356 ], [ -50.669900006627522, -23.146655533706944 ], [ -50.668380509633259, -23.146277371562785 ], [ -50.643023832378752, -23.141356083414212 ], [ -50.644128770169338, -23.147664479343433 ] ] ] } },
{ "type": "Feature", "properties": { "nome_zona": "Setor 239", "nivel_urgencia": "MÉDIO", "score_risco_final": 55.62, "lat_alerta": -23.176147781630966, "lng_alerta": -50.629911911311801, "volume_lixo": 565.0 }, "geometry": { "type": "Polygon", "coordinates": [ [ [ -50.631498882169474, -23.174691930466956 ], [ -50.628036934489216, -23.1738254866791 ], [ -50.62747642449245, -23.174213830398283 ], [ -50.630455167765547, -23.179406888660186 ], [ -50.631305549897036, -23.178535993094776 ], [ -50.631498882169474, -23.174691930466956 ] ] ] } },
{ "type": "Feature", "properties": { "nome_zona": "Setor 240", "nivel_urgencia": "MÉDIO", "score_risco_final": 51.43, "lat_alerta": -23.176884036009046, "lng_alerta": -50.634939478970985, "volume_lixo": 900.0 }, "geometry": { "type": "Polygon", "coordinates": [ [ [ -50.636047616109039, -23.178318600819356 ], [ -50.636342052482824, -23.17579105633417 ], [ -50.635623811048795, -23.17427646372391 ], [ -50.632626287129803, -23.178426302114246 ], [ -50.636047616109039, -23.178318600819356 ] ] ] } },
{ "type": "Feature", "properties": { "nome_zona": "Setor 241", "nivel_urgencia": "MÉDIO", "score_risco_final": 53.62, "lat_alerta": -23.173855820306084, "lng_alerta": -50.627660140813404, "volume_lixo": 747.0 }, "geometry": { "type": "Polygon", "coordinates": [ [ [ -50.62747642449245, -23.174213830398283 ], [ -50.628036934489216, -23.1738254866791 ], [ -50.627674504400439, -23.173444342153221 ], [ -50.627315500139204, -23.174116926542393 ], [ -50.62747642449245, -23.174213830398283 ] ] ] } },
{ "type": "Feature", "properties": { "nome_zona": "Setor 242", "nivel_urgencia": "ALTO", "score_risco_final": 63.92, "lat_alerta": -23.17359196740335, "lng_alerta": -50.627017127184985, "volume_lixo": 747.0 }, "geometry": { "type": "Polygon", "coordinates": [ [ [ -50.627473387489459, -23.172809975587356 ], [ -50.625974781206111, -23.173931449163643 ], [ -50.627315500139204, -23.174116926542393 ], [ -50.627674504400439, -23.173444342153221 ], [ -50.627473387489459, -23.172809975587356 ] ] ] } },
{ "type": "Feature", "properties": { "nome_zona": "Setor 243", "nivel_urgencia": "MÉDIO", "score_risco_final": 46.78, "lat_alerta": -23.174183117318751, "lng_alerta": -50.638563145673885, "volume_lixo": 900.0 }, "geometry": { "type": "Polygon", "coordinates": [ [ [ -50.640392386741695, -23.170153383209836 ], [ -50.640300935781745, -23.169758738757693 ], [ -50.63963544130366, -23.167288494445199 ], [ -50.636342052482824, -23.17579105633417 ], [ -50.636047616109039, -23.178318600819356 ], [ -50.6376390315381, -23.178694614329029 ], [ -50.639750281568936, -23.17795417249549 ], [ -50.639791096389139, -23.177805058033336 ], [ -50.640449905157467, -23.170470191721051 ], [ -50.640392386741695, -23.170153383209836 ] ] ] } },
{ "type": "Feature", "properties": { "nome_zona": "Setor 244", "nivel_urgencia": "MÉDIO", "score_risco_final": 45.18, "lat_alerta": -23.173287028589833, "lng_alerta": -50.633570854283988, "volume_lixo": 900.0 }, "geometry": { "type": "Polygon", "coordinates": [ [ [ -50.635662936894228, -23.167435843184027 ], [ -50.63266921340734, -23.170235131583581 ], [ -50.632033495322823, -23.171218737984972 ], [ -50.631498882169474, -23.174691930466956 ], [ -50.631305549897036, -23.178535993094776 ], [ -50.632626287129803, -23.178426302114246 ], [ -50.635623811048795, -23.17427646372391 ], [ -50.635662936894228, -23.167435843184027 ] ] ] } },
{ "type": "Feature", "properties": { "nome_zona": "Setor 245", "nivel_urgencia": "MÉDIO", "score_risco_final": 54.79, "lat_alerta": -23.172816424938986, "lng_alerta": -50.62991349138693, "volume_lixo": 789.0 }, "geometry": { "type": "Polygon", "coordinates": [ [ [ -50.632033495322823, -23.171218737984972 ], [ -50.628120263061575, -23.171578724904776 ], [ -50.627473387489459, -23.172809975587356 ], [ -50.627674504400439, -23.173444342153221 ], [ -50.628036934489216, -23.1738254866791 ], [ -50.631498882169474, -23.174691930466956 ], [ -50.632033495322823, -23.171218737984972 ] ] ] } },
{ "type": "Feature", "properties": { "nome_zona": "Setor 246", "nivel_urgencia": "BAIXO", "score_risco_final": 38.24, "lat_alerta": -23.172624121401295, "lng_alerta": -50.626254119062651, "volume_lixo": 764.0 }, "geometry": { "type": "Polygon", "coordinates": [ [ [ -50.628120263061575, -23.171578724904776 ], [ -50.627975993285169, -23.171523465113186 ], [ -50.624796357057427, -23.171928935324043 ], [ -50.62478009067565, -23.172156119803233 ], [ -50.62535307632718, -23.174139260453263 ], [ -50.625974781206111, -23.173931449163643 ], [ -50.627473387489459, -23.172809975587356 ], [ -50.628120263061575, -23.171578724904776 ] ] ] } },
{ "type": "Feature", "properties": { "nome_zona": "Setor 247", "nivel_urgencia": "MÉDIO", "score_risco_final": 46.24, "lat_alerta": -23.172792507815309, "lng_alerta": -50.622883322382862, "volume_lixo": 625.0 }, "geometry": { "type": "Polygon", "coordinates": [ [ [ -50.623293592438536, -23.172947636846441 ], [ -50.622643282297069, -23.172143149832561 ], [ -50.622713092413015, -23.173286734189592 ], [ -50.623293592438536, -23.172947636846441 ] ] ] } },
{ "type": "Feature", "properties": { "nome_zona": "Setor 248", "nivel_urgencia": "MÉDIO", "score_risco_final": 57.18, "lat_alerta": -23.170381964559809, "lng_alerta": -50.629618467278526, "volume_lixo": 775.0 }, "geometry": { "type": "Polygon", "coordinates": [ [ [ -50.632033495322823, -23.171218737984972 ], [ -50.63266921340734, -23.170235131583581 ], [ -50.629178239768031, -23.168986673347803 ], [ -50.626791258525088, -23.16989834026403 ], [ -50.627975993285169, -23.171523465113186 ], [ -50.628120263061575, -23.171578724904776 ], [ -50.632033495322823, -23.171218737984972 ] ] ] } },
{ "type": "Feature", "properties": { "nome_zona": "Setor 249", "nivel_urgencia": "ALTO", "score_risco_final": 63.59, "lat_alerta": -23.177960107617924, "lng_alerta": -50.658539017013879, "volume_lixo": 507.0 }, "geometry": { "type": "Polygon", "coordinates": [ [ [ -50.661910684706854, -23.176780699531975 ], [ -50.659124663189004, -23.175841184473779 ], [ -50.656718295697196, -23.175162769019966 ], [ -50.655030926043622, -23.178687351543861 ], [ -50.655305680904966, -23.179238322352521 ], [ -50.655481706434379, -23.179433837762556 ], [ -50.659599953355098, -23.18039818856256 ], [ -50.660956389992052, -23.180169841137733 ], [ -50.66121837897861, -23.180029846113666 ], [ -50.661910684706854, -23.176780699531975 ] ] ] } },
{ "type": "Feature", "properties": { "nome_zona": "Setor 250", "nivel_urgencia": "ALTO", "score_risco_final": 66.0, "lat_alerta": -23.175945751636132, "lng_alerta": -50.654145225493799, "volume_lixo": 801.0 }, "geometry": { "type": "Polygon", "coordinates": [ [ [ -50.65671542002022, -23.175146563897076 ], [ -50.654489399214732, -23.172265520439865 ], [ -50.651116637325046, -23.177363430652317 ], [ -50.652964666445037, -23.17834566940067 ], [ -50.654127582903079, -23.178613295126198 ], [ -50.655030926043622, -23.178687351543861 ], [ -50.656718295697196, -23.175162769019966 ], [ -50.65671542002022, -23.175146563897076 ] ] ] } },
{ "type": "Feature", "properties": { "nome_zona": "Setor 251", "nivel_urgencia": "MÉDIO", "score_risco_final": 50.88, "lat_alerta": -23.174070824591627, "lng_alerta": -50.659011139190405, "volume_lixo": 527.0 }, "geometry": { "type": "Polygon", "coordinates": [ [ [ -50.660589767498429, -23.173845420390457 ], [ -50.660225538658928, -23.171630909046154 ], [ -50.658398693801978, -23.173322675785833 ], [ -50.65671542002022, -23.175146563897076 ], [ -50.656718295697196, -23.175162769019966 ], [ -50.659124663189004, -23.175841184473779 ], [ -50.660589767498429, -23.173845420390457 ] ] ] } },
{ "type": "Feature", "properties": { "nome_zona": "Setor 252", "nivel_urgencia": "MÉDIO", "score_risco_final": 57.51, "lat_alerta": -23.172535091719944, "lng_alerta": -50.651534700227884, "volume_lixo": 410.0 }, "geometry": { "type": "Polygon", "coordinates": [ [ [ -50.651034285155596, -23.167385762570131 ], [ -50.649191596090915, -23.173296868698497 ], [ -50.649129157499189, -23.173885926843496 ], [ -50.651037828908947, -23.177324494561546 ], [ -50.651042386293135, -23.177328810557857 ], [ -50.651116637325046, -23.177363430652317 ], [ -50.654489399214732, -23.172265520439865 ], [ -50.651034285155596, -23.167385762570131 ] ] ] } },
{ "type": "Feature", "properties": { "nome_zona": "Setor 253", "nivel_urgencia": "MÉDIO", "score_risco_final": 47.78, "lat_alerta": -23.16759132432745, "lng_alerta": -50.659300852961984, "volume_lixo": 527.0 }, "geometry": { "type": "Polygon", "coordinates": [ [ [ -50.662327241262503, -23.166498304860223 ], [ -50.655644066117254, -23.161629046597401 ], [ -50.658398693801978, -23.173322675785833 ], [ -50.660225538658928, -23.171630909046154 ], [ -50.66354727839439, -23.168211774434202 ], [ -50.663415847852825, -23.167983041362021 ], [ -50.662327241262503, -23.166498304860223 ] ] ] } },
{ "type": "Feature", "properties": { "nome_zona": "Setor 254", "nivel_urgencia": "MÉDIO", "score_risco_final": 43.15, "lat_alerta": -23.16621165386006, "lng_alerta": -50.654020722846823, "volume_lixo": 862.0 }, "geometry": { "type": "Polygon", "coordinates": [ [ [ -50.658398693801978, -23.173322675785833 ], [ -50.655644066117254, -23.161629046597401 ], [ -50.649754240754902, -23.157184352935982 ], [ -50.651034285155596, -23.167385762570131 ], [ -50.654489399214732, -23.172265520439865 ], [ -50.65671542002022, -23.175146563897076 ], [ -50.658398693801978, -23.173322675785833 ] ] ] } },
{ "type": "Feature", "properties": { "nome_zona": "Setor 255", "nivel_urgencia": "ALTO", "score_risco_final": 66.51, "lat_alerta": -23.174517028671346, "lng_alerta": -50.641512861291275, "volume_lixo": 601.0 }, "geometry": { "type": "Polygon", "coordinates": [ [ [ -50.640449905157467, -23.170470191721051 ], [ -50.639791096389139, -23.177805058033336 ], [ -50.643542403912541, -23.175782633874441 ], [ -50.644090152086157, -23.174919404212563 ], [ -50.640449905157467, -23.170470191721051 ] ] ] } },
{ "type": "Feature", "properties": { "nome_zona": "Setor 256", "nivel_urgencia": "MÉDIO", "score_risco_final": 48.48, "lat_alerta": -23.173445619352083, "lng_alerta": -50.646443861719249, "volume_lixo": 495.0 }, "geometry": { "type": "Polygon", "coordinates": [ [ [ -50.645178623640817, -23.173477481175276 ], [ -50.64538121729894, -23.173860703232755 ], [ -50.648653097612538, -23.17333643745247 ], [ -50.645706795209129, -23.173127878360667 ], [ -50.645297410424668, -23.173354014717805 ], [ -50.645178623640817, -23.173477481175276 ] ] ] } },
{ "type": "Feature", "properties": { "nome_zona": "Setor 257", "nivel_urgencia": "MÉDIO", "score_risco_final": 50.8, "lat_alerta": -23.173155545020176, "lng_alerta": -50.645442776474681, "volume_lixo": 421.0 }, "geometry": { "type": "Polygon", "coordinates": [ [ [ -50.645324123790253, -23.172984741723074 ], [ -50.645297410424668, -23.173354014717805 ], [ -50.645706795209129, -23.173127878360667 ], [ -50.645324123790253, -23.172984741723074 ] ] ] } },
{ "type": "Feature", "properties": { "nome_zona": "Setor 258", "nivel_urgencia": "MÉDIO", "score_risco_final": 52.65, "lat_alerta": -23.172888171006669, "lng_alerta": -50.643232908159128, "volume_lixo": 421.0 }, "geometry": { "type": "Polygon", "coordinates": [ [ [ -50.645178623640817, -23.173477481175276 ], [ -50.640392386741695, -23.170153383209836 ], [ -50.640449905157467, -23.170470191721051 ], [ -50.644090152086157, -23.174919404212563 ], [ -50.644290897269933, -23.174975958525589 ], [ -50.64538121729894, -23.173860703232755 ], [ -50.645178623640817, -23.173477481175276 ] ] ] } },
{ "type": "Feature", "properties": { "nome_zona": "Setor 259", "nivel_urgencia": "MÉDIO", "score_risco_final": 56.25, "lat_alerta": -23.171757000658168, "lng_alerta": -50.643045907754505, "volume_lixo": 421.0 }, "geometry": { "type": "Polygon", "coordinates": [ [ [ -50.645297410424668, -23.173354014717805 ], [ -50.645324123790253, -23.172984741723074 ], [ -50.640300935781745, -23.169758738757693 ], [ -50.640392386741695, -23.170153383209836 ], [ -50.645178623640817, -23.173477481175276 ], [ -50.645297410424668, -23.173354014717805 ] ] ] } },
{ "type": "Feature", "properties": { "nome_zona": "Setor 260", "nivel_urgencia": "MÉDIO", "score_risco_final": 53.83, "lat_alerta": -23.162564370732991, "lng_alerta": -50.645235979589025, "volume_lixo": 495.0 }, "geometry": { "type": "Polygon", "coordinates": [ [ [ -50.651034285155596, -23.167385762570131 ], [ -50.649754240754902, -23.157184352935982 ], [ -50.644128770169338, -23.147664479343433 ], [ -50.639011426483016, -23.163851416274031 ], [ -50.63963544130366, -23.167288494445199 ], [ -50.640300935781745, -23.169758738757693 ], [ -50.645324123790253, -23.172984741723074 ], [ -50.645706795209129, -23.173127878360667 ], [ -50.648653097612538, -23.17333643745247 ], [ -50.649191596090915, -23.173296868698497 ], [ -50.651034285155596, -23.167385762570131 ] ] ] } },
{ "type": "Feature", "properties": { "nome_zona": "Setor 261", "nivel_urgencia": "ALTO", "score_risco_final": 71.53, "lat_alerta": -23.169342737437706, "lng_alerta": -50.637320787493678, "volume_lixo": 791.0 }, "geometry": { "type": "Polygon", "coordinates": [ [ [ -50.639011426483016, -23.163851416274031 ], [ -50.635662936894228, -23.167435843184027 ], [ -50.635623811048795, -23.17427646372391 ], [ -50.636342052482824, -23.17579105633417 ], [ -50.63963544130366, -23.167288494445199 ], [ -50.639011426483016, -23.163851416274031 ] ] ] } },
{ "type": "Feature", "properties": { "nome_zona": "Setor 262", "nivel_urgencia": "MÉDIO", "score_risco_final": 41.37, "lat_alerta": -23.170300260243295, "lng_alerta": -50.623173992339709, "volume_lixo": 747.0 }, "geometry": { "type": "Polygon", "coordinates": [ [ [ -50.621857474209158, -23.166200215390663 ], [ -50.622643282297069, -23.172143149832561 ], [ -50.623293592438536, -23.172947636846441 ], [ -50.62478009067565, -23.172156119803233 ], [ -50.624796357057427, -23.171928935324043 ], [ -50.622382503465587, -23.166915858770956 ], [ -50.621857474209158, -23.166200215390663 ] ] ] } },
{ "type": "Feature", "properties": { "nome_zona": "Setor 263", "nivel_urgencia": "BAIXO", "score_risco_final": 29.67, "lat_alerta": -23.169984569568157, "lng_alerta": -50.625169814434038, "volume_lixo": 747.0 }, "geometry": { "type": "Polygon", "coordinates": [ [ [ -50.624796357057427, -23.171928935324043 ], [ -50.627975993285169, -23.171523465113186 ], [ -50.626791258525088, -23.16989834026403 ], [ -50.626466616606052, -23.169605166790475 ], [ -50.622382503465587, -23.166915858770956 ], [ -50.624796357057427, -23.171928935324043 ] ] ] } },
{ "type": "Feature", "properties": { "nome_zona": "Setor 264", "nivel_urgencia": "MÉDIO", "score_risco_final": 45.88, "lat_alerta": -23.169327420458856, "lng_alerta": -50.627776090347545, "volume_lixo": 775.0 }, "geometry": { "type": "Polygon", "coordinates": [ [ [ -50.628759589691128, -23.168777733077821 ], [ -50.626466616606052, -23.169605166790475 ], [ -50.626791258525088, -23.16989834026403 ], [ -50.629178239768031, -23.168986673347803 ], [ -50.628759589691128, -23.168777733077821 ] ] ] } },
{ "type": "Feature", "properties": { "nome_zona": "Setor 265", "nivel_urgencia": "MÉDIO", "score_risco_final": 57.98, "lat_alerta": -23.166694353157894, "lng_alerta": -50.624133080348301, "volume_lixo": 668.0 }, "geometry": { "type": "Polygon", "coordinates": [ [ [ -50.619196110033926, -23.162299598959631 ], [ -50.621857474209158, -23.166200215390663 ], [ -50.622382503465587, -23.166915858770956 ], [ -50.626466616606052, -23.169605166790475 ], [ -50.628759589691128, -23.168777733077821 ], [ -50.619196110033926, -23.162299598959631 ] ] ] } },
{ "type": "Feature", "properties": { "nome_zona": "Setor 266", "nivel_urgencia": "BAIXO", "score_risco_final": 33.91, "lat_alerta": -23.161076548373, "lng_alerta": -50.607520789728248, "volume_lixo": 212.0 }, "geometry": { "type": "Polygon", "coordinates": [ [ [ -50.619060099045392, -23.162134129595916 ], [ -50.619561104680891, -23.160769539733302 ], [ -50.599285249068153, -23.158787650579974 ], [ -50.597459355453474, -23.158932754405441 ], [ -50.595121957605151, -23.161460408528246 ], [ -50.617939202622708, -23.163408789980267 ], [ -50.619060099045392, -23.162134129595916 ] ] ] } },
{ "type": "Feature", "properties": { "nome_zona": "Setor 267", "nivel_urgencia": "MÉDIO", "score_risco_final": 40.11, "lat_alerta": -23.158558207446539, "lng_alerta": -50.589002179676434, "volume_lixo": 212.0 }, "geometry": { "type": "Polygon", "coordinates": [ [ [ -50.597459355453474, -23.158932754405441 ], [ -50.604794266387771, -23.147304809443266 ], [ -50.59521581262036, -23.147782701636341 ], [ -50.573093269676747, -23.163304707898146 ], [ -50.58271785007797, -23.170601329970186 ], [ -50.595121957605151, -23.161460408528246 ], [ -50.597459355453474, -23.158932754405441 ] ] ] } },
{ "type": "Feature", "properties": { "nome_zona": "Setor 268", "nivel_urgencia": "BAIXO", "score_risco_final": 27.46, "lat_alerta": -23.15853686265033, "lng_alerta": -50.613443675664513, "volume_lixo": 212.0 }, "geometry": { "type": "Polygon", "coordinates": [ [ [ -50.621484673244524, -23.156053355772912 ], [ -50.599285249068153, -23.158787650579974 ], [ -50.619561104680891, -23.160769539733302 ], [ -50.621484673244524, -23.156053355772912 ] ] ] } },
{ "type": "Feature", "properties": { "nome_zona": "Setor 269", "nivel_urgencia": "ALTO", "score_risco_final": 68.58, "lat_alerta": -23.15440942683998, "lng_alerta": -50.632544548044166, "volume_lixo": 775.0 }, "geometry": { "type": "Polygon", "coordinates": [ [ [ -50.639011426483016, -23.163851416274031 ], [ -50.644128770169338, -23.147664479343433 ], [ -50.643023832378752, -23.141356083414212 ], [ -50.630963676031179, -23.13901541772259 ], [ -50.621484673244524, -23.156053355772912 ], [ -50.619561104680891, -23.160769539733302 ], [ -50.619060099045392, -23.162134129595916 ], [ -50.619196110033926, -23.162299598959631 ], [ -50.628759589691128, -23.168777733077821 ], [ -50.629178239768031, -23.168986673347803 ], [ -50.63266921340734, -23.170235131583581 ], [ -50.635662936894228, -23.167435843184027 ], [ -50.639011426483016, -23.163851416274031 ] ] ] } },
{ "type": "Feature", "properties": { "nome_zona": "Setor 270", "nivel_urgencia": "BAIXO", "score_risco_final": 34.46, "lat_alerta": -23.147550497965792, "lng_alerta": -50.614939735515527, "volume_lixo": 212.0 }, "geometry": { "type": "Polygon", "coordinates": [ [ [ -50.630963676031179, -23.13901541772259 ], [ -50.612906784390972, -23.135510890455979 ], [ -50.604794266387771, -23.147304809443266 ], [ -50.597459355453474, -23.158932754405441 ], [ -50.599285249068153, -23.158787650579974 ], [ -50.621484673244524, -23.156053355772912 ], [ -50.630963676031179, -23.13901541772259 ] ] ] } },
{ "type": "Feature", "properties": { "nome_zona": "Setor 271", "nivel_urgencia": "MÉDIO", "score_risco_final": 41.61, "lat_alerta": -23.147819587055992, "lng_alerta": -50.583503682836557, "volume_lixo": 212.0 }, "geometry": { "type": "Polygon", "coordinates": [ [ [ -50.573093269676747, -23.163304707898146 ], [ -50.59521581262036, -23.147782701636341 ], [ -50.594462043049283, -23.132428743201057 ], [ -50.594227793049285, -23.132440243201057 ], [ -50.592753326029317, -23.132585892674765 ], [ -50.591300421153363, -23.132876296158891 ], [ -50.589883254038227, -23.133308620261811 ], [ -50.58851565161666, -23.13387864690915 ], [ -50.587210957231484, -23.134580814498452 ], [ -50.585981900448125, -23.135408272162298 ], [ -50.584840472855504, -23.13635294661043 ], [ -50.583797811067178, -23.137405620898779 ], [ -50.582864088064362, -23.138556024356777 ], [ -50.567650938064361, -23.159316624356777 ], [ -50.573093269676747, -23.163304707898146 ] ] ] } },
{ "type": "Feature", "properties": { "nome_zona": "Setor 272", "nivel_urgencia": "MÉDIO", "score_risco_final": 53.47, "lat_alerta": -23.139834745887153, "lng_alerta": -50.601819354229839, "volume_lixo": 299.0 }, "geometry": { "type": "Polygon", "coordinates": [ [ [ -50.59521581262036, -23.147782701636341 ], [ -50.604794266387771, -23.147304809443266 ], [ -50.612906784390972, -23.135510890455979 ], [ -50.598289709633256, -23.132673971562784 ], [ -50.596500736691127, -23.132437336000137 ], [ -50.594696293049282, -23.132417243201054 ], [ -50.594462043049283, -23.132428743201057 ], [ -50.59521581262036, -23.147782701636341 ] ] ] } }
]
}
