{
  "type": "FeatureCollection",
  "generator": "overpass-turbo",
  "copyright": "The data included in this document is from www.openstreetmap.org. The data is made available under ODbL.",
  "timestamp": "2026-04-25T08:30:16Z",
  "features": [
    {
      "type": "Feature",
      "properties": {
        "@id": "way/240977086",
        "leisure": "park"
      },
      "geometry": {
        "type": "Polygon",
        "coordinates": [
          [
            [
              -50.6716738,
              -23.1652821
            ],
            [
              -50.671727,
              -23.1659712
            ],
            [
              -50.6713176,
              -23.1653271
            ],
            [
              -50.6716738,
              -23.1652821
            ]
          ]
        ]
      },
      "id": "way/240977086"
    },
    {
      "type": "Feature",
      "properties": {
        "@id": "way/240979359",
        "leisure": "park"
      },
      "geometry": {
        "type": "Polygon",
        "coordinates": [
          [
            [
              -50.6656033,
              -23.1608746
            ],
            [
              -50.6656389,
              -23.1611389
            ],
            [
              -50.6654064,
              -23.1608663
            ],
            [
              -50.6656033,
              -23.1608746
            ]
          ]
        ]
      },
      "id": "way/240979359"
    },
    {
      "type": "Feature",
      "properties": {
        "@id": "way/240982923",
        "addr:city": "Cornélio Procópio",
        "addr:housenumber": "km 0",
        "addr:postcode": "86300-000",
        "addr:street": "PR-160 Rodovia do Contorno",
        "amenity": "university",
        "name": "UENP - Universidade Estadual do Norte do Paraná - Campus de Cornélio Procópio",
        "website": "https://uenp.edu.br/ccp"
      },
      "geometry": {
        "type": "Polygon",
        "coordinates": [
          [
            [
              -50.6692417,
              -23.1723653
            ],
            [
              -50.6708805,
              -23.1728165
            ],
            [
              -50.671012,
              -23.1728929
            ],
            [
              -50.6714827,
              -23.1733912
            ],
            [
              -50.671531,
              -23.1734948
            ],
            [
              -50.6715363,
              -23.1735786
            ],
            [
              -50.6715256,
              -23.1736674
            ],
            [
              -50.6714773,
              -23.1737709
            ],
            [
              -50.6699324,
              -23.1756301
            ],
            [
              -50.6697393,
              -23.1755118
            ],
            [
              -50.6693638,
              -23.1761526
            ],
            [
              -50.6686584,
              -23.1760726
            ],
            [
              -50.6667446,
              -23.1758556
            ],
            [
              -50.6667835,
              -23.1757767
            ],
            [
              -50.6668653,
              -23.1756941
            ],
            [
              -50.6673762,
              -23.1752034
            ],
            [
              -50.6677155,
              -23.1748298
            ],
            [
              -50.6682318,
              -23.1741499
            ],
            [
              -50.6692417,
              -23.1723653
            ]
          ]
        ]
      },
      "id": "way/240982923"
    },
    {
      "type": "Feature",
      "properties": {
        "@id": "way/241287745",
        "leisure": "park"
      },
      "geometry": {
        "type": "Polygon",
        "coordinates": [
          [
            [
              -50.6486847,
              -23.1798373
            ],
            [
              -50.6486977,
              -23.1797835
            ],
            [
              -50.6487106,
              -23.1797638
            ],
            [
              -50.6487476,
              -23.1797401
            ],
            [
              -50.6487959,
              -23.1797274
            ],
            [
              -50.6488564,
              -23.1797181
            ],
            [
              -50.65135,
              -23.1799151
            ],
            [
              -50.6514343,
              -23.1799286
            ],
            [
              -50.6515169,
              -23.1799523
            ],
            [
              -50.6515941,
              -23.1799905
            ],
            [
              -50.6516339,
              -23.180019
            ],
            [
              -50.6516727,
              -23.1800523
            ],
            [
              -50.6517106,
              -23.1800918
            ],
            [
              -50.6517297,
              -23.1801201
            ],
            [
              -50.6517343,
              -23.180132
            ],
            [
              -50.6486847,
              -23.1798373
            ]
          ]
        ]
      },
      "id": "way/241287745"
    },
    {
      "type": "Feature",
      "properties": {
        "@id": "way/241303525",
        "addr:city": "Cornélio Procópio",
        "amenity": "hospital",
        "name": "Santa Casa de Misericórdia de Cornélio Procópio",
        "wheelchair": "yes"
      },
      "geometry": {
        "type": "Polygon",
        "coordinates": [
          [
            [
              -50.6591161,
              -23.1829474
            ],
            [
              -50.6589883,
              -23.1840193
            ],
            [
              -50.6581028,
              -23.1839319
            ],
            [
              -50.6582221,
              -23.1828728
            ],
            [
              -50.6591161,
              -23.1829474
            ]
          ]
        ]
      },
      "id": "way/241303525"
    },
    {
      "type": "Feature",
      "properties": {
        "@id": "way/241305202",
        "addr:city": "Cornélio Procópio",
        "addr:postcode": "86300-000",
        "addr:suburb": "Centro",
        "leisure": "park",
        "name": "Praça Coronel Francisco Moreira da Costa (Botafogo)"
      },
      "geometry": {
        "type": "Polygon",
        "coordinates": [
          [
            [
              -50.6544421,
              -23.1825256
            ],
            [
              -50.6543208,
              -23.1835792
            ],
            [
              -50.6534419,
              -23.1834884
            ],
            [
              -50.6535604,
              -23.1824534
            ],
            [
              -50.6544421,
              -23.1825256
            ]
          ]
        ]
      },
      "id": "way/241305202"
    },
    {
      "type": "Feature",
      "properties": {
        "@id": "way/241306230",
        "addr:city": "Cornélio Procópio",
        "addr:housenumber": "190",
        "addr:postcode": "86300-000",
        "addr:street": "Rua Tiradentes",
        "addr:suburb": "Centro",
        "amenity": "school",
        "name": "Colégio Nossa Senhora do Rosário",
        "operator": "Particular",
        "website": "https://www.cnsr.com.br/"
      },
      "geometry": {
        "type": "Polygon",
        "coordinates": [
          [
            [
              -50.659176,
              -23.1820005
            ],
            [
              -50.6591347,
              -23.1823817
            ],
            [
              -50.6589744,
              -23.1823605
            ],
            [
              -50.6589153,
              -23.1828772
            ],
            [
              -50.6573774,
              -23.182743
            ],
            [
              -50.6574705,
              -23.1818528
            ],
            [
              -50.659176,
              -23.1820005
            ]
          ]
        ]
      },
      "id": "way/241306230"
    },
    {
      "type": "Feature",
      "properties": {
        "@id": "way/338674297",
        "leisure": "pitch",
        "sport": "soccer"
      },
      "geometry": {
        "type": "Polygon",
        "coordinates": [
          [
            [
              -50.6585422,
              -23.1854584
            ],
            [
              -50.6584357,
              -23.1864193
            ],
            [
              -50.6577431,
              -23.1863544
            ],
            [
              -50.6578495,
              -23.1853936
            ],
            [
              -50.6585422,
              -23.1854584
            ]
          ]
        ]
      },
      "id": "way/338674297"
    },
    {
      "type": "Feature",
      "properties": {
        "@id": "way/352143597",
        "leisure": "pitch",
        "sport": "soccer"
      },
      "geometry": {
        "type": "Polygon",
        "coordinates": [
          [
            [
              -50.6400259,
              -23.1816389
            ],
            [
              -50.6399534,
              -23.1819385
            ],
            [
              -50.639393,
              -23.181824
            ],
            [
              -50.6394655,
              -23.1815243
            ],
            [
              -50.6400259,
              -23.1816389
            ]
          ]
        ]
      },
      "id": "way/352143597"
    },
    {
      "type": "Feature",
      "properties": {
        "@id": "way/352143598",
        "leisure": "pitch",
        "sport": "soccer"
      },
      "geometry": {
        "type": "Polygon",
        "coordinates": [
          [
            [
              -50.6360204,
              -23.1816572
            ],
            [
              -50.6360133,
              -23.182044
            ],
            [
              -50.6354765,
              -23.1820357
            ],
            [
              -50.6354836,
              -23.1816489
            ],
            [
              -50.6360204,
              -23.1816572
            ]
          ]
        ]
      },
      "id": "way/352143598"
    },
    {
      "type": "Feature",
      "properties": {
        "@id": "way/355206996",
        "addr:city": "Cornélio Procópio",
        "addr:postcode": "86300-000",
        "amenity": "university",
        "name": "UTFPR - Cornélio Procópio",
        "opening_hours": "24/7",
        "operator": "Universidade Tecnológica Federal do Paraná",
        "toilets:wheelchair": "no",
        "wheelchair": "limited",
        "wheelchair:description": "comentário"
      },
      "geometry": {
        "type": "Polygon",
        "coordinates": [
          [
            [
              -50.6588002,
              -23.1851257
            ],
            [
              -50.6586555,
              -23.1863922
            ],
            [
              -50.6586005,
              -23.1868737
            ],
            [
              -50.6574779,
              -23.1868148
            ],
            [
              -50.657404,
              -23.1868537
            ],
            [
              -50.6571463,
              -23.1868317
            ],
            [
              -50.6571357,
              -23.1869152
            ],
            [
              -50.6568166,
              -23.1870583
            ],
            [
              -50.6565252,
              -23.1873174
            ],
            [
              -50.6564961,
              -23.1873246
            ],
            [
              -50.6556667,
              -23.1872441
            ],
            [
              -50.655013,
              -23.1871961
            ],
            [
              -50.6551359,
              -23.1860916
            ],
            [
              -50.6556997,
              -23.1861271
            ],
            [
              -50.6557089,
              -23.1860276
            ],
            [
              -50.6557811,
              -23.1854665
            ],
            [
              -50.6574467,
              -23.1856334
            ],
            [
              -50.6575225,
              -23.1850098
            ],
            [
              -50.6577536,
              -23.1850308
            ],
            [
              -50.6588002,
              -23.1851257
            ]
          ]
        ]
      },
      "id": "way/355206996"
    },
    {
      "type": "Feature",
      "properties": {
        "@id": "way/355207006",
        "amenity": "university",
        "name": "Campus Universitário Faccrei"
      },
      "geometry": {
        "type": "Polygon",
        "coordinates": [
          [
            [
              -50.6707291,
              -23.1659912
            ],
            [
              -50.6670818,
              -23.165721
            ],
            [
              -50.6672137,
              -23.1640113
            ],
            [
              -50.6674013,
              -23.164027
            ],
            [
              -50.6682129,
              -23.1641007
            ],
            [
              -50.6684345,
              -23.1641244
            ],
            [
              -50.6685637,
              -23.1643265
            ],
            [
              -50.6697587,
              -23.164907
            ],
            [
              -50.6698165,
              -23.1650723
            ],
            [
              -50.6699328,
              -23.1652035
            ],
            [
              -50.6702054,
              -23.16535
            ],
            [
              -50.6707291,
              -23.1659912
            ]
          ]
        ]
      },
      "id": "way/355207006"
    },
    {
      "type": "Feature",
      "properties": {
        "@id": "way/355207008",
        "addr:city": "Cornélio Procópio",
        "addr:housenumber": "340",
        "addr:postcode": "86300-000",
        "addr:street": "Rua Portugal",
        "amenity": "university",
        "name": "UENP - Universidade Estadual do Norte do Paraná - Unidade Centro",
        "website": "https://uenp.edu.br/ccp"
      },
      "geometry": {
        "type": "Polygon",
        "coordinates": [
          [
            [
              -50.6446379,
              -23.1766843
            ],
            [
              -50.643877,
              -23.1768758
            ],
            [
              -50.64368,
              -23.1762112
            ],
            [
              -50.6444373,
              -23.1760182
            ],
            [
              -50.6446379,
              -23.1766843
            ]
          ]
        ]
      },
      "id": "way/355207008"
    },
    {
      "type": "Feature",
      "properties": {
        "@id": "way/362450898",
        "leisure": "park"
      },
      "geometry": {
        "type": "Polygon",
        "coordinates": [
          [
            [
              -50.6487536,
              -23.183694
            ],
            [
              -50.6486008,
              -23.1832107
            ],
            [
              -50.6485988,
              -23.1832039
            ],
            [
              -50.6485981,
              -23.1831968
            ],
            [
              -50.6485986,
              -23.1831897
            ],
            [
              -50.6486005,
              -23.1831828
            ],
            [
              -50.6486035,
              -23.1831762
            ],
            [
              -50.6486077,
              -23.1831702
            ],
            [
              -50.6486128,
              -23.1831649
            ],
            [
              -50.6486189,
              -23.1831605
            ],
            [
              -50.6486257,
              -23.183157
            ],
            [
              -50.6486329,
              -23.1831546
            ],
            [
              -50.6486907,
              -23.1831494
            ],
            [
              -50.6487471,
              -23.1831369
            ],
            [
              -50.648801,
              -23.1831174
            ],
            [
              -50.6488515,
              -23.1830912
            ],
            [
              -50.6487865,
              -23.1836706
            ],
            [
              -50.6487697,
              -23.1836718
            ],
            [
              -50.6487536,
              -23.183694
            ]
          ]
        ]
      },
      "id": "way/362450898"
    },
    {
      "type": "Feature",
      "properties": {
        "@id": "way/362450899",
        "amenity": "parking",
        "operator": "Supermercado Cidade Canção",
        "parking": "surface"
      },
      "geometry": {
        "type": "Polygon",
        "coordinates": [
          [
            [
              -50.6485218,
              -23.1786883
            ],
            [
              -50.6486391,
              -23.1786638
            ],
            [
              -50.6487061,
              -23.1788943
            ],
            [
              -50.6490857,
              -23.1788204
            ],
            [
              -50.6491809,
              -23.179147
            ],
            [
              -50.6488308,
              -23.1791113
            ],
            [
              -50.6484647,
              -23.1790941
            ],
            [
              -50.6484547,
              -23.1790367
            ],
            [
              -50.6486162,
              -23.1789942
            ],
            [
              -50.6485218,
              -23.1786883
            ]
          ]
        ]
      },
      "id": "way/362450899"
    },
    {
      "type": "Feature",
      "properties": {
        "@id": "way/362450900",
        "leisure": "park",
        "name": "Praça Brasil"
      },
      "geometry": {
        "type": "Polygon",
        "coordinates": [
          [
            [
              -50.6470692,
              -23.1782831
            ],
            [
              -50.646227,
              -23.1785001
            ],
            [
              -50.6459306,
              -23.1775779
            ],
            [
              -50.6468064,
              -23.1773634
            ],
            [
              -50.6470692,
              -23.1782831
            ]
          ]
        ]
      },
      "id": "way/362450900"
    },
    {
      "type": "Feature",
      "properties": {
        "@id": "way/362450903",
        "leisure": "pitch",
        "name": "Estádio Municipal Ubirajara Medeiros",
        "sport": "soccer"
      },
      "geometry": {
        "type": "Polygon",
        "coordinates": [
          [
            [
              -50.6596948,
              -23.1779372
            ],
            [
              -50.659353,
              -23.1788249
            ],
            [
              -50.6587164,
              -23.1786177
            ],
            [
              -50.6590582,
              -23.17773
            ],
            [
              -50.6596948,
              -23.1779372
            ]
          ]
        ]
      },
      "id": "way/362450903"
    },
    {
      "type": "Feature",
      "properties": {
        "@id": "way/362450905",
        "addr:city": "Cornélio Procópio",
        "addr:housenumber": "543",
        "addr:postcode": "86300-000",
        "addr:street": "Avenida Minas Gerais",
        "addr:suburb": "Centro",
        "amenity": "school",
        "name": "Escola Municipal Professor Lourenço Filho"
      },
      "geometry": {
        "type": "Polygon",
        "coordinates": [
          [
            [
              -50.6526764,
              -23.1813048
            ],
            [
              -50.6526013,
              -23.1823268
            ],
            [
              -50.6517068,
              -23.1822356
            ],
            [
              -50.6518154,
              -23.1812234
            ],
            [
              -50.6526764,
              -23.1813048
            ]
          ]
        ]
      },
      "id": "way/362450905"
    },
    {
      "type": "Feature",
      "properties": {
        "@id": "way/483438801",
        "leisure": "pitch",
        "sport": "soccer"
      },
      "geometry": {
        "type": "Polygon",
        "coordinates": [
          [
            [
              -50.5649079,
              -23.1892023
            ],
            [
              -50.5641578,
              -23.189186
            ],
            [
              -50.5641716,
              -23.1887297
            ],
            [
              -50.5649163,
              -23.1886844
            ],
            [
              -50.5649079,
              -23.1892023
            ]
          ]
        ]
      },
      "id": "way/483438801"
    },
    {
      "type": "Feature",
      "properties": {
        "@id": "way/483438802",
        "leisure": "pitch",
        "sport": "soccer"
      },
      "geometry": {
        "type": "Polygon",
        "coordinates": [
          [
            [
              -50.6440758,
              -23.1831138
            ],
            [
              -50.6437996,
              -23.1832049
            ],
            [
              -50.6435629,
              -23.1826588
            ],
            [
              -50.643841,
              -23.182559
            ],
            [
              -50.6440758,
              -23.1831138
            ]
          ]
        ]
      },
      "id": "way/483438802"
    },
    {
      "type": "Feature",
      "properties": {
        "@id": "way/483438803",
        "leisure": "pitch",
        "sport": "soccer"
      },
      "geometry": {
        "type": "Polygon",
        "coordinates": [
          [
            [
              -50.64378,
              -23.1832119
            ],
            [
              -50.643484,
              -23.1833152
            ],
            [
              -50.6432515,
              -23.1827737
            ],
            [
              -50.6435381,
              -23.1826686
            ],
            [
              -50.64378,
              -23.1832119
            ]
          ]
        ]
      },
      "id": "way/483438803"
    },
    {
      "type": "Feature",
      "properties": {
        "@id": "way/483438805",
        "leisure": "park"
      },
      "geometry": {
        "type": "Polygon",
        "coordinates": [
          [
            [
              -50.6600088,
              -23.1830926
            ],
            [
              -50.6599726,
              -23.1834748
            ],
            [
              -50.6592698,
              -23.1830199
            ],
            [
              -50.6600088,
              -23.1830926
            ]
          ]
        ]
      },
      "id": "way/483438805"
    },
    {
      "type": "Feature",
      "properties": {
        "@id": "way/543980661",
        "leisure": "park"
      },
      "geometry": {
        "type": "Polygon",
        "coordinates": [
          [
            [
              -50.6399505,
              -23.1900561
            ],
            [
              -50.6400839,
              -23.1901603
            ],
            [
              -50.6398169,
              -23.1904489
            ],
            [
              -50.6395717,
              -23.1902572
            ],
            [
              -50.6396931,
              -23.1901261
            ],
            [
              -50.6399505,
              -23.1900561
            ]
          ]
        ]
      },
      "id": "way/543980661"
    },
    {
      "type": "Feature",
      "properties": {
        "@id": "way/576505541",
        "leisure": "pitch",
        "surface": "concrete"
      },
      "geometry": {
        "type": "Polygon",
        "coordinates": [
          [
            [
              -50.7306081,
              -23.2697802
            ],
            [
              -50.7305818,
              -23.2695145
            ],
            [
              -50.7307455,
              -23.2695009
            ],
            [
              -50.7307718,
              -23.2697665
            ],
            [
              -50.7306081,
              -23.2697802
            ]
          ]
        ]
      },
      "id": "way/576505541"
    },
    {
      "type": "Feature",
      "properties": {
        "@id": "way/576505542",
        "leisure": "pitch",
        "surface": "sand"
      },
      "geometry": {
        "type": "Polygon",
        "coordinates": [
          [
            [
              -50.7311158,
              -23.2696985
            ],
            [
              -50.7310979,
              -23.2694604
            ],
            [
              -50.7312112,
              -23.2694532
            ],
            [
              -50.731229,
              -23.2696914
            ],
            [
              -50.7311158,
              -23.2696985
            ]
          ]
        ]
      },
      "id": "way/576505542"
    },
    {
      "type": "Feature",
      "properties": {
        "@id": "way/576505543",
        "leisure": "pitch",
        "surface": "sand"
      },
      "geometry": {
        "type": "Polygon",
        "coordinates": [
          [
            [
              -50.7309613,
              -23.269711
            ],
            [
              -50.7309435,
              -23.2694728
            ],
            [
              -50.7310568,
              -23.2694657
            ],
            [
              -50.7310746,
              -23.2697038
            ],
            [
              -50.7309613,
              -23.269711
            ]
          ]
        ]
      },
      "id": "way/576505543"
    },
    {
      "type": "Feature",
      "properties": {
        "@id": "way/576505793",
        "leisure": "pitch",
        "surface": "sand"
      },
      "geometry": {
        "type": "Polygon",
        "coordinates": [
          [
            [
              -50.7306383,
              -23.2700484
            ],
            [
              -50.7306122,
              -23.2698225
            ],
            [
              -50.7307661,
              -23.2698075
            ],
            [
              -50.7307922,
              -23.2700334
            ],
            [
              -50.7306383,
              -23.2700484
            ]
          ]
        ]
      },
      "id": "way/576505793"
    },
    {
      "type": "Feature",
      "properties": {
        "@id": "way/622062029",
        "leisure": "park"
      },
      "geometry": {
        "type": "Polygon",
        "coordinates": [
          [
            [
              -50.668299,
              -23.1640021
            ],
            [
              -50.6682927,
              -23.1640171
            ],
            [
              -50.6682755,
              -23.1640211
            ],
            [
              -50.6682573,
              -23.1640208
            ],
            [
              -50.6679376,
              -23.1639867
            ],
            [
              -50.6679287,
              -23.1639804
            ],
            [
              -50.6679272,
              -23.1639699
            ],
            [
              -50.6682769,
              -23.1637088
            ],
            [
              -50.6682881,
              -23.1637079
            ],
            [
              -50.6682954,
              -23.163716
            ],
            [
              -50.668299,
              -23.1640021
            ]
          ]
        ]
      },
      "id": "way/622062029"
    },
    {
      "type": "Feature",
      "properties": {
        "@id": "way/622106900",
        "addr:city": "Cornélio Procópio",
        "addr:postcode": "86300-000",
        "addr:street": "Rua dos Amarilis",
        "amenity": "clinic",
        "building": "yes",
        "healthcare": "clinic",
        "name": "Posto de Saúde Jardim Panorama"
      },
      "geometry": {
        "type": "Polygon",
        "coordinates": [
          [
            [
              -50.6266121,
              -23.1727431
            ],
            [
              -50.6265445,
              -23.1726567
            ],
            [
              -50.6266029,
              -23.1726181
            ],
            [
              -50.6266705,
              -23.1727045
            ],
            [
              -50.6266121,
              -23.1727431
            ]
          ]
        ]
      },
      "id": "way/622106900"
    },
    {
      "type": "Feature",
      "properties": {
        "@id": "way/622106902",
        "addr:city": "Cornélio Procópio",
        "addr:postcode": "86300-000",
        "addr:street": "Rua Azaleias",
        "addr:suburb": "Jardim Panorama",
        "leisure": "park"
      },
      "geometry": {
        "type": "Polygon",
        "coordinates": [
          [
            [
              -50.6266228,
              -23.1707118
            ],
            [
              -50.6262954,
              -23.1709363
            ],
            [
              -50.6262564,
              -23.1709461
            ],
            [
              -50.6262193,
              -23.1709445
            ],
            [
              -50.6261945,
              -23.170938
            ],
            [
              -50.626175,
              -23.1709217
            ],
            [
              -50.626099,
              -23.1708192
            ],
            [
              -50.6264883,
              -23.1705475
            ],
            [
              -50.6266228,
              -23.1707118
            ]
          ]
        ]
      },
      "id": "way/622106902"
    },
    {
      "type": "Feature",
      "properties": {
        "@id": "way/622106911",
        "building": "roof",
        "leisure": "pitch",
        "surface": "concrete"
      },
      "geometry": {
        "type": "Polygon",
        "coordinates": [
          [
            [
              -50.627422,
              -23.1692272
            ],
            [
              -50.6272818,
              -23.1690466
            ],
            [
              -50.6275254,
              -23.1688868
            ],
            [
              -50.6276655,
              -23.1690674
            ],
            [
              -50.627422,
              -23.1692272
            ]
          ]
        ]
      },
      "id": "way/622106911"
    },
    {
      "type": "Feature",
      "properties": {
        "@id": "way/622106915",
        "leisure": "pitch",
        "surface": "concrete"
      },
      "geometry": {
        "type": "Polygon",
        "coordinates": [
          [
            [
              -50.627649,
              -23.1699179
            ],
            [
              -50.6275302,
              -23.1697701
            ],
            [
              -50.6278124,
              -23.1695785
            ],
            [
              -50.6279311,
              -23.1697263
            ],
            [
              -50.627649,
              -23.1699179
            ]
          ]
        ]
      },
      "id": "way/622106915"
    },
    {
      "type": "Feature",
      "properties": {
        "@id": "way/622106916",
        "addr:city": "Cornélio Procópio",
        "addr:postcode": "86300-000",
        "addr:suburb": "Jardim Panorama",
        "amenity": "school",
        "name": "Colégio Estadual Vandyr de Almeida"
      },
      "geometry": {
        "type": "Polygon",
        "coordinates": [
          [
            [
              -50.6270326,
              -23.1691737
            ],
            [
              -50.6272297,
              -23.1689458
            ],
            [
              -50.6273924,
              -23.1688542
            ],
            [
              -50.6276526,
              -23.1687944
            ],
            [
              -50.6279229,
              -23.1688224
            ],
            [
              -50.6280327,
              -23.168899
            ],
            [
              -50.6281221,
              -23.1690766
            ],
            [
              -50.6281506,
              -23.169299
            ],
            [
              -50.628112,
              -23.1695251
            ],
            [
              -50.628053,
              -23.1696615
            ],
            [
              -50.6279737,
              -23.1697419
            ],
            [
              -50.627679,
              -23.1699736
            ],
            [
              -50.6270326,
              -23.1691737
            ]
          ]
        ]
      },
      "id": "way/622106916"
    },
    {
      "type": "Feature",
      "properties": {
        "@id": "way/622342188",
        "leisure": "pitch",
        "surface": "concrete"
      },
      "geometry": {
        "type": "Polygon",
        "coordinates": [
          [
            [
              -50.6523773,
              -23.1819618
            ],
            [
              -50.652359,
              -23.1821266
            ],
            [
              -50.6520595,
              -23.1820984
            ],
            [
              -50.6520779,
              -23.1819336
            ],
            [
              -50.6523773,
              -23.1819618
            ]
          ]
        ]
      },
      "id": "way/622342188"
    },
    {
      "type": "Feature",
      "properties": {
        "@id": "way/622352730",
        "addr:city": "Cornélio Procópio",
        "addr:housenumber": "154",
        "addr:postcode": "86300-000",
        "addr:street": "Avenida Nossa Senhora do Rócio",
        "addr:suburb": "Centro",
        "amenity": "clinic",
        "building": "yes",
        "building:levels": "3",
        "healthcare": "clinic",
        "name": "Clínica dos Rins Nefronor"
      },
      "geometry": {
        "type": "Polygon",
        "coordinates": [
          [
            [
              -50.6516524,
              -23.1823319
            ],
            [
              -50.6516427,
              -23.1824273
            ],
            [
              -50.6515229,
              -23.182417
            ],
            [
              -50.6514658,
              -23.182412
            ],
            [
              -50.6514734,
              -23.1823404
            ],
            [
              -50.6514756,
              -23.1823167
            ],
            [
              -50.6516524,
              -23.1823319
            ]
          ]
        ]
      },
      "id": "way/622352730"
    },
    {
      "type": "Feature",
      "properties": {
        "@id": "way/622352731",
        "addr:city": "Cornélio Procópio",
        "addr:housenumber": "154",
        "addr:postcode": "86300-000",
        "addr:street": "Avenida Nossa Senhora do Rócio",
        "addr:suburb": "Centro",
        "amenity": "clinic",
        "building": "yes",
        "building:levels": "4",
        "healthcare": "clinic",
        "name": "Clínica dos Rins Nefronor"
      },
      "geometry": {
        "type": "Polygon",
        "coordinates": [
          [
            [
              -50.6515055,
              -23.1824849
            ],
            [
              -50.6515124,
              -23.1824331
            ],
            [
              -50.6515213,
              -23.1824339
            ],
            [
              -50.6516404,
              -23.1824436
            ],
            [
              -50.6516358,
              -23.182498
            ],
            [
              -50.6515055,
              -23.1824849
            ]
          ]
        ]
      },
      "id": "way/622352731"
    },
    {
      "type": "Feature",
      "properties": {
        "@id": "way/622352732",
        "addr:city": "Cornélio Procópio",
        "addr:housenumber": "154",
        "addr:postcode": "86300-000",
        "addr:street": "Avenida Nossa Senhora do Rócio",
        "addr:suburb": "Centro",
        "amenity": "clinic",
        "building": "yes",
        "building:levels": "2",
        "healthcare": "clinic",
        "name": "Clínica dos Rins Nefronor"
      },
      "geometry": {
        "type": "Polygon",
        "coordinates": [
          [
            [
              -50.6516427,
              -23.1824273
            ],
            [
              -50.6516404,
              -23.1824436
            ],
            [
              -50.6515213,
              -23.1824339
            ],
            [
              -50.6515229,
              -23.182417
            ],
            [
              -50.6516427,
              -23.1824273
            ]
          ]
        ]
      },
      "id": "way/622352732"
    },
    {
      "type": "Feature",
      "properties": {
        "@id": "way/622908781",
        "addr:city": "Cornélio Procópio",
        "addr:postcode": "86300-000",
        "addr:street": "Avenida Bento Ferraz de Campos",
        "amenity": "school",
        "name": "Centro Municipal de Educação Infantil Lia Marisa Lacerda Trevisan"
      },
      "geometry": {
        "type": "Polygon",
        "coordinates": [
          [
            [
              -50.6353666,
              -23.1749777
            ],
            [
              -50.6347849,
              -23.1748968
            ],
            [
              -50.6349164,
              -23.1740981
            ],
            [
              -50.6354981,
              -23.1741791
            ],
            [
              -50.6353666,
              -23.1749777
            ]
          ]
        ]
      },
      "id": "way/622908781"
    },
    {
      "type": "Feature",
      "properties": {
        "@id": "way/622908783",
        "leisure": "pitch",
        "sport": "soccer",
        "surface": "grass"
      },
      "geometry": {
        "type": "Polygon",
        "coordinates": [
          [
            [
              -50.6363479,
              -23.1747365
            ],
            [
              -50.6358042,
              -23.1746552
            ],
            [
              -50.6358581,
              -23.1743504
            ],
            [
              -50.6364019,
              -23.1744317
            ],
            [
              -50.6363479,
              -23.1747365
            ]
          ]
        ]
      },
      "id": "way/622908783"
    },
    {
      "type": "Feature",
      "properties": {
        "@id": "way/622908784",
        "leisure": "pitch",
        "surface": "concrete"
      },
      "geometry": {
        "type": "Polygon",
        "coordinates": [
          [
            [
              -50.6356007,
              -23.1749539
            ],
            [
              -50.6354116,
              -23.174926
            ],
            [
              -50.6354536,
              -23.1746791
            ],
            [
              -50.6356427,
              -23.1747113
            ],
            [
              -50.6356007,
              -23.1749539
            ]
          ]
        ]
      },
      "id": "way/622908784"
    },
    {
      "type": "Feature",
      "properties": {
        "@id": "way/622908789",
        "addr:city": "Cornélio Procópio",
        "addr:housenumber": "475",
        "addr:postcode": "86300-000",
        "addr:street": "Avenida Bento Ferraz de Campos",
        "amenity": "school",
        "name": "Escola Municipal Doutor Acyr Ivo Carazzai"
      },
      "geometry": {
        "type": "Polygon",
        "coordinates": [
          [
            [
              -50.6376718,
              -23.1748776
            ],
            [
              -50.6376148,
              -23.1752501
            ],
            [
              -50.6370464,
              -23.1751792
            ],
            [
              -50.6371003,
              -23.1748096
            ],
            [
              -50.6376718,
              -23.1748776
            ]
          ]
        ]
      },
      "id": "way/622908789"
    },
    {
      "type": "Feature",
      "properties": {
        "@id": "way/624115567",
        "leisure": "pitch",
        "sport": "soccer",
        "surface": "grass"
      },
      "geometry": {
        "type": "Polygon",
        "coordinates": [
          [
            [
              -50.6341531,
              -23.2051203
            ],
            [
              -50.6338839,
              -23.2049355
            ],
            [
              -50.6342205,
              -23.2045213
            ],
            [
              -50.6344897,
              -23.2047061
            ],
            [
              -50.6341531,
              -23.2051203
            ]
          ]
        ]
      },
      "id": "way/624115567"
    },
    {
      "type": "Feature",
      "properties": {
        "@id": "way/624115568",
        "leisure": "pitch",
        "surface": "concrete"
      },
      "geometry": {
        "type": "Polygon",
        "coordinates": [
          [
            [
              -50.6338755,
              -23.2048955
            ],
            [
              -50.6337779,
              -23.2048293
            ],
            [
              -50.6339305,
              -23.2046393
            ],
            [
              -50.6340281,
              -23.2047056
            ],
            [
              -50.6338755,
              -23.2048955
            ]
          ]
        ]
      },
      "id": "way/624115568"
    },
    {
      "type": "Feature",
      "properties": {
        "@id": "way/624115569",
        "leisure": "pitch",
        "surface": "sand"
      },
      "geometry": {
        "type": "Polygon",
        "coordinates": [
          [
            [
              -50.6346245,
              -23.2051945
            ],
            [
              -50.6344779,
              -23.2050903
            ],
            [
              -50.6346972,
              -23.2048298
            ],
            [
              -50.6348438,
              -23.204934
            ],
            [
              -50.6346245,
              -23.2051945
            ]
          ]
        ]
      },
      "id": "way/624115569"
    },
    {
      "type": "Feature",
      "properties": {
        "@id": "way/624115570",
        "leisure": "pitch",
        "surface": "sand"
      },
      "geometry": {
        "type": "Polygon",
        "coordinates": [
          [
            [
              -50.6343283,
              -23.2052095
            ],
            [
              -50.6341842,
              -23.2051107
            ],
            [
              -50.6343987,
              -23.2048464
            ],
            [
              -50.6345429,
              -23.2049452
            ],
            [
              -50.6343283,
              -23.2052095
            ]
          ]
        ]
      },
      "id": "way/624115570"
    },
    {
      "type": "Feature",
      "properties": {
        "@id": "way/624141332",
        "leisure": "park"
      },
      "geometry": {
        "type": "Polygon",
        "coordinates": [
          [
            [
              -50.6412834,
              -23.1899028
            ],
            [
              -50.6411532,
              -23.1896893
            ],
            [
              -50.6415947,
              -23.1895094
            ],
            [
              -50.6416041,
              -23.1895094
            ],
            [
              -50.6416181,
              -23.189519
            ],
            [
              -50.6416228,
              -23.1895309
            ],
            [
              -50.6416193,
              -23.1895427
            ],
            [
              -50.6412834,
              -23.1899028
            ]
          ]
        ]
      },
      "id": "way/624141332"
    },
    {
      "type": "Feature",
      "properties": {
        "@id": "way/624141335",
        "addr:city": "Cornélio Procópio",
        "addr:postcode": "86300-000",
        "addr:street": "Rua Floriano Landgraf",
        "addr:suburb": "Vila Popular",
        "amenity": "school",
        "name": "Escola Municipal Deputado Nilson Baptista Ribas"
      },
      "geometry": {
        "type": "Polygon",
        "coordinates": [
          [
            [
              -50.6397333,
              -23.1899082
            ],
            [
              -50.6394821,
              -23.1901909
            ],
            [
              -50.6388078,
              -23.1896846
            ],
            [
              -50.6390591,
              -23.1894019
            ],
            [
              -50.6397333,
              -23.1899082
            ]
          ]
        ]
      },
      "id": "way/624141335"
    },
    {
      "type": "Feature",
      "properties": {
        "@id": "way/624298605",
        "addr:city": "Cornélio Procópio",
        "addr:housenumber": "180",
        "addr:postcode": "86300-000",
        "addr:street": "Avenida XV de Novembro",
        "amenity": "police",
        "name": "Polícia Militar - 1º Cia do 18º B.P.M",
        "opening_hours": "24/7",
        "operator": "Polícia Militar do Paraná",
        "operator:short": "PMPR",
        "operator:wikidata": "Q1144660",
        "phone": "+55 43 3523 9840",
        "website": "https://www.pmpr.pr.gov.br/"
      },
      "geometry": {
        "type": "Polygon",
        "coordinates": [
          [
            [
              -50.6461931,
              -23.1756321
            ],
            [
              -50.6462501,
              -23.1758389
            ],
            [
              -50.645905,
              -23.1759196
            ],
            [
              -50.6458495,
              -23.1757143
            ],
            [
              -50.6461931,
              -23.1756321
            ]
          ]
        ]
      },
      "id": "way/624298605"
    },
    {
      "type": "Feature",
      "properties": {
        "@id": "way/624302531",
        "addr:city": "Cornélio Procópio",
        "addr:housenumber": "240",
        "addr:postcode": "86300-000",
        "addr:street": "Rua Portugal",
        "amenity": "school",
        "name": "Colégio Estadual Zulmira Marchesi da Silva"
      },
      "geometry": {
        "type": "Polygon",
        "coordinates": [
          [
            [
              -50.6436716,
              -23.1762179
            ],
            [
              -50.6437682,
              -23.1765537
            ],
            [
              -50.6436122,
              -23.1765916
            ],
            [
              -50.6437067,
              -23.1769201
            ],
            [
              -50.6429965,
              -23.1770928
            ],
            [
              -50.6428267,
              -23.1765027
            ],
            [
              -50.6429848,
              -23.1764643
            ],
            [
              -50.6429635,
              -23.1763901
            ],
            [
              -50.6436716,
              -23.1762179
            ]
          ]
        ]
      },
      "id": "way/624302531"
    },
    {
      "type": "Feature",
      "properties": {
        "@id": "way/624303948",
        "addr:city": "Cornélio Procópio",
        "addr:housenumber": "887",
        "addr:postcode": "86300-000",
        "addr:street": "Avenida Santos Dumont",
        "amenity": "hospital",
        "building": "yes",
        "healthcare": "hospital",
        "name": "Hospital Unimed Norte Paraná"
      },
      "geometry": {
        "type": "Polygon",
        "coordinates": [
          [
            [
              -50.6550595,
              -23.1891629
            ],
            [
              -50.6550573,
              -23.189197
            ],
            [
              -50.6550218,
              -23.1891951
            ],
            [
              -50.6550072,
              -23.1894271
            ],
            [
              -50.654798,
              -23.189416
            ],
            [
              -50.6548147,
              -23.1891499
            ],
            [
              -50.6550595,
              -23.1891629
            ]
          ]
        ]
      },
      "id": "way/624303948"
    },
    {
      "type": "Feature",
      "properties": {
        "@id": "way/624308151",
        "addr:city": "Cornélio Procópio",
        "addr:housenumber": "301",
        "addr:postcode": "86300-000",
        "addr:street": "Avenida Minas Gerais",
        "addr:suburb": "Centro",
        "amenity": "townhall",
        "building": "yes",
        "name": "Prefeitura Municipal"
      },
      "geometry": {
        "type": "Polygon",
        "coordinates": [
          [
            [
              -50.6497457,
              -23.1813589
            ],
            [
              -50.6494502,
              -23.1813311
            ],
            [
              -50.6494667,
              -23.1811823
            ],
            [
              -50.6497623,
              -23.1812102
            ],
            [
              -50.6497457,
              -23.1813589
            ]
          ]
        ]
      },
      "id": "way/624308151"
    },
    {
      "type": "Feature",
      "properties": {
        "@id": "way/624308153",
        "addr:city": "Cornélio Procópio",
        "addr:housenumber": "189;163",
        "addr:postcode": "86300-000",
        "addr:street": "Rua Paraíba",
        "addr:suburb": "Centro",
        "amenity": "townhall",
        "building": "yes",
        "name": "Câmara Municipal"
      },
      "geometry": {
        "type": "Polygon",
        "coordinates": [
          [
            [
              -50.6497744,
              -23.1815574
            ],
            [
              -50.6497619,
              -23.1816477
            ],
            [
              -50.6495427,
              -23.1816222
            ],
            [
              -50.6495356,
              -23.1816734
            ],
            [
              -50.6494164,
              -23.1816596
            ],
            [
              -50.6494237,
              -23.1816064
            ],
            [
              -50.6493815,
              -23.1816015
            ],
            [
              -50.6493937,
              -23.1815131
            ],
            [
              -50.6497744,
              -23.1815574
            ]
          ]
        ]
      },
      "id": "way/624308153"
    },
    {
      "type": "Feature",
      "properties": {
        "@id": "way/624561077",
        "addr:city": "Cornélio Procópio",
        "addr:housenumber": "1800",
        "addr:postcode": "86300-000",
        "addr:street": "Rodovia Pr 160",
        "addr:suburb": "Jardim Veneza",
        "amenity": "police",
        "building": "yes",
        "email": "dpcornelioprocopio@pc.pr.gov.br",
        "name": "Policia Civil - 11.ª S.D.P - Sede",
        "phone": "+55 43 3520 4950",
        "website": "https://www.policiacivil.pr.gov.br/"
      },
      "geometry": {
        "type": "Polygon",
        "coordinates": [
          [
            [
              -50.6637619,
              -23.1892972
            ],
            [
              -50.6636247,
              -23.1891866
            ],
            [
              -50.6636654,
              -23.1891012
            ],
            [
              -50.6637627,
              -23.188915
            ],
            [
              -50.6637902,
              -23.1889288
            ],
            [
              -50.6638884,
              -23.1887401
            ],
            [
              -50.6640397,
              -23.1888068
            ],
            [
              -50.6637619,
              -23.1892972
            ]
          ]
        ]
      },
      "id": "way/624561077"
    },
    {
      "type": "Feature",
      "properties": {
        "@id": "way/625046871",
        "building": "yes",
        "leisure": "pitch"
      },
      "geometry": {
        "type": "Polygon",
        "coordinates": [
          [
            [
              -50.6638386,
              -23.1794261
            ],
            [
              -50.6636091,
              -23.1793633
            ],
            [
              -50.6637027,
              -23.179074
            ],
            [
              -50.6637631,
              -23.1790903
            ],
            [
              -50.6638663,
              -23.1791192
            ],
            [
              -50.6639322,
              -23.1791368
            ],
            [
              -50.6638386,
              -23.1794261
            ]
          ]
        ]
      },
      "id": "way/625046871"
    },
    {
      "type": "Feature",
      "properties": {
        "@id": "way/625046872",
        "building": "roof",
        "leisure": "pitch"
      },
      "geometry": {
        "type": "Polygon",
        "coordinates": [
          [
            [
              -50.6648154,
              -23.1794605
            ],
            [
              -50.6647269,
              -23.1797126
            ],
            [
              -50.6645075,
              -23.1796508
            ],
            [
              -50.664596,
              -23.179397
            ],
            [
              -50.6648154,
              -23.1794605
            ]
          ]
        ]
      },
      "id": "way/625046872"
    },
    {
      "type": "Feature",
      "properties": {
        "@id": "way/625046875",
        "addr:city": "Cornélio Procópio",
        "addr:housenumber": "176",
        "addr:postcode": "86300-000",
        "addr:street": "Rua Palmas",
        "addr:suburb": "Vila Independência",
        "amenity": "school",
        "name": "Escola Estadual Major João Carlos De Faria - Ensino Fundamental",
        "website": "http://www.cppjoaofaria.seed.pr.gov.br/modules/noticias/"
      },
      "geometry": {
        "type": "Polygon",
        "coordinates": [
          [
            [
              -50.664986,
              -23.1793505
            ],
            [
              -50.664972,
              -23.1795801
            ],
            [
              -50.6646871,
              -23.179754
            ],
            [
              -50.6646101,
              -23.1797497
            ],
            [
              -50.6638053,
              -23.1795215
            ],
            [
              -50.663968,
              -23.1790135
            ],
            [
              -50.6649393,
              -23.1792968
            ],
            [
              -50.664986,
              -23.1793505
            ]
          ]
        ]
      },
      "id": "way/625046875"
    },
    {
      "type": "Feature",
      "properties": {
        "@id": "way/625052054",
        "leisure": "pitch"
      },
      "geometry": {
        "type": "Polygon",
        "coordinates": [
          [
            [
              -50.6645767,
              -23.1808521
            ],
            [
              -50.6643738,
              -23.1807943
            ],
            [
              -50.6644126,
              -23.1806793
            ],
            [
              -50.6646155,
              -23.180737
            ],
            [
              -50.6645767,
              -23.1808521
            ]
          ]
        ]
      },
      "id": "way/625052054"
    },
    {
      "type": "Feature",
      "properties": {
        "@id": "way/625276720",
        "leisure": "pitch"
      },
      "geometry": {
        "type": "Polygon",
        "coordinates": [
          [
            [
              -50.6616026,
              -23.1828383
            ],
            [
              -50.6614419,
              -23.1828206
            ],
            [
              -50.6614755,
              -23.1825629
            ],
            [
              -50.6616362,
              -23.1825806
            ],
            [
              -50.6616026,
              -23.1828383
            ]
          ]
        ]
      },
      "id": "way/625276720"
    },
    {
      "type": "Feature",
      "properties": {
        "@id": "way/625276721",
        "building": "school",
        "leisure": "pitch"
      },
      "geometry": {
        "type": "Polygon",
        "coordinates": [
          [
            [
              -50.6614984,
              -23.1828932
            ],
            [
              -50.6614804,
              -23.1830645
            ],
            [
              -50.6611631,
              -23.1830363
            ],
            [
              -50.6611811,
              -23.182865
            ],
            [
              -50.6614984,
              -23.1828932
            ]
          ]
        ]
      },
      "id": "way/625276721"
    },
    {
      "type": "Feature",
      "properties": {
        "@id": "way/625276728",
        "addr:city": "Cornélio Procópio",
        "addr:housenumber": "158",
        "addr:postcode": "86300-000",
        "addr:street": "Rua Julio Gomes",
        "amenity": "school",
        "name": "Escola Estadual Castro Alves - EF M P",
        "operator": "Estado Paraná",
        "operator:type": "government"
      },
      "geometry": {
        "type": "Polygon",
        "coordinates": [
          [
            [
              -50.6619482,
              -23.1831477
            ],
            [
              -50.6610616,
              -23.1830566
            ],
            [
              -50.6611581,
              -23.1822197
            ],
            [
              -50.6611764,
              -23.1822065
            ],
            [
              -50.6620181,
              -23.1822758
            ],
            [
              -50.662034,
              -23.1822831
            ],
            [
              -50.6620428,
              -23.1822953
            ],
            [
              -50.662049,
              -23.1823107
            ],
            [
              -50.6620517,
              -23.1823286
            ],
            [
              -50.6619482,
              -23.1831477
            ]
          ]
        ]
      },
      "id": "way/625276728"
    },
    {
      "type": "Feature",
      "properties": {
        "@id": "way/625276749",
        "addr:city": "Cornélio Procópio",
        "addr:housenumber": "1295",
        "addr:postcode": "86300-000",
        "addr:street": "Avenida Minas Gerais",
        "amenity": "school",
        "name": "3.º Colégio da Polícia Militar",
        "operator": "Polícia Militar"
      },
      "geometry": {
        "type": "Polygon",
        "coordinates": [
          [
            [
              -50.6606309,
              -23.1821629
            ],
            [
              -50.660529,
              -23.1830289
            ],
            [
              -50.6592455,
              -23.1829095
            ],
            [
              -50.6592126,
              -23.1828738
            ],
            [
              -50.6593105,
              -23.1820602
            ],
            [
              -50.6593353,
              -23.1820335
            ],
            [
              -50.6594007,
              -23.1820391
            ],
            [
              -50.6594518,
              -23.1820953
            ],
            [
              -50.6600759,
              -23.1821398
            ],
            [
              -50.660096,
              -23.1821653
            ],
            [
              -50.6602096,
              -23.182114
            ],
            [
              -50.6606309,
              -23.1821629
            ]
          ]
        ]
      },
      "id": "way/625276749"
    },
    {
      "type": "Feature",
      "properties": {
        "@id": "way/625285102",
        "building": "yes",
        "leisure": "pitch"
      },
      "geometry": {
        "type": "Polygon",
        "coordinates": [
          [
            [
              -50.6585238,
              -23.1819823
            ],
            [
              -50.6584904,
              -23.1823004
            ],
            [
              -50.6580862,
              -23.1822644
            ],
            [
              -50.6581196,
              -23.1819464
            ],
            [
              -50.6585238,
              -23.1819823
            ]
          ]
        ]
      },
      "id": "way/625285102"
    },
    {
      "type": "Feature",
      "properties": {
        "@id": "way/625285104",
        "building": "school",
        "leisure": "pitch"
      },
      "geometry": {
        "type": "Polygon",
        "coordinates": [
          [
            [
              -50.658562,
              -23.1827669
            ],
            [
              -50.658378,
              -23.1827471
            ],
            [
              -50.6584104,
              -23.1824926
            ],
            [
              -50.6585944,
              -23.1825124
            ],
            [
              -50.658562,
              -23.1827669
            ]
          ]
        ]
      },
      "id": "way/625285104"
    },
    {
      "type": "Feature",
      "properties": {
        "@id": "way/625569802",
        "addr:city": "Cornélio Procópio",
        "addr:postcode": "86300-000",
        "addr:street": "Avenida Thomaz Pelegrini",
        "addr:suburb": "Jardim Primavera",
        "amenity": "clinic",
        "building": "yes",
        "healthcare": "clinic",
        "name": "Unidadade Básica de Saúde"
      },
      "geometry": {
        "type": "Polygon",
        "coordinates": [
          [
            [
              -50.6673427,
              -23.1827241
            ],
            [
              -50.6672616,
              -23.1826758
            ],
            [
              -50.6672512,
              -23.1826905
            ],
            [
              -50.6672012,
              -23.1826607
            ],
            [
              -50.6672099,
              -23.1826484
            ],
            [
              -50.6671488,
              -23.182612
            ],
            [
              -50.6671729,
              -23.1825778
            ],
            [
              -50.6671859,
              -23.1825855
            ],
            [
              -50.667203,
              -23.1825613
            ],
            [
              -50.6671864,
              -23.1825514
            ],
            [
              -50.6672083,
              -23.1825204
            ],
            [
              -50.6672615,
              -23.1825521
            ],
            [
              -50.6672861,
              -23.1825173
            ],
            [
              -50.6673709,
              -23.1825679
            ],
            [
              -50.6673389,
              -23.1826132
            ],
            [
              -50.6673945,
              -23.1826462
            ],
            [
              -50.6673741,
              -23.1826752
            ],
            [
              -50.6673478,
              -23.1826595
            ],
            [
              -50.6673312,
              -23.1826831
            ],
            [
              -50.6673597,
              -23.1827001
            ],
            [
              -50.6673427,
              -23.1827241
            ]
          ]
        ]
      },
      "id": "way/625569802"
    },
    {
      "type": "Feature",
      "properties": {
        "@id": "way/625569809",
        "building": "school",
        "leisure": "pitch",
        "name": "Quadra Poliesportiva"
      },
      "geometry": {
        "type": "Polygon",
        "coordinates": [
          [
            [
              -50.6679554,
              -23.1826183
            ],
            [
              -50.6676952,
              -23.182467
            ],
            [
              -50.6677961,
              -23.182319
            ],
            [
              -50.6680545,
              -23.1824686
            ],
            [
              -50.6679554,
              -23.1826183
            ]
          ]
        ]
      },
      "id": "way/625569809"
    },
    {
      "type": "Feature",
      "properties": {
        "@id": "way/625669389",
        "leisure": "pitch",
        "sport": "soccer"
      },
      "geometry": {
        "type": "Polygon",
        "coordinates": [
          [
            [
              -50.6085488,
              -23.158995
            ],
            [
              -50.6086646,
              -23.159515
            ],
            [
              -50.6083492,
              -23.1595744
            ],
            [
              -50.6082334,
              -23.1590544
            ],
            [
              -50.6085488,
              -23.158995
            ]
          ]
        ]
      },
      "id": "way/625669389"
    },
    {
      "type": "Feature",
      "properties": {
        "@id": "way/626882618",
        "leisure": "pitch",
        "surface": "grass"
      },
      "geometry": {
        "type": "Polygon",
        "coordinates": [
          [
            [
              -50.6365285,
              -23.1902313
            ],
            [
              -50.6361364,
              -23.1901519
            ],
            [
              -50.6362959,
              -23.1894868
            ],
            [
              -50.636688,
              -23.1895663
            ],
            [
              -50.6365285,
              -23.1902313
            ]
          ]
        ]
      },
      "id": "way/626882618"
    },
    {
      "type": "Feature",
      "properties": {
        "@id": "way/626882619",
        "leisure": "pitch",
        "surface": "grass"
      },
      "geometry": {
        "type": "Polygon",
        "coordinates": [
          [
            [
              -50.6376428,
              -23.1896913
            ],
            [
              -50.6374862,
              -23.1903618
            ],
            [
              -50.6371078,
              -23.1902871
            ],
            [
              -50.6372644,
              -23.1896166
            ],
            [
              -50.6376428,
              -23.1896913
            ]
          ]
        ]
      },
      "id": "way/626882619"
    },
    {
      "type": "Feature",
      "properties": {
        "@id": "way/626882623",
        "leisure": "pitch",
        "surface": "concrete"
      },
      "geometry": {
        "type": "Polygon",
        "coordinates": [
          [
            [
              -50.6376561,
              -23.1894717
            ],
            [
              -50.6374961,
              -23.18944
            ],
            [
              -50.6375567,
              -23.1891818
            ],
            [
              -50.6377167,
              -23.1892135
            ],
            [
              -50.6376561,
              -23.1894717
            ]
          ]
        ]
      },
      "id": "way/626882623"
    },
    {
      "type": "Feature",
      "properties": {
        "@id": "way/626882636",
        "leisure": "pitch",
        "surface": "sand"
      },
      "geometry": {
        "type": "Polygon",
        "coordinates": [
          [
            [
              -50.6375033,
              -23.1904073
            ],
            [
              -50.6374379,
              -23.1906747
            ],
            [
              -50.6370718,
              -23.1905992
            ],
            [
              -50.6371371,
              -23.1903317
            ],
            [
              -50.6375033,
              -23.1904073
            ]
          ]
        ]
      },
      "id": "way/626882636"
    },
    {
      "type": "Feature",
      "properties": {
        "@id": "way/627188356",
        "leisure": "park"
      },
      "geometry": {
        "type": "Polygon",
        "coordinates": [
          [
            [
              -50.6286827,
              -23.1672635
            ],
            [
              -50.62855,
              -23.1677024
            ],
            [
              -50.6285339,
              -23.1677148
            ],
            [
              -50.6285204,
              -23.1677098
            ],
            [
              -50.6285137,
              -23.1676963
            ],
            [
              -50.6284011,
              -23.167245
            ],
            [
              -50.6286827,
              -23.1672635
            ]
          ]
        ]
      },
      "id": "way/627188356"
    },
    {
      "type": "Feature",
      "properties": {
        "@id": "way/627428788",
        "amenity": "hospital",
        "healthcare": "hospital",
        "name": "Hospital Regional"
      },
      "geometry": {
        "type": "Polygon",
        "coordinates": [
          [
            [
              -50.6625098,
              -23.1959038
            ],
            [
              -50.6618764,
              -23.1958691
            ],
            [
              -50.6615866,
              -23.1958703
            ],
            [
              -50.6611054,
              -23.1958903
            ],
            [
              -50.6610891,
              -23.1947295
            ],
            [
              -50.662264,
              -23.1943761
            ],
            [
              -50.662496,
              -23.1943307
            ],
            [
              -50.6624965,
              -23.1944385
            ],
            [
              -50.6625098,
              -23.1959038
            ]
          ]
        ]
      },
      "id": "way/627428788"
    },
    {
      "type": "Feature",
      "properties": {
        "@id": "way/629019712",
        "leisure": "pitch",
        "sport": "soccer",
        "surface": "grass"
      },
      "geometry": {
        "type": "Polygon",
        "coordinates": [
          [
            [
              -50.6835844,
              -23.2346616
            ],
            [
              -50.6828897,
              -23.2344746
            ],
            [
              -50.6830117,
              -23.234092
            ],
            [
              -50.6837064,
              -23.234279
            ],
            [
              -50.6835844,
              -23.2346616
            ]
          ]
        ]
      },
      "id": "way/629019712"
    },
    {
      "type": "Feature",
      "properties": {
        "@id": "way/629019713",
        "leisure": "pitch",
        "surface": "sand"
      },
      "geometry": {
        "type": "Polygon",
        "coordinates": [
          [
            [
              -50.6832474,
              -23.2350911
            ],
            [
              -50.6830995,
              -23.2350424
            ],
            [
              -50.6832145,
              -23.2347476
            ],
            [
              -50.6833624,
              -23.2347963
            ],
            [
              -50.6832474,
              -23.2350911
            ]
          ]
        ]
      },
      "id": "way/629019713"
    },
    {
      "type": "Feature",
      "properties": {
        "@id": "way/629019714",
        "leisure": "pitch",
        "surface": "concrete"
      },
      "geometry": {
        "type": "Polygon",
        "coordinates": [
          [
            [
              -50.6838302,
              -23.234613
            ],
            [
              -50.684099,
              -23.2347028
            ],
            [
              -50.684038,
              -23.2348569
            ],
            [
              -50.6837692,
              -23.2347671
            ],
            [
              -50.6838302,
              -23.234613
            ]
          ]
        ]
      },
      "id": "way/629019714"
    },
    {
      "type": "Feature",
      "properties": {
        "@id": "way/629019718",
        "leisure": "pitch",
        "sport": "soccer",
        "surface": "grass"
      },
      "geometry": {
        "type": "Polygon",
        "coordinates": [
          [
            [
              -50.6856232,
              -23.2324461
            ],
            [
              -50.6855382,
              -23.233316
            ],
            [
              -50.6849721,
              -23.2332693
            ],
            [
              -50.6850572,
              -23.2323994
            ],
            [
              -50.6856232,
              -23.2324461
            ]
          ]
        ]
      },
      "id": "way/629019718"
    },
    {
      "type": "Feature",
      "properties": {
        "@id": "way/637572964",
        "leisure": "park",
        "name": "Parque de Exposição Artur Hoffig"
      },
      "geometry": {
        "type": "Polygon",
        "coordinates": [
          [
            [
              -50.6100962,
              -23.1665227
            ],
            [
              -50.6097314,
              -23.1666608
            ],
            [
              -50.6093881,
              -23.1681108
            ],
            [
              -50.6088195,
              -23.1675288
            ],
            [
              -50.6075749,
              -23.1662021
            ],
            [
              -50.6074939,
              -23.1660476
            ],
            [
              -50.6070219,
              -23.1651469
            ],
            [
              -50.6057939,
              -23.162804
            ],
            [
              -50.6084761,
              -23.1620346
            ],
            [
              -50.6100962,
              -23.1665227
            ]
          ]
        ]
      },
      "id": "way/637572964"
    },
    {
      "type": "Feature",
      "properties": {
        "@id": "way/685261114",
        "leisure": "pitch",
        "sport": "soccer",
        "surface": "grass"
      },
      "geometry": {
        "type": "Polygon",
        "coordinates": [
          [
            [
              -50.7245482,
              -23.2076918
            ],
            [
              -50.7240208,
              -23.2069583
            ],
            [
              -50.7246127,
              -23.2065988
            ],
            [
              -50.7251401,
              -23.2073323
            ],
            [
              -50.7245482,
              -23.2076918
            ]
          ]
        ]
      },
      "id": "way/685261114"
    },
    {
      "type": "Feature",
      "properties": {
        "@id": "way/685261116",
        "addr:city": "Distrito de Congonhas",
        "addr:postcode": "86305-000",
        "addr:street": "Rua Curitiba",
        "amenity": "school",
        "name": "COLÉGIO ESTADUAL - DULCE DE SOUZA CARVALHO - ENSINO FUNDAMENTAL E MÉDIO"
      },
      "geometry": {
        "type": "Polygon",
        "coordinates": [
          [
            [
              -50.7239563,
              -23.2036637
            ],
            [
              -50.7233255,
              -23.2040885
            ],
            [
              -50.7230245,
              -23.2037109
            ],
            [
              -50.7236553,
              -23.203286
            ],
            [
              -50.7239563,
              -23.2036637
            ]
          ]
        ]
      },
      "id": "way/685261116"
    },
    {
      "type": "Feature",
      "properties": {
        "@id": "way/685261118",
        "addr:city": "Distrito de Congonhas",
        "addr:postcode": "86305-000",
        "addr:street": "Rua Curitiba",
        "building": "school",
        "building:levels": "1",
        "leisure": "pitch"
      },
      "geometry": {
        "type": "Polygon",
        "coordinates": [
          [
            [
              -50.7238913,
              -23.2036383
            ],
            [
              -50.7236743,
              -23.2037874
            ],
            [
              -50.7234192,
              -23.2034739
            ],
            [
              -50.7236362,
              -23.2033247
            ],
            [
              -50.7238913,
              -23.2036383
            ]
          ]
        ]
      },
      "id": "way/685261118"
    },
    {
      "type": "Feature",
      "properties": {
        "@id": "way/685261119",
        "leisure": "pitch",
        "sport": "soccer",
        "surface": "grass"
      },
      "geometry": {
        "type": "Polygon",
        "coordinates": [
          [
            [
              -50.7217575,
              -23.2040314
            ],
            [
              -50.7223536,
              -23.2036542
            ],
            [
              -50.722563,
              -23.2039338
            ],
            [
              -50.7219669,
              -23.204311
            ],
            [
              -50.7217575,
              -23.2040314
            ]
          ]
        ]
      },
      "id": "way/685261119"
    },
    {
      "type": "Feature",
      "properties": {
        "@id": "way/685262661",
        "leisure": "park"
      },
      "geometry": {
        "type": "Polygon",
        "coordinates": [
          [
            [
              -50.7260864,
              -23.2029064
            ],
            [
              -50.7252799,
              -23.2034304
            ],
            [
              -50.7247222,
              -23.2027054
            ],
            [
              -50.7255287,
              -23.2021813
            ],
            [
              -50.7260864,
              -23.2029064
            ]
          ]
        ]
      },
      "id": "way/685262661"
    },
    {
      "type": "Feature",
      "properties": {
        "@id": "way/685265859",
        "amenity": "townhall",
        "building": "no",
        "name": "Sub Prefeitura Municipal de Congonhas"
      },
      "geometry": {
        "type": "Polygon",
        "coordinates": [
          [
            [
              -50.7242983,
              -23.203609
            ],
            [
              -50.7246467,
              -23.2040485
            ],
            [
              -50.7244896,
              -23.2041537
            ],
            [
              -50.7241412,
              -23.2037141
            ],
            [
              -50.7242983,
              -23.203609
            ]
          ]
        ]
      },
      "id": "way/685265859"
    },
    {
      "type": "Feature",
      "properties": {
        "@id": "way/685265860",
        "addr:city": "Distrito de Congonhas",
        "addr:postcode": "86305-000",
        "addr:street": "Avenida Paraná",
        "amenity": "clinic",
        "building": "yes",
        "healthcare": "clinic",
        "name": "Posto de Saúde Distrito de Congonhas"
      },
      "geometry": {
        "type": "Polygon",
        "coordinates": [
          [
            [
              -50.7244889,
              -23.203314
            ],
            [
              -50.7243358,
              -23.203108
            ],
            [
              -50.7244944,
              -23.2030071
            ],
            [
              -50.7246509,
              -23.2032108
            ],
            [
              -50.7244889,
              -23.203314
            ]
          ]
        ]
      },
      "id": "way/685265860"
    },
    {
      "type": "Feature",
      "properties": {
        "@id": "way/685265861",
        "addr:city": "Distrito de Congonhas",
        "addr:postcode": "86305-000",
        "addr:street": "Avenida Paraná",
        "amenity": "school",
        "name": "Centro Municipal de Educação Infantil Anjo Gabriel"
      },
      "geometry": {
        "type": "Polygon",
        "coordinates": [
          [
            [
              -50.7246637,
              -23.2031983
            ],
            [
              -50.7244395,
              -23.2029252
            ],
            [
              -50.7246151,
              -23.2028035
            ],
            [
              -50.7248393,
              -23.2030765
            ],
            [
              -50.7246637,
              -23.2031983
            ]
          ]
        ]
      },
      "id": "way/685265861"
    },
    {
      "type": "Feature",
      "properties": {
        "@id": "way/685825111",
        "addr:city": "Distrito de Congonhas",
        "addr:housenumber": "124",
        "addr:street": "Rua Minas Gerais",
        "amenity": "school",
        "email": "educacaocp@gmail.com",
        "name": "Escola Municipal de Educação Infantil e Ensino Fundamental- Edgard Galafassi",
        "phone": "+55 43 3560 1172"
      },
      "geometry": {
        "type": "Polygon",
        "coordinates": [
          [
            [
              -50.7234525,
              -23.2016736
            ],
            [
              -50.7236711,
              -23.201533
            ],
            [
              -50.7239623,
              -23.2019156
            ],
            [
              -50.7237436,
              -23.2020562
            ],
            [
              -50.7234525,
              -23.2016736
            ]
          ]
        ]
      },
      "id": "way/685825111"
    },
    {
      "type": "Feature",
      "properties": {
        "@id": "way/704936429",
        "leisure": "park"
      },
      "geometry": {
        "type": "Polygon",
        "coordinates": [
          [
            [
              -50.6685665,
              -23.1737279
            ],
            [
              -50.6690683,
              -23.1743979
            ],
            [
              -50.6687232,
              -23.1752135
            ],
            [
              -50.6675529,
              -23.1751017
            ],
            [
              -50.6677988,
              -23.1747795
            ],
            [
              -50.6685665,
              -23.1737279
            ]
          ]
        ]
      },
      "id": "way/704936429"
    },
    {
      "type": "Feature",
      "properties": {
        "@id": "way/823056570",
        "amenity": "parking"
      },
      "geometry": {
        "type": "Polygon",
        "coordinates": [
          [
            [
              -50.6279055,
              -23.1742497
            ],
            [
              -50.6277935,
              -23.1743176
            ],
            [
              -50.6277318,
              -23.1742177
            ],
            [
              -50.6277204,
              -23.1741768
            ],
            [
              -50.6277258,
              -23.1741258
            ],
            [
              -50.6277392,
              -23.1740747
            ],
            [
              -50.6277701,
              -23.1740513
            ],
            [
              -50.6278063,
              -23.1741043
            ],
            [
              -50.6278659,
              -23.1740506
            ],
            [
              -50.6279122,
              -23.1740334
            ],
            [
              -50.6279651,
              -23.1740288
            ],
            [
              -50.6280069,
              -23.1740402
            ],
            [
              -50.6280394,
              -23.1740687
            ],
            [
              -50.6280597,
              -23.1741493
            ],
            [
              -50.6279055,
              -23.1742497
            ]
          ]
        ]
      },
      "id": "way/823056570"
    },
    {
      "type": "Feature",
      "properties": {
        "@id": "way/918932987",
        "leisure": "park"
      },
      "geometry": {
        "type": "Polygon",
        "coordinates": [
          [
            [
              -50.6458139,
              -23.1726439
            ],
            [
              -50.6457803,
              -23.1725971
            ],
            [
              -50.645739,
              -23.1725559
            ],
            [
              -50.6456911,
              -23.1725211
            ],
            [
              -50.6456379,
              -23.1724937
            ],
            [
              -50.6455806,
              -23.1724744
            ],
            [
              -50.6455208,
              -23.1724637
            ],
            [
              -50.6454598,
              -23.1724617
            ],
            [
              -50.6453993,
              -23.1724687
            ],
            [
              -50.6453407,
              -23.1724843
            ],
            [
              -50.6452855,
              -23.1725083
            ],
            [
              -50.6452345,
              -23.1725405
            ],
            [
              -50.6451896,
              -23.1725798
            ],
            [
              -50.6451523,
              -23.1726252
            ],
            [
              -50.6451233,
              -23.1726755
            ],
            [
              -50.6451035,
              -23.1727295
            ],
            [
              -50.6450933,
              -23.1727857
            ],
            [
              -50.6450931,
              -23.1728426
            ],
            [
              -50.6451028,
              -23.1728989
            ],
            [
              -50.6452012,
              -23.1729945
            ],
            [
              -50.645223,
              -23.1730341
            ],
            [
              -50.6452529,
              -23.1730749
            ],
            [
              -50.6452617,
              -23.1730881
            ],
            [
              -50.6452873,
              -23.1731158
            ],
            [
              -50.6452988,
              -23.1731282
            ],
            [
              -50.645339,
              -23.1731459
            ],
            [
              -50.6453903,
              -23.1731598
            ],
            [
              -50.6453984,
              -23.173162
            ],
            [
              -50.6454567,
              -23.1731815
            ],
            [
              -50.6455162,
              -23.1732036
            ],
            [
              -50.6455543,
              -23.1732306
            ],
            [
              -50.6455633,
              -23.1732605
            ],
            [
              -50.645589,
              -23.1733466
            ],
            [
              -50.6457237,
              -23.1737966
            ],
            [
              -50.6457655,
              -23.173936
            ],
            [
              -50.6455038,
              -23.1739952
            ],
            [
              -50.6450643,
              -23.1740947
            ],
            [
              -50.6449074,
              -23.1741406
            ],
            [
              -50.644556,
              -23.1739828
            ],
            [
              -50.6445479,
              -23.1736154
            ],
            [
              -50.6445541,
              -23.1736045
            ],
            [
              -50.6447303,
              -23.1732924
            ],
            [
              -50.6449771,
              -23.1731642
            ],
            [
              -50.644902,
              -23.1729324
            ],
            [
              -50.6448913,
              -23.1726809
            ],
            [
              -50.6450173,
              -23.1724392
            ],
            [
              -50.6453043,
              -23.1722691
            ],
            [
              -50.6455565,
              -23.1722568
            ],
            [
              -50.6459025,
              -23.1723505
            ],
            [
              -50.6459749,
              -23.1726118
            ],
            [
              -50.6458139,
              -23.1726439
            ]
          ]
        ]
      },
      "id": "way/918932987"
    },
    {
      "type": "Feature",
      "properties": {
        "@id": "way/918932988",
        "leisure": "park"
      },
      "geometry": {
        "type": "Polygon",
        "coordinates": [
          [
            [
              -50.6455894,
              -23.1731138
            ],
            [
              -50.6454963,
              -23.1730663
            ],
            [
              -50.645414,
              -23.1730442
            ],
            [
              -50.6453394,
              -23.1730006
            ],
            [
              -50.6453186,
              -23.1729854
            ],
            [
              -50.645279,
              -23.1729453
            ],
            [
              -50.6452445,
              -23.1728846
            ],
            [
              -50.6452297,
              -23.1728165
            ],
            [
              -50.6452385,
              -23.1727401
            ],
            [
              -50.6452683,
              -23.1726768
            ],
            [
              -50.6453124,
              -23.1726271
            ],
            [
              -50.6453796,
              -23.1725849
            ],
            [
              -50.6454514,
              -23.1725645
            ],
            [
              -50.6455281,
              -23.1725636
            ],
            [
              -50.6456104,
              -23.1725869
            ],
            [
              -50.6456874,
              -23.1726404
            ],
            [
              -50.6457357,
              -23.1727099
            ],
            [
              -50.6457555,
              -23.1727847
            ],
            [
              -50.6457518,
              -23.1728479
            ],
            [
              -50.6457273,
              -23.172914
            ],
            [
              -50.6456534,
              -23.172996
            ],
            [
              -50.6456126,
              -23.1730506
            ],
            [
              -50.6455894,
              -23.1731138
            ]
          ]
        ]
      },
      "id": "way/918932988"
    },
    {
      "type": "Feature",
      "properties": {
        "@id": "way/1086709716",
        "leisure": "pitch",
        "surface": "sand"
      },
      "geometry": {
        "type": "Polygon",
        "coordinates": [
          [
            [
              -50.730976,
              -23.270004
            ],
            [
              -50.7309608,
              -23.2698274
            ],
            [
              -50.7312418,
              -23.2698116
            ],
            [
              -50.7312596,
              -23.2699807
            ],
            [
              -50.730976,
              -23.270004
            ]
          ]
        ]
      },
      "id": "way/1086709716"
    },
    {
      "type": "Feature",
      "properties": {
        "@id": "way/1087694466",
        "leisure": "pitch",
        "sport": "soccer",
        "surface": "grass"
      },
      "geometry": {
        "type": "Polygon",
        "coordinates": [
          [
            [
              -50.7316249,
              -23.2701415
            ],
            [
              -50.7317729,
              -23.2706454
            ],
            [
              -50.7313666,
              -23.270746
            ],
            [
              -50.7312186,
              -23.2702421
            ],
            [
              -50.7316249,
              -23.2701415
            ]
          ]
        ]
      },
      "id": "way/1087694466"
    },
    {
      "type": "Feature",
      "properties": {
        "@id": "way/1107192505",
        "leisure": "park",
        "name": "Praça"
      },
      "geometry": {
        "type": "Polygon",
        "coordinates": [
          [
            [
              -50.6275638,
              -23.1733163
            ],
            [
              -50.6274812,
              -23.1735615
            ],
            [
              -50.6274651,
              -23.1736077
            ],
            [
              -50.6274651,
              -23.1736243
            ],
            [
              -50.6276709,
              -23.1741187
            ],
            [
              -50.6276763,
              -23.1741791
            ],
            [
              -50.6276636,
              -23.1742167
            ],
            [
              -50.6275945,
              -23.1742741
            ],
            [
              -50.6270794,
              -23.1739933
            ],
            [
              -50.6270371,
              -23.1739421
            ],
            [
              -50.6270304,
              -23.1738879
            ],
            [
              -50.6270619,
              -23.1738404
            ],
            [
              -50.6276339,
              -23.1730803
            ],
            [
              -50.6276314,
              -23.1731158
            ],
            [
              -50.6275638,
              -23.1733163
            ]
          ]
        ]
      },
      "id": "way/1107192505"
    },
    {
      "type": "Feature",
      "properties": {
        "@id": "way/1128096355",
        "leisure": "pitch",
        "sport": "soccer"
      },
      "geometry": {
        "type": "Polygon",
        "coordinates": [
          [
            [
              -50.641403,
              -23.1836257
            ],
            [
              -50.6407397,
              -23.1835873
            ],
            [
              -50.6407562,
              -23.1833309
            ],
            [
              -50.6414131,
              -23.1833622
            ],
            [
              -50.641403,
              -23.1836257
            ]
          ]
        ]
      },
      "id": "way/1128096355"
    },
    {
      "type": "Feature",
      "properties": {
        "@id": "way/1128096356",
        "leisure": "pitch",
        "sport": "tennis"
      },
      "geometry": {
        "type": "Polygon",
        "coordinates": [
          [
            [
              -50.6419129,
              -23.1842007
            ],
            [
              -50.6418989,
              -23.184504
            ],
            [
              -50.6416996,
              -23.1844885
            ],
            [
              -50.6417324,
              -23.1841878
            ],
            [
              -50.6419129,
              -23.1842007
            ]
          ]
        ]
      },
      "id": "way/1128096356"
    },
    {
      "type": "Feature",
      "properties": {
        "@id": "way/1128096357",
        "leisure": "pitch",
        "sport": "tennis"
      },
      "geometry": {
        "type": "Polygon",
        "coordinates": [
          [
            [
              -50.6415439,
              -23.1841731
            ],
            [
              -50.6417324,
              -23.1841878
            ],
            [
              -50.6416996,
              -23.1844885
            ],
            [
              -50.6415165,
              -23.1844764
            ],
            [
              -50.6415439,
              -23.1841731
            ]
          ]
        ]
      },
      "id": "way/1128096357"
    },
    {
      "type": "Feature",
      "properties": {
        "@id": "way/1128100263",
        "leisure": "pitch"
      },
      "geometry": {
        "type": "Polygon",
        "coordinates": [
          [
            [
              -50.660874,
              -23.1738781
            ],
            [
              -50.6608378,
              -23.1740821
            ],
            [
              -50.6604547,
              -23.1740247
            ],
            [
              -50.6604909,
              -23.1738208
            ],
            [
              -50.660874,
              -23.1738781
            ]
          ]
        ]
      },
      "id": "way/1128100263"
    },
    {
      "type": "Feature",
      "properties": {
        "@id": "way/1128103339",
        "amenity": "university"
      },
      "geometry": {
        "type": "Polygon",
        "coordinates": [
          [
            [
              -50.6710139,
              -23.1731591
            ],
            [
              -50.6707363,
              -23.1742589
            ],
            [
              -50.670546,
              -23.1742183
            ],
            [
              -50.6708239,
              -23.1731186
            ],
            [
              -50.6710139,
              -23.1731591
            ]
          ]
        ]
      },
      "id": "way/1128103339"
    },
    {
      "type": "Feature",
      "properties": {
        "@id": "way/1128103340",
        "amenity": "university"
      },
      "geometry": {
        "type": "Polygon",
        "coordinates": [
          [
            [
              -50.6707168,
              -23.1732056
            ],
            [
              -50.6703001,
              -23.1748322
            ],
            [
              -50.6701024,
              -23.1747894
            ],
            [
              -50.6705194,
              -23.1731629
            ],
            [
              -50.6707168,
              -23.1732056
            ]
          ]
        ]
      },
      "id": "way/1128103340"
    },
    {
      "type": "Feature",
      "properties": {
        "@id": "way/1128103341",
        "amenity": "university"
      },
      "geometry": {
        "type": "Polygon",
        "coordinates": [
          [
            [
              -50.6701637,
              -23.173617
            ],
            [
              -50.6701299,
              -23.173747
            ],
            [
              -50.6694769,
              -23.173604
            ],
            [
              -50.6695107,
              -23.1734738
            ],
            [
              -50.6701637,
              -23.173617
            ]
          ]
        ]
      },
      "id": "way/1128103341"
    },
    {
      "type": "Feature",
      "properties": {
        "@id": "way/1128103342",
        "amenity": "university"
      },
      "geometry": {
        "type": "Polygon",
        "coordinates": [
          [
            [
              -50.6700966,
              -23.1739693
            ],
            [
              -50.6700602,
              -23.1740974
            ],
            [
              -50.6694023,
              -23.1739399
            ],
            [
              -50.6694386,
              -23.1738116
            ],
            [
              -50.6700966,
              -23.1739693
            ]
          ]
        ]
      },
      "id": "way/1128103342"
    },
    {
      "type": "Feature",
      "properties": {
        "@id": "way/1128103343",
        "amenity": "university"
      },
      "geometry": {
        "type": "Polygon",
        "coordinates": [
          [
            [
              -50.6700005,
              -23.1742813
            ],
            [
              -50.6699691,
              -23.1744164
            ],
            [
              -50.6693019,
              -23.1742852
            ],
            [
              -50.6693333,
              -23.1741502
            ],
            [
              -50.6700005,
              -23.1742813
            ]
          ]
        ]
      },
      "id": "way/1128103343"
    },
    {
      "type": "Feature",
      "properties": {
        "@id": "way/1128103344",
        "amenity": "university"
      },
      "geometry": {
        "type": "Polygon",
        "coordinates": [
          [
            [
              -50.6699089,
              -23.1746193
            ],
            [
              -50.6698792,
              -23.1747554
            ],
            [
              -50.6692185,
              -23.1746336
            ],
            [
              -50.6692481,
              -23.1744976
            ],
            [
              -50.6699089,
              -23.1746193
            ]
          ]
        ]
      },
      "id": "way/1128103344"
    },
    {
      "type": "Feature",
      "properties": {
        "@id": "way/1128103345",
        "amenity": "university"
      },
      "geometry": {
        "type": "Polygon",
        "coordinates": [
          [
            [
              -50.6698211,
              -23.1749764
            ],
            [
              -50.6697931,
              -23.1750906
            ],
            [
              -50.6691666,
              -23.1749611
            ],
            [
              -50.6691946,
              -23.1748467
            ],
            [
              -50.6698211,
              -23.1749764
            ]
          ]
        ]
      },
      "id": "way/1128103345"
    },
    {
      "type": "Feature",
      "properties": {
        "@id": "way/1128103346",
        "amenity": "university"
      },
      "geometry": {
        "type": "Polygon",
        "coordinates": [
          [
            [
              -50.6697281,
              -23.1752789
            ],
            [
              -50.669694,
              -23.1754199
            ],
            [
              -50.6690991,
              -23.1752983
            ],
            [
              -50.6691331,
              -23.1751574
            ],
            [
              -50.6697281,
              -23.1752789
            ]
          ]
        ]
      },
      "id": "way/1128103346"
    },
    {
      "type": "Feature",
      "properties": {
        "@id": "way/1128103347",
        "amenity": "university"
      },
      "geometry": {
        "type": "Polygon",
        "coordinates": [
          [
            [
              -50.6694516,
              -23.1753896
            ],
            [
              -50.669436,
              -23.1754485
            ],
            [
              -50.669515,
              -23.1754662
            ],
            [
              -50.6694918,
              -23.1755538
            ],
            [
              -50.6694229,
              -23.1755384
            ],
            [
              -50.6694089,
              -23.175591
            ],
            [
              -50.6690801,
              -23.1755173
            ],
            [
              -50.6691131,
              -23.1753925
            ],
            [
              -50.6693703,
              -23.1754501
            ],
            [
              -50.66939,
              -23.1753758
            ],
            [
              -50.6694516,
              -23.1753896
            ]
          ]
        ]
      },
      "id": "way/1128103347"
    },
    {
      "type": "Feature",
      "properties": {
        "@id": "way/1128103348",
        "amenity": "university"
      },
      "geometry": {
        "type": "Polygon",
        "coordinates": [
          [
            [
              -50.6684921,
              -23.1754983
            ],
            [
              -50.668418,
              -23.1757834
            ],
            [
              -50.6682339,
              -23.175743
            ],
            [
              -50.6683081,
              -23.1754579
            ],
            [
              -50.6684921,
              -23.1754983
            ]
          ]
        ]
      },
      "id": "way/1128103348"
    },
    {
      "type": "Feature",
      "properties": {
        "@id": "way/1128103349",
        "amenity": "university"
      },
      "geometry": {
        "type": "Polygon",
        "coordinates": [
          [
            [
              -50.6689646,
              -23.175679
            ],
            [
              -50.6689428,
              -23.1757725
            ],
            [
              -50.6687659,
              -23.1757376
            ],
            [
              -50.6687412,
              -23.1758277
            ],
            [
              -50.6686894,
              -23.1758166
            ],
            [
              -50.6687021,
              -23.1757668
            ],
            [
              -50.6685406,
              -23.1757375
            ],
            [
              -50.6685724,
              -23.1756015
            ],
            [
              -50.6689646,
              -23.175679
            ]
          ]
        ]
      },
      "id": "way/1128103349"
    },
    {
      "type": "Feature",
      "properties": {
        "@id": "way/1128113703",
        "amenity": "school"
      },
      "geometry": {
        "type": "Polygon",
        "coordinates": [
          [
            [
              -50.6639981,
              -23.1937587
            ],
            [
              -50.6639344,
              -23.1937874
            ],
            [
              -50.6640072,
              -23.1939244
            ],
            [
              -50.6635616,
              -23.1941244
            ],
            [
              -50.6634905,
              -23.1939907
            ],
            [
              -50.6635742,
              -23.1939531
            ],
            [
              -50.6634741,
              -23.1937648
            ],
            [
              -50.6637685,
              -23.1936326
            ],
            [
              -50.6637896,
              -23.1936723
            ],
            [
              -50.6639209,
              -23.1936134
            ],
            [
              -50.6639981,
              -23.1937587
            ]
          ]
        ]
      },
      "id": "way/1128113703"
    },
    {
      "type": "Feature",
      "properties": {
        "@id": "way/1128113705",
        "amenity": "university",
        "name": "Campus FACCREI - Jardim Bandeirantes",
        "operator": "FACCREI"
      },
      "geometry": {
        "type": "Polygon",
        "coordinates": [
          [
            [
              -50.6612935,
              -23.1882899
            ],
            [
              -50.6612157,
              -23.1889113
            ],
            [
              -50.6607732,
              -23.1888003
            ],
            [
              -50.6604433,
              -23.1886006
            ],
            [
              -50.6605023,
              -23.1882135
            ],
            [
              -50.6612935,
              -23.1882899
            ]
          ]
        ]
      },
      "id": "way/1128113705"
    },
    {
      "type": "Feature",
      "properties": {
        "@id": "way/1128113802",
        "leisure": "pitch"
      },
      "geometry": {
        "type": "Polygon",
        "coordinates": [
          [
            [
              -50.6620942,
              -23.1850056
            ],
            [
              -50.6620551,
              -23.1852674
            ],
            [
              -50.6618763,
              -23.1852448
            ],
            [
              -50.6619154,
              -23.184983
            ],
            [
              -50.6620942,
              -23.1850056
            ]
          ]
        ]
      },
      "id": "way/1128113802"
    },
    {
      "type": "Feature",
      "properties": {
        "@id": "way/1128114915",
        "amenity": "parking",
        "operator": "Central Car"
      },
      "geometry": {
        "type": "Polygon",
        "coordinates": [
          [
            [
              -50.6503242,
              -23.1822153
            ],
            [
              -50.6502974,
              -23.1825364
            ],
            [
              -50.6499093,
              -23.182509
            ],
            [
              -50.6499362,
              -23.1821879
            ],
            [
              -50.6503242,
              -23.1822153
            ]
          ]
        ]
      },
      "id": "way/1128114915"
    },
    {
      "type": "Feature",
      "properties": {
        "@id": "way/1128114917",
        "leisure": "park",
        "name": "Praça das Camelias"
      },
      "geometry": {
        "type": "Polygon",
        "coordinates": [
          [
            [
              -50.6231748,
              -23.1718906
            ],
            [
              -50.6236253,
              -23.1724738
            ],
            [
              -50.6234591,
              -23.172941
            ],
            [
              -50.6232995,
              -23.1730051
            ],
            [
              -50.6229427,
              -23.1729521
            ],
            [
              -50.6223406,
              -23.1728239
            ],
            [
              -50.6220865,
              -23.1727746
            ],
            [
              -50.6220898,
              -23.1724959
            ],
            [
              -50.6221475,
              -23.1722814
            ],
            [
              -50.6223299,
              -23.1721224
            ],
            [
              -50.6225847,
              -23.1719941
            ],
            [
              -50.6231748,
              -23.1718906
            ]
          ]
        ]
      },
      "id": "way/1128114917"
    },
    {
      "type": "Feature",
      "properties": {
        "@id": "way/1128114918",
        "leisure": "pitch",
        "sport": "soccer"
      },
      "geometry": {
        "type": "Polygon",
        "coordinates": [
          [
            [
              -50.6232013,
              -23.1721375
            ],
            [
              -50.6230607,
              -23.1727791
            ],
            [
              -50.6225918,
              -23.1726922
            ],
            [
              -50.6227325,
              -23.1720507
            ],
            [
              -50.6232013,
              -23.1721375
            ]
          ]
        ]
      },
      "id": "way/1128114918"
    },
    {
      "type": "Feature",
      "properties": {
        "@id": "way/1128114919",
        "leisure": "pitch"
      },
      "geometry": {
        "type": "Polygon",
        "coordinates": [
          [
            [
              -50.6226533,
              -23.172267
            ],
            [
              -50.6225664,
              -23.1727211
            ],
            [
              -50.6222853,
              -23.1726757
            ],
            [
              -50.6223722,
              -23.1722216
            ],
            [
              -50.6226533,
              -23.172267
            ]
          ]
        ]
      },
      "id": "way/1128114919"
    },
    {
      "type": "Feature",
      "properties": {
        "@id": "way/1128379465",
        "leisure": "park"
      },
      "geometry": {
        "type": "Polygon",
        "coordinates": [
          [
            [
              -50.6426695,
              -23.1864997
            ],
            [
              -50.6425883,
              -23.1872403
            ],
            [
              -50.6420896,
              -23.1871822
            ],
            [
              -50.6422002,
              -23.1864608
            ],
            [
              -50.6426695,
              -23.1864997
            ]
          ]
        ]
      },
      "id": "way/1128379465"
    },
    {
      "type": "Feature",
      "properties": {
        "@id": "way/1128379466",
        "addr:city": "Conélio Procópio",
        "addr:housenumber": "300",
        "addr:postcode": "86300-000",
        "addr:street": "Rua Antônio Paiva Júnior",
        "addr:suburb": "Jardim Estoril",
        "amenity": "school",
        "name": "CEEFM Monteiro Lobato"
      },
      "geometry": {
        "type": "Polygon",
        "coordinates": [
          [
            [
              -50.6426695,
              -23.1864997
            ],
            [
              -50.6444175,
              -23.1866615
            ],
            [
              -50.6443362,
              -23.1874024
            ],
            [
              -50.6425883,
              -23.1872403
            ],
            [
              -50.6426695,
              -23.1864997
            ]
          ]
        ]
      },
      "id": "way/1128379466"
    },
    {
      "type": "Feature",
      "properties": {
        "@id": "way/1315067151",
        "amenity": "school",
        "name": "Escola Rui Barbosa"
      },
      "geometry": {
        "type": "Polygon",
        "coordinates": [
          [
            [
              -50.6486396,
              -23.1773205
            ],
            [
              -50.6486576,
              -23.1773837
            ],
            [
              -50.6486911,
              -23.177385
            ],
            [
              -50.6487155,
              -23.1774661
            ],
            [
              -50.6479617,
              -23.1776577
            ],
            [
              -50.6479095,
              -23.1774841
            ],
            [
              -50.6479843,
              -23.1774651
            ],
            [
              -50.6479951,
              -23.1774688
            ],
            [
              -50.648203,
              -23.1774199
            ],
            [
              -50.6481744,
              -23.1773172
            ],
            [
              -50.6482514,
              -23.1772991
            ],
            [
              -50.6481837,
              -23.1770557
            ],
            [
              -50.6482932,
              -23.1770299
            ],
            [
              -50.6483878,
              -23.1773699
            ],
            [
              -50.6484002,
              -23.1773781
            ],
            [
              -50.6486396,
              -23.1773205
            ]
          ]
        ]
      },
      "id": "way/1315067151"
    },
    {
      "type": "Feature",
      "properties": {
        "@id": "way/1497681537",
        "amenity": "parking"
      },
      "geometry": {
        "type": "Polygon",
        "coordinates": [
          [
            [
              -50.649716,
              -23.1872729
            ],
            [
              -50.6496727,
              -23.1877079
            ],
            [
              -50.6492896,
              -23.1876784
            ],
            [
              -50.6493368,
              -23.1872449
            ],
            [
              -50.649716,
              -23.1872729
            ]
          ]
        ]
      },
      "id": "way/1497681537"
    },
    {
      "type": "Feature",
      "properties": {
        "@id": "way/1497684894",
        "leisure": "playground"
      },
      "geometry": {
        "type": "Polygon",
        "coordinates": [
          [
            [
              -50.6420637,
              -23.181441
            ],
            [
              -50.6421092,
              -23.1814524
            ],
            [
              -50.6421699,
              -23.1814828
            ],
            [
              -50.6422402,
              -23.1815196
            ],
            [
              -50.6423057,
              -23.1815582
            ],
            [
              -50.6423471,
              -23.1815931
            ],
            [
              -50.6423608,
              -23.1816324
            ],
            [
              -50.6423629,
              -23.1816539
            ],
            [
              -50.6423257,
              -23.1816628
            ],
            [
              -50.6422967,
              -23.1816768
            ],
            [
              -50.6422864,
              -23.1816989
            ],
            [
              -50.6422816,
              -23.1817224
            ],
            [
              -50.6422595,
              -23.1817306
            ],
            [
              -50.642234,
              -23.1816672
            ],
            [
              -50.642194,
              -23.1816058
            ],
            [
              -50.6421361,
              -23.1815519
            ],
            [
              -50.6420878,
              -23.1815145
            ],
            [
              -50.6420306,
              -23.181493
            ],
            [
              -50.6420237,
              -23.181474
            ],
            [
              -50.6420389,
              -23.1814461
            ],
            [
              -50.6420637,
              -23.181441
            ]
          ]
        ]
      },
      "id": "way/1497684894"
    },
    {
      "type": "Feature",
      "properties": {
        "@id": "way/1497684895",
        "amenity": "parking"
      },
      "geometry": {
        "type": "Polygon",
        "coordinates": [
          [
            [
              -50.6423716,
              -23.1820216
            ],
            [
              -50.6425798,
              -23.1821097
            ],
            [
              -50.6425557,
              -23.1821414
            ],
            [
              -50.642544,
              -23.1821858
            ],
            [
              -50.6425357,
              -23.1822098
            ],
            [
              -50.6424992,
              -23.1822485
            ],
            [
              -50.6424523,
              -23.182291
            ],
            [
              -50.6424185,
              -23.1823245
            ],
            [
              -50.642391,
              -23.1823448
            ],
            [
              -50.6423144,
              -23.1823169
            ],
            [
              -50.6423241,
              -23.1822643
            ],
            [
              -50.642342,
              -23.1821579
            ],
            [
              -50.6423565,
              -23.1820634
            ],
            [
              -50.6423716,
              -23.1820216
            ]
          ]
        ]
      },
      "id": "way/1497684895"
    },
    {
      "type": "Feature",
      "properties": {
        "@id": "way/1497684900",
        "leisure": "pitch"
      },
      "geometry": {
        "type": "Polygon",
        "coordinates": [
          [
            [
              -50.6425813,
              -23.18161
            ],
            [
              -50.6425556,
              -23.181703
            ],
            [
              -50.642388,
              -23.181659
            ],
            [
              -50.6424096,
              -23.1815682
            ],
            [
              -50.6425813,
              -23.18161
            ]
          ]
        ]
      },
      "id": "way/1497684900"
    },
    {
      "type": "Feature",
      "properties": {
        "@id": "way/1497689119",
        "leisure": "pitch",
        "sport": "equestrian"
      },
      "geometry": {
        "type": "Polygon",
        "coordinates": [
          [
            [
              -50.6718494,
              -23.1737381
            ],
            [
              -50.6719697,
              -23.1737809
            ],
            [
              -50.6720143,
              -23.1739681
            ],
            [
              -50.6720084,
              -23.1740198
            ],
            [
              -50.6719328,
              -23.1740643
            ],
            [
              -50.6715062,
              -23.1742551
            ],
            [
              -50.6713802,
              -23.1740073
            ],
            [
              -50.6716865,
              -23.1738308
            ],
            [
              -50.6718494,
              -23.1737381
            ]
          ]
        ]
      },
      "id": "way/1497689119"
    },
    {
      "type": "Feature",
      "properties": {
        "@id": "way/1497689120",
        "leisure": "pitch"
      },
      "geometry": {
        "type": "Polygon",
        "coordinates": [
          [
            [
              -50.6684794,
              -23.1757613
            ],
            [
              -50.6687234,
              -23.1758109
            ],
            [
              -50.6686584,
              -23.1760726
            ],
            [
              -50.6684096,
              -23.1760207
            ],
            [
              -50.6684794,
              -23.1757613
            ]
          ]
        ]
      },
      "id": "way/1497689120"
    },
    {
      "type": "Feature",
      "properties": {
        "@id": "way/1497770668",
        "amenity": "school",
        "education": "school",
        "name": "Manuel Da Nobrega, E E Pe-Ef"
      },
      "geometry": {
        "type": "Polygon",
        "coordinates": [
          [
            [
              -50.6588705,
              -23.1994754
            ],
            [
              -50.6594088,
              -23.2004732
            ],
            [
              -50.6589666,
              -23.2006518
            ],
            [
              -50.6589011,
              -23.2005336
            ],
            [
              -50.6587542,
              -23.200268
            ],
            [
              -50.6584394,
              -23.1996992
            ],
            [
              -50.6588705,
              -23.1994754
            ]
          ]
        ]
      },
      "id": "way/1497770668"
    },
    {
      "type": "Feature",
      "properties": {
        "@id": "way/1497770670",
        "leisure": "pitch"
      },
      "geometry": {
        "type": "Polygon",
        "coordinates": [
          [
            [
              -50.6589207,
              -23.2001919
            ],
            [
              -50.6590737,
              -23.2004485
            ],
            [
              -50.6589011,
              -23.2005336
            ],
            [
              -50.6587542,
              -23.200268
            ],
            [
              -50.6589207,
              -23.2001919
            ]
          ]
        ]
      },
      "id": "way/1497770670"
    },
    {
      "type": "Feature",
      "properties": {
        "@id": "way/1497775763",
        "leisure": "park"
      },
      "geometry": {
        "type": "Polygon",
        "coordinates": [
          [
            [
              -50.6614582,
              -23.193515
            ],
            [
              -50.6615906,
              -23.1935861
            ],
            [
              -50.6615957,
              -23.1935991
            ],
            [
              -50.6615911,
              -23.1936102
            ],
            [
              -50.6615684,
              -23.1936209
            ],
            [
              -50.661436,
              -23.1936599
            ],
            [
              -50.6614122,
              -23.1936669
            ],
            [
              -50.6614021,
              -23.1936585
            ],
            [
              -50.6614264,
              -23.1935377
            ],
            [
              -50.6614345,
              -23.1935215
            ],
            [
              -50.6614461,
              -23.1935127
            ],
            [
              -50.6614582,
              -23.193515
            ]
          ]
        ]
      },
      "id": "way/1497775763"
    },
    {
      "type": "Feature",
      "properties": {
        "@id": "way/1497801890",
        "leisure": "park"
      },
      "geometry": {
        "type": "Polygon",
        "coordinates": [
          [
            [
              -50.6412389,
              -23.1847801
            ],
            [
              -50.6412342,
              -23.1849429
            ],
            [
              -50.6405672,
              -23.1848029
            ],
            [
              -50.6405778,
              -23.1847009
            ],
            [
              -50.6412389,
              -23.1847801
            ]
          ]
        ]
      },
      "id": "way/1497801890"
    },
    {
      "type": "Feature",
      "properties": {
        "@id": "way/1497801891",
        "leisure": "park"
      },
      "geometry": {
        "type": "Polygon",
        "coordinates": [
          [
            [
              -50.6404374,
              -23.1846835
            ],
            [
              -50.6404291,
              -23.1847747
            ],
            [
              -50.6400856,
              -23.184703
            ],
            [
              -50.6400383,
              -23.1846477
            ],
            [
              -50.6404374,
              -23.1846835
            ]
          ]
        ]
      },
      "id": "way/1497801891"
    },
    {
      "type": "Feature",
      "properties": {
        "@id": "way/1497802590",
        "leisure": "pitch",
        "name": "Campo e Pista de Atletismo da UTFPR"
      },
      "geometry": {
        "type": "Polygon",
        "coordinates": [
          [
            [
              -50.6586555,
              -23.1863922
            ],
            [
              -50.6585203,
              -23.1863775
            ],
            [
              -50.6584927,
              -23.1866842
            ],
            [
              -50.6575965,
              -23.186617
            ],
            [
              -50.6577536,
              -23.1850308
            ],
            [
              -50.6588002,
              -23.1851257
            ],
            [
              -50.6586555,
              -23.1863922
            ]
          ]
        ]
      },
      "id": "way/1497802590"
    },
    {
      "type": "Feature",
      "properties": {
        "@id": "way/1497816608",
        "amenity": "school",
        "education": "school"
      },
      "geometry": {
        "type": "Polygon",
        "coordinates": [
          [
            [
              -50.6589957,
              -23.1708712
            ],
            [
              -50.6590067,
              -23.1711424
            ],
            [
              -50.6588344,
              -23.1711716
            ],
            [
              -50.6587199,
              -23.1712464
            ],
            [
              -50.6586564,
              -23.1712746
            ],
            [
              -50.6585545,
              -23.1713199
            ],
            [
              -50.658309,
              -23.1713896
            ],
            [
              -50.6581408,
              -23.1714238
            ],
            [
              -50.6580484,
              -23.1714315
            ],
            [
              -50.6578609,
              -23.1715138
            ],
            [
              -50.6577685,
              -23.171543
            ],
            [
              -50.6576279,
              -23.1715709
            ],
            [
              -50.6575755,
              -23.1715874
            ],
            [
              -50.6573149,
              -23.1713985
            ],
            [
              -50.6572653,
              -23.1713693
            ],
            [
              -50.6571619,
              -23.1713161
            ],
            [
              -50.6571439,
              -23.1713047
            ],
            [
              -50.6572667,
              -23.1711031
            ],
            [
              -50.6575148,
              -23.1709067
            ],
            [
              -50.6576762,
              -23.1709016
            ],
            [
              -50.6580512,
              -23.1709003
            ],
            [
              -50.6586496,
              -23.1708915
            ],
            [
              -50.6587282,
              -23.1708991
            ],
            [
              -50.6587792,
              -23.1709079
            ],
            [
              -50.6588592,
              -23.170861
            ],
            [
              -50.6589957,
              -23.1708712
            ]
          ]
        ]
      },
      "id": "way/1497816608"
    },
    {
      "type": "Feature",
      "properties": {
        "@id": "way/1497816620",
        "amenity": "parking"
      },
      "geometry": {
        "type": "Polygon",
        "coordinates": [
          [
            [
              -50.642896,
              -23.1755975
            ],
            [
              -50.642766,
              -23.1758434
            ],
            [
              -50.6424264,
              -23.1751719
            ],
            [
              -50.6426308,
              -23.1752721
            ],
            [
              -50.6427355,
              -23.1753258
            ],
            [
              -50.6428377,
              -23.1753604
            ],
            [
              -50.6428829,
              -23.1753666
            ],
            [
              -50.6428872,
              -23.1754198
            ],
            [
              -50.642896,
              -23.1754961
            ],
            [
              -50.6429145,
              -23.1755523
            ],
            [
              -50.6429309,
              -23.1755694
            ],
            [
              -50.642896,
              -23.1755975
            ]
          ]
        ]
      },
      "id": "way/1497816620"
    },
    {
      "type": "Feature",
      "properties": {
        "@id": "way/1497816621",
        "leisure": "playground"
      },
      "geometry": {
        "type": "Polygon",
        "coordinates": [
          [
            [
              -50.6455162,
              -23.1732036
            ],
            [
              -50.6455543,
              -23.1732306
            ],
            [
              -50.6455205,
              -23.1732639
            ],
            [
              -50.6454504,
              -23.173285
            ],
            [
              -50.6452909,
              -23.173323
            ],
            [
              -50.6452217,
              -23.1732393
            ],
            [
              -50.6451566,
              -23.1731309
            ],
            [
              -50.6452617,
              -23.1730881
            ],
            [
              -50.6452873,
              -23.1731158
            ],
            [
              -50.6452988,
              -23.1731282
            ],
            [
              -50.6453903,
              -23.1731598
            ],
            [
              -50.6454567,
              -23.1731815
            ],
            [
              -50.6455162,
              -23.1732036
            ]
          ]
        ]
      },
      "id": "way/1497816621"
    },
    {
      "type": "Feature",
      "properties": {
        "@id": "way/1497816622",
        "leisure": "pitch",
        "sport": "skateboard"
      },
      "geometry": {
        "type": "Polygon",
        "coordinates": [
          [
            [
              -50.6455633,
              -23.1732605
            ],
            [
              -50.645589,
              -23.1733466
            ],
            [
              -50.6455862,
              -23.1733666
            ],
            [
              -50.6455818,
              -23.1733897
            ],
            [
              -50.6455673,
              -23.1734106
            ],
            [
              -50.6455489,
              -23.1734291
            ],
            [
              -50.6455122,
              -23.1734495
            ],
            [
              -50.6454715,
              -23.1734721
            ],
            [
              -50.6454521,
              -23.1734849
            ],
            [
              -50.6454494,
              -23.1734953
            ],
            [
              -50.645443,
              -23.1735025
            ],
            [
              -50.6454339,
              -23.1735074
            ],
            [
              -50.6454231,
              -23.1735063
            ],
            [
              -50.6454125,
              -23.1735037
            ],
            [
              -50.6454059,
              -23.1734982
            ],
            [
              -50.6454037,
              -23.1734891
            ],
            [
              -50.6454047,
              -23.1734772
            ],
            [
              -50.6453636,
              -23.1734367
            ],
            [
              -50.645319,
              -23.1733462
            ],
            [
              -50.6453602,
              -23.1733344
            ],
            [
              -50.6454882,
              -23.1732976
            ],
            [
              -50.6455467,
              -23.1732766
            ],
            [
              -50.6455633,
              -23.1732605
            ]
          ]
        ]
      },
      "id": "way/1497816622"
    },
    {
      "type": "Feature",
      "properties": {
        "@id": "way/1497817423",
        "amenity": "school",
        "education": "school",
        "name": "Escola Municipal Padre Antônio Lock"
      },
      "geometry": {
        "type": "Polygon",
        "coordinates": [
          [
            [
              -50.6533466,
              -23.1752482
            ],
            [
              -50.6530697,
              -23.1756548
            ],
            [
              -50.6524844,
              -23.1753693
            ],
            [
              -50.6521181,
              -23.1751784
            ],
            [
              -50.6524911,
              -23.1747225
            ],
            [
              -50.6525291,
              -23.174702
            ],
            [
              -50.6525894,
              -23.1747245
            ],
            [
              -50.6533466,
              -23.1752482
            ]
          ]
        ]
      },
      "id": "way/1497817423"
    },
    {
      "type": "Feature",
      "properties": {
        "@id": "way/1497818126",
        "amenity": "university",
        "education": "university"
      },
      "geometry": {
        "type": "Polygon",
        "coordinates": [
          [
            [
              -50.6702248,
              -23.1732678
            ],
            [
              -50.6701985,
              -23.1734008
            ],
            [
              -50.6699077,
              -23.1733431
            ],
            [
              -50.6699398,
              -23.1732141
            ],
            [
              -50.6702248,
              -23.1732678
            ]
          ]
        ]
      },
      "id": "way/1497818126"
    },
    {
      "type": "Feature",
      "properties": {
        "@id": "way/1497818129",
        "amenity": "police",
        "building": "yes",
        "name": "2º COMANDO REGIONAL - 18º BATALHÃO DA POLÍCIA MILITAR",
        "operator": "Polícia Militar do Paraná",
        "operator:short": "PMPR",
        "operator:wikidata": "Q1144660"
      },
      "geometry": {
        "type": "Polygon",
        "coordinates": [
          [
            [
              -50.6506638,
              -23.1840994
            ],
            [
              -50.6506796,
              -23.1839895
            ],
            [
              -50.6509394,
              -23.1840124
            ],
            [
              -50.650927,
              -23.1841169
            ],
            [
              -50.6506638,
              -23.1840994
            ]
          ]
        ]
      },
      "id": "way/1497818129"
    },
    {
      "type": "Feature",
      "properties": {
        "@id": "way/1497818130",
        "leisure": "park"
      },
      "geometry": {
        "type": "Polygon",
        "coordinates": [
          [
            [
              -50.623505,
              -23.1733365
            ],
            [
              -50.6236757,
              -23.1735674
            ],
            [
              -50.6236922,
              -23.1736302
            ],
            [
              -50.6236801,
              -23.1736788
            ],
            [
              -50.6236305,
              -23.1737041
            ],
            [
              -50.6235843,
              -23.1737284
            ],
            [
              -50.6235292,
              -23.1737881
            ],
            [
              -50.6234972,
              -23.1738246
            ],
            [
              -50.6234091,
              -23.1738266
            ],
            [
              -50.6233651,
              -23.1738104
            ],
            [
              -50.6233359,
              -23.173776
            ],
            [
              -50.6233893,
              -23.1736352
            ],
            [
              -50.6234378,
              -23.1735228
            ],
            [
              -50.6234422,
              -23.1734327
            ],
            [
              -50.6234488,
              -23.1733689
            ],
            [
              -50.6234697,
              -23.1733223
            ],
            [
              -50.623505,
              -23.1733365
            ]
          ]
        ]
      },
      "id": "way/1497818130"
    },
    {
      "type": "Feature",
      "properties": {
        "@id": "way/1497818470",
        "amenity": "school",
        "education": "school",
        "name": "Irma Pia Gioconda Veira"
      },
      "geometry": {
        "type": "Polygon",
        "coordinates": [
          [
            [
              -50.6655498,
              -23.1804501
            ],
            [
              -50.6655359,
              -23.1804869
            ],
            [
              -50.665381,
              -23.1805374
            ],
            [
              -50.665345,
              -23.1805151
            ],
            [
              -50.6652929,
              -23.1803971
            ],
            [
              -50.6653034,
              -23.1803594
            ],
            [
              -50.6654507,
              -23.1803059
            ],
            [
              -50.6654972,
              -23.1803284
            ],
            [
              -50.6655498,
              -23.1804501
            ]
          ]
        ]
      },
      "id": "way/1497818470"
    },
    {
      "type": "Feature",
      "properties": {
        "@id": "way/1497818472",
        "amenity": "university",
        "name": "Colégio Vila Militar"
      },
      "geometry": {
        "type": "Polygon",
        "coordinates": [
          [
            [
              -50.6612983,
              -23.188291
            ],
            [
              -50.6612205,
              -23.1889124
            ],
            [
              -50.660778,
              -23.1888014
            ],
            [
              -50.6604481,
              -23.1886017
            ],
            [
              -50.6605071,
              -23.1882146
            ],
            [
              -50.6612983,
              -23.188291
            ]
          ]
        ]
      },
      "id": "way/1497818472"
    },
    {
      "type": "Feature",
      "properties": {
        "@id": "way/1497821331",
        "amenity": "parking"
      },
      "geometry": {
        "type": "Polygon",
        "coordinates": [
          [
            [
              -50.6081025,
              -23.1563321
            ],
            [
              -50.6077668,
              -23.1560721
            ],
            [
              -50.6078763,
              -23.1559427
            ],
            [
              -50.6079367,
              -23.1559914
            ],
            [
              -50.6080904,
              -23.1558316
            ],
            [
              -50.6081611,
              -23.1559277
            ],
            [
              -50.6083422,
              -23.1560787
            ],
            [
              -50.6083216,
              -23.1561049
            ],
            [
              -50.6081025,
              -23.1563321
            ]
          ]
        ]
      },
      "id": "way/1497821331"
    },
    {
      "type": "Feature",
      "properties": {
        "@id": "way/1497821340",
        "amenity": "parking"
      },
      "geometry": {
        "type": "Polygon",
        "coordinates": [
          [
            [
              -50.5951675,
              -23.1470665
            ],
            [
              -50.595322,
              -23.1471951
            ],
            [
              -50.5951727,
              -23.1473468
            ],
            [
              -50.5952779,
              -23.1474344
            ],
            [
              -50.5950744,
              -23.1476411
            ],
            [
              -50.5949821,
              -23.1475643
            ],
            [
              -50.5947719,
              -23.1477779
            ],
            [
              -50.5946046,
              -23.1476387
            ],
            [
              -50.5951675,
              -23.1470665
            ]
          ]
        ]
      },
      "id": "way/1497821340"
    },
    {
      "type": "Feature",
      "properties": {
        "@id": "way/1497821342",
        "amenity": "parking"
      },
      "geometry": {
        "type": "Polygon",
        "coordinates": [
          [
            [
              -50.5954364,
              -23.147276
            ],
            [
              -50.5955621,
              -23.1473699
            ],
            [
              -50.5954273,
              -23.1475225
            ],
            [
              -50.5953016,
              -23.1474287
            ],
            [
              -50.5954364,
              -23.147276
            ]
          ]
        ]
      },
      "id": "way/1497821342"
    },
    {
      "type": "Feature",
      "properties": {
        "@id": "way/1497821351",
        "amenity": "parking"
      },
      "geometry": {
        "type": "Polygon",
        "coordinates": [
          [
            [
              -50.5955588,
              -23.1481655
            ],
            [
              -50.595507,
              -23.148221
            ],
            [
              -50.5953791,
              -23.1481201
            ],
            [
              -50.5954309,
              -23.1480646
            ],
            [
              -50.5955588,
              -23.1481655
            ]
          ]
        ]
      },
      "id": "way/1497821351"
    },
    {
      "type": "Feature",
      "properties": {
        "@id": "node/2482902318",
        "highway": "traffic_signals"
      },
      "geometry": {
        "type": "Point",
        "coordinates": [
          -50.6550024,
          -23.1859512
        ]
      },
      "id": "node/2482902318"
    },
    {
      "type": "Feature",
      "properties": {
        "@id": "node/2482902332",
        "highway": "traffic_signals"
      },
      "geometry": {
        "type": "Point",
        "coordinates": [
          -50.6549949,
          -23.1860283
        ]
      },
      "id": "node/2482902332"
    },
    {
      "type": "Feature",
      "properties": {
        "@id": "node/2636144483",
        "highway": "traffic_signals"
      },
      "geometry": {
        "type": "Point",
        "coordinates": [
          -50.6551009,
          -23.1859624
        ]
      },
      "id": "node/2636144483"
    },
    {
      "type": "Feature",
      "properties": {
        "@id": "node/2636144485",
        "highway": "traffic_signals"
      },
      "geometry": {
        "type": "Point",
        "coordinates": [
          -50.6550914,
          -23.1860413
        ]
      },
      "id": "node/2636144485"
    },
    {
      "type": "Feature",
      "properties": {
        "@id": "node/4761745321",
        "amenity": "townhall",
        "name": "Prefeitura Municipal de Cornélio Procópio"
      },
      "geometry": {
        "type": "Point",
        "coordinates": [
          -50.6496064,
          -23.1812707
        ]
      },
      "id": "node/4761745321"
    },
    {
      "type": "Feature",
      "properties": {
        "@id": "node/5618125521",
        "addr:city": "Cornélio Procópio",
        "amenity": "pharmacy",
        "name": "Farmácia",
        "wheelchair": "yes"
      },
      "geometry": {
        "type": "Point",
        "coordinates": [
          -50.654295,
          -23.18597
        ]
      },
      "id": "node/5618125521"
    },
    {
      "type": "Feature",
      "properties": {
        "@id": "node/5878668782",
        "addr:city": "Cornélio Procópio",
        "addr:housenumber": "144",
        "addr:postcode": "86300-000",
        "addr:street": "Rua Praça Manoel Ribas",
        "addr:suburb": "Centro",
        "amenity": "hospital",
        "healthcare": "hospital",
        "healthcare:speciality": "general",
        "name": "Casa de Saúde Doutor João Lima"
      },
      "geometry": {
        "type": "Point",
        "coordinates": [
          -50.6513816,
          -23.1824063
        ]
      },
      "id": "node/5878668782"
    },
    {
      "type": "Feature",
      "properties": {
        "@id": "node/5907296111",
        "addr:city": "Cornélio Procópio",
        "addr:postcode": "86300-000",
        "addr:street": "Rodovia Melo Peixoto",
        "amenity": "police",
        "name": "Policia Rodoviária Federal",
        "operator": "Polícia Rodoviária Federal",
        "operator:wikidata": "Q1158853",
        "police": "traffic_police"
      },
      "geometry": {
        "type": "Point",
        "coordinates": [
          -50.6083718,
          -23.1600745
        ]
      },
      "id": "node/5907296111"
    },
    {
      "type": "Feature",
      "properties": {
        "@id": "node/6013272746",
        "amenity": "police",
        "police": "traffic_police"
      },
      "geometry": {
        "type": "Point",
        "coordinates": [
          -50.6314671,
          -23.2257925
        ]
      },
      "id": "node/6013272746"
    },
    {
      "type": "Feature",
      "properties": {
        "@id": "node/6421350129",
        "addr:city": "Distrito de Congonhas",
        "addr:postcode": "86305-000",
        "addr:street": "Rua Curitiba",
        "amenity": "police"
      },
      "geometry": {
        "type": "Point",
        "coordinates": [
          -50.7243846,
          -23.2038649
        ]
      },
      "id": "node/6421350129"
    },
    {
      "type": "Feature",
      "properties": {
        "@id": "node/9960088393",
        "amenity": "waste_basket"
      },
      "geometry": {
        "type": "Point",
        "coordinates": [
          -50.7314971,
          -23.2675158
        ]
      },
      "id": "node/9960088393"
    },
    {
      "type": "Feature",
      "properties": {
        "@id": "node/9960088394",
        "amenity": "waste_basket"
      },
      "geometry": {
        "type": "Point",
        "coordinates": [
          -50.7331312,
          -23.271271
        ]
      },
      "id": "node/9960088394"
    },
    {
      "type": "Feature",
      "properties": {
        "@id": "node/9963674953",
        "amenity": "waste_basket"
      },
      "geometry": {
        "type": "Point",
        "coordinates": [
          -50.733486,
          -23.2628685
        ]
      },
      "id": "node/9963674953"
    },
    {
      "type": "Feature",
      "properties": {
        "@id": "node/9963674954",
        "amenity": "waste_basket"
      },
      "geometry": {
        "type": "Point",
        "coordinates": [
          -50.7336992,
          -23.2648041
        ]
      },
      "id": "node/9963674954"
    },
    {
      "type": "Feature",
      "properties": {
        "@id": "node/9966112531",
        "leisure": "playground"
      },
      "geometry": {
        "type": "Point",
        "coordinates": [
          -50.7313979,
          -23.269717
        ]
      },
      "id": "node/9966112531"
    }
  ]
}